uniprot	symbol	taxon
A0A024R1R8	TMA7B	9606
A0A024RBG1	NUDT4B	9606
A0A075B6H7	IGKV3-7	9606
A0A075B6H8	IGKV1D-42	9606
A0A075B6H9	IGLV4-69	9606
A0A075B6I0	IGLV8-61	9606
A0A075B6I1	IGLV4-60	9606
A0A075B6I3	IGLV11-55	9606
A0A075B6I4	IGLV10-54	9606
A0A075B6I6	IGLV1-50	9606
A0A075B6I7	IGLV5-48	9606
A0A075B6I9	IGLV7-46	9606
A0A075B6J1	IGLV5-37	9606
A0A075B6J2	IGLV2-33	9606
A0A075B6J6	IGLV3-22	9606
A0A075B6J9	IGLV2-18	9606
A0A075B6K0	IGLV3-16	9606
A0A075B6K2	IGLV3-12	9606
A0A075B6K4	IGLV3-10	9606
A0A075B6K5	IGLV3-9	9606
A0A075B6K6	IGLV4-3	9606
A0A075B6L2	TRGV11	9606
A0A075B6L6	TRBV7-3	9606
A0A075B6N1	TRBV19	9606
A0A075B6N2	TRBV20-1	9606
A0A075B6N3	TRBV24-1	9606
A0A075B6N4	TRBV25-1	9606
A0A075B6P5	IGKV2-28	9606
A0A075B6Q5	IGHV3-64	9606
A0A075B6R0	TRGV2	9606
A0A075B6R2	IGHV4-4	9606
A0A075B6R9	IGKV2D-24	9606
A0A075B6S0	TRGJ1	9606
A0A075B6S2	IGKV2D-29	9606
A0A075B6S4	IGKV1D-17	9606
A0A075B6S5	IGKV1-27	9606
A0A075B6S6	IGKV2D-30	9606
A0A075B6S9	IGKV1-37	9606
A0A075B6T6	TRAV12-2	9606
A0A075B6T7	TRAV6	9606
A0A075B6T8	TRAV9-1	9606
A0A075B6U4	TRAV7	9606
A0A075B6V5	TRAV36DV7	9606
A0A075B6W5	TRAV23DV6	9606
A0A075B6X5	TRAV18	9606
A0A075B6Y3	TRAJ3	9606
A0A075B6Y9	TRAJ42	9606
A0A075B700	TRAJ31	9606
A0A075B706	TRDJ1	9606
A0A075B734	AQP7B	9606
A0A075B759	PPIAL4E	9606
A0A075B767	PPIAL4H	9606
A0A087WPF7	Auts2	10090
A0A087WRI3	Cfap77	10090
A0A087WRU1	Redic1	10090
A0A087WSX0	IGLV5-45	9606
A0A087WSY4	IGHV4-30-2	9606
A0A087WSY6	IGKV3D-15	9606
A0A087WSZ0	IGKV1D-8	9606
A0A087WSZ9	TRAV30	9606
A0A087WT01	TRAV27	9606
A0A087WT02	TRAV9-2	9606
A0A087WT03	TRAV26-1	9606
A0A087WTH1	TMEM265	9606
A0A087WUL8	NBPF19	9606
A0A087WUV0	ZNF892	9606
A0A087WV53	SPEGNB	9606
A0A087WV62	TRBV16	9606
A0A087WVF3	TBC1D3D	9606
A0A087WW87	IGKV2-40	9606
A0A087WWA1	P3R3URF	9606
A0A087WWS6	IFNA13	9606
A0A087WXM9	MEIKIN	9606
A0A087WXS9	TBC1D3I	9606
A0A087X0K7	TRBV17	9606
A0A087X0M5	TRBV18	9606
A0A087X179	TBC1D3E	9606
A0A087X1C5	CYP2D7	9606
A0A087X1G2	TBC1D3K	9606
A0A088MLT8	Iqcj-Schip1	10090
A0A096LNP1	DEFB131B	9606
A0A096LNW5	NOTCH2NLR	9606
A0A096LP01	SMIM26	9606
A0A096LP49	CCDC187	9606
A0A096LP55	UQCRHL	9606
A0A096LPI5	CCDC28A-AS1	9606
A0A096LPK9	OR4N4C	9606
A0A0A0MRZ7	IGKV2D-26	9606
A0A0A0MRZ8	IGKV3D-11	9606
A0A0A0MRZ9	IGLV5-52	9606
A0A0A0MS00	IGLV3-32	9606
A0A0A0MS01	TRGV10	9606
A0A0A0MS02	TRGV1	9606
A0A0A0MS03	TRBV5-3	9606
A0A0A0MS04	TRBV6-7	9606
A0A0A0MS05	TRBV5-7	9606
A0A0A0MS06	TRBV23-1	9606
A0A0A0MS14	IGHV1-45	9606
A0A0A0MS15	IGHV3-49	9606
A0A0A0MT36	IGKV6D-21	9606
A0A0A0MT70	TRBJ2-6	9606
A0A0A0MT76	IGLJ1	9606
A0A0A0MT78	TRBJ2-7	9606
A0A0A0MT87	TRBJ2-4	9606
A0A0A0MT89	IGKJ1	9606
A0A0A0MT94	TRBJ2-2	9606
A0A0A0MTA4	TRBJ2-5	9606
A0A0A0MTA7	TRBJ2-1	9606
A0A0A6YXX9	Catspere2	10090
A0A0A6YY25	Btbd18	10090
A0A0A6YYC5	TRAV14DV4	9606
A0A0A6YYD4	TRBV13	9606
A0A0A6YYG2	TRBV6-6	9606
A0A0A6YYG3	TRBV6-8	9606
A0A0A6YYJ7	TRAV8-3	9606
A0A0A6YYK1	TRAV8-1	9606
A0A0A6YYK4	TRBV7-1	9606
A0A0A6YYK6	TRAV16	9606
A0A0A6YYK7	TRAV19	9606
A0A0A6YYL3	POTEB	9606
A0A0B4J1F4	Arrdc4	10090
A0A0B4J1G0	Fcgr4	10090
A0A0B4J1L0	Ceacam15	10090
A0A0B4J1N3	Gpr15lg	10090
A0A0B4J1U3	IGLV1-36	9606
A0A0B4J1U4	TRGV5	9606
A0A0B4J1U6	TRBV9	9606
A0A0B4J1U7	IGHV6-1	9606
A0A0B4J1V0	IGHV3-15	9606
A0A0B4J1V1	IGHV3-21	9606
A0A0B4J1V2	IGHV2-26	9606
A0A0B4J1V6	IGHV3-73	9606
A0A0B4J1V7	IGHV7-81	9606
A0A0B4J1W7	NPIPA9	9606
A0A0B4J1X5	IGHV3-74	9606
A0A0B4J1X8	IGHV3-43	9606
A0A0B4J1Y8	IGLV9-49	9606
A0A0B4J1Y9	IGHV3-72	9606
A0A0B4J1Z2	IGKV1D-43	9606
A0A0B4J200	TRBJ2-3	9606
A0A0B4J234	TRAV2	9606
A0A0B4J235	TRAV13-2	9606
A0A0B4J237	TRAV8-2	9606
A0A0B4J238	TRAV1-2	9606
A0A0B4J240	TRAV10	9606
A0A0B4J241	TRAV13-1	9606
A0A0B4J244	TRAV3	9606
A0A0B4J245	TRAV12-1	9606
A0A0B4J248	TRAV1-1	9606
A0A0B4J249	TRAV5	9606
A0A0B4J262	TRAV8-6	9606
A0A0B4J263	TRAV39	9606
A0A0B4J264	TRAV38-1	9606
A0A0B4J265	TRAV26-2	9606
A0A0B4J266	TRAV41	9606
A0A0B4J268	TRAV4	9606
A0A0B4J271	TRAV12-3	9606
A0A0B4J272	TRAV24	9606
A0A0B4J273	TRAV34	9606
A0A0B4J274	TRAV20	9606
A0A0B4J275	TRAV17	9606
A0A0B4J276	TRAV25	9606
A0A0B4J277	TRAV22	9606
A0A0B4J279	TRAV21	9606
A0A0B4J280	TRAV40	9606
A0A0B4J2A2	PPIAL4C	9606
A0A0B4J2D9	IGKV1D-13	9606
A0A0B4J2E0	TRBV12-4	9606
A0A0B4J2F0	PIGBOS1	9606
A0A0B4J2H0	IGHV1-69D	9606
A0A0C4DGP1	SMIM10L3	9606
A0A0C4DH24	IGKV6-21	9606
A0A0C4DH25	IGKV3D-20	9606
A0A0C4DH26	IGKV6D-41	9606
A0A0C4DH27	TRGV8	9606
A0A0C4DH28	TRGV4	9606
A0A0C4DH29	IGHV1-3	9606
A0A0C4DH30	IGHV3-16	9606
A0A0C4DH31	IGHV1-18	9606
A0A0C4DH32	IGHV3-20	9606
A0A0C4DH33	IGHV1-24	9606
A0A0C4DH34	IGHV4-28	9606
A0A0C4DH35	IGHV3-35	9606
A0A0C4DH36	IGHV3-38	9606
A0A0C4DH38	IGHV5-51	9606
A0A0C4DH39	IGHV1-58	9606
A0A0C4DH41	IGHV4-61	9606
A0A0C4DH42	IGHV3-66	9606
A0A0C4DH43	IGHV2-70D	9606
A0A0C4DH55	IGKV3D-7	9606
A0A0C4DH59	TRBV5-4	9606
A0A0C4DH62	IGHJ1	9606
A0A0C4DH67	IGKV1-8	9606
A0A0C4DH68	IGKV2-24	9606
A0A0C4DH69	IGKV1-9	9606
A0A0C4DH72	IGKV1-6	9606
A0A0C4DH73	IGKV1-12	9606
A0A0C5B5G6	MT-RNR1	9606
A0A0D9SF12	CCDC163	9606
A0A0G2JDV3	Gbp6	10090
A0A0G2JEB6	Cfap47	10090
A0A0G2JMD5	PRAMEF33	9606
A0A0G2JMI3	IGHV1-69-2	9606
A0A0G2JS06	IGLV5-39	9606
A0A0J9YVY3	IGHV7-4-1	9606
A0A0J9YWL9	TEX13C	9606
A0A0J9YWP8	TRBJ1-3	9606
A0A0J9YWX3	TRBJ1-6	9606
A0A0J9YX06	TRBJ1-2	9606
A0A0J9YX35	IGHV3-64D	9606
A0A0J9YX57	MAGEB6B	9606
A0A0J9YX75	TRBV6-9	9606
A0A0J9YX94	PNMA6F	9606
A0A0J9YXA8	TRBJ1-1	9606
A0A0J9YXG5	TRBJ1-4	9606
A0A0J9YXM7	TRBJ1-5	9606
A0A0J9YXQ4	PNMA6E	9606
A0A0J9YXV3	GREP1	9606
A0A0J9YXX1	IGHV5-10-1	9606
A0A0J9YXY3	TRBV6-2	9606
A0A0J9YY54	TEX13D	9606
A0A0K0K1A3	TRBV10-1	9606
A0A0K0K1A5	TRBV6-5	9606
A0A0K0K1B3	TRBV30	9606
A0A0K0K1C0	TRBV11-1	9606
A0A0K0K1C4	TRBV27	9606
A0A0K0K1D8	TRBV6-1	9606
A0A0K0K1E9	TRBV7-7	9606
A0A0K0K1G6	TRBV10-3	9606
A0A0K0K1G8	TRBV10-2	9606
A0A0K2S4Q6	CD300H	9606
A0A0M3U1B0	Sycp2l	10090
A0A0U1RPR8	Gucy2d	10090
A0A0U1RQ45	Tmem275	10090
A0A0U1RQE8	GLYATL1B	9606
A0A0U1RQF7	DPEP2NB	9606
A0A0U1RQG5	CT47C1	9606
A0A0U1RQI7	KLF18	9606
A0A0U1RQS6	TMEM275	9606
A0A0U1RR11	CENPVL1	9606
A0A0U1RR37	C1orf232	9606
A0A0U1RRA0	ZNF593OS	9606
A0A0U1RRE5	NBDY	9606
A0A0U1RRI6	CENPVL3	9606
A0A0U1RRK4	LBHD2	9606
A0A0U1RRL7	MMP24OS	9606
A0A0U1RRN3	MISFA	9606
A0A0X1KG70	OR4M2B	9606
A0A140LHF2	Vsig10l2	10090
A0A140LHV9	Tzmp1	10090
A0A140LI67	Frmpd2	10090
A0A140LI88	Ankrd31	10090
A0A140LIA7	Gm29797	10090
A0A140LIF8	Irgm2	10090
A0A140LIJ0	Dcst2	10090
A0A140LIT1	Ccdc194	10090
A0A183	LCE6A	9606
A0A1B0GQX2	Tunar	10090
A0A1B0GQX3	Ctxnd2	10090
A0A1B0GR13	Cylc1	10090
A0A1B0GRQ0	Smim36	10090
A0A1B0GRQ3	Tincr	10090
A0A1B0GSN8	Sertm2	10090
A0A1B0GST9	Ctxnd1	10090
A0A1B0GSZ0	Spaar	10090
A0A1B0GTB2	TUNAR	9606
A0A1B0GTC6	C3orf85	9606
A0A1B0GTD5	SPMIP11	9606
A0A1B0GTH6	CSNK2A2IP	9606
A0A1B0GTH9	ZNF475	9606
A0A1B0GTI1	CCDC201	9606
A0A1B0GTI8	TMEM272	9606
A0A1B0GTJ6	SAXO3	9606
A0A1B0GTK4	FAM237A	9606
A0A1B0GTK5	FAM236D	9606
A0A1B0GTL2	C20orf204	9606
A0A1B0GTQ4	MYMX	9606
A0A1B0GTR0	EDDM13	9606
A0A1B0GTR3	CXorf51A	9606
A0A1B0GTR4	SPRR5	9606
A0A1B0GTS1	HSFX4	9606
A0A1B0GTU1	ZC3H11B	9606
A0A1B0GTU2	CTXND1	9606
A0A1B0GTW7	CIROP	9606
A0A1B0GTY4	TEX50	9606
A0A1B0GTZ2	CCDC196	9606
A0A1B0GU29	SMIM28	9606
A0A1B0GU33	TEX53	9606
A0A1B0GU71	CFAP97D2	9606
A0A1B0GUA5	SMIM32	9606
A0A1B0GUA6	CCDC195	9606
A0A1B0GUA7	TEX51	9606
A0A1B0GUA9	C13orf46	9606
A0A1B0GUC4	MYOCOS	9606
A0A1B0GUI7	BRD3OS	9606
A0A1B0GUJ8	PNMA8C	9606
A0A1B0GUQ0	FAM236A	9606
A0A1B0GUS0	C19orf85	9606
A0A1B0GUS4	UBE2L5	9606
A0A1B0GUT2	C10orf143	9606
A0A1B0GUU1	C17orf113	9606
A0A1B0GUV1	C17orf114	9606
A0A1B0GUV7	TEX48	9606
A0A1B0GUW6	SPEM3	9606
A0A1B0GUW7	TZMP1	9606
A0A1B0GUX0	SPMIP1	9606
A0A1B0GUY1	MARCOL	9606
A0A1B0GV03	GOLGA6L7	9606
A0A1B0GV22	FAM236B	9606
A0A1B0GV85	REELD1	9606
A0A1B0GV90	CTXND2	9606
A0A1B0GV96	CHD9NB	9606
A0A1B0GVB3	C7orf78	9606
A0A1B0GVD1	FAM237B	9606
A0A1B0GVG4	CCDC194	9606
A0A1B0GVG6	TEX54	9606
A0A1B0GVH4	PRSS51	9606
A0A1B0GVH6	C13orf42	9606
A0A1B0GVH7	IQCM	9606
A0A1B0GVK7	FAM240A	9606
A0A1B0GVM5	ETDC	9606
A0A1B0GVM6	C11orf97	9606
A0A1B0GVN3	C2orf92	9606
A0A1B0GVQ0	SPAAR	9606
A0A1B0GVQ3	CCDC200	9606
A0A1B0GVR7	FAM240C	9606
A0A1B0GVS7	MDFIC2	9606
A0A1B0GVT2	SMIM36	9606
A0A1B0GVV1	SMIM35	9606
A0A1B0GVX0	LITAFD	9606
A0A1B0GVY4	SMIM31	9606
A0A1B0GVZ2	FAM240B	9606
A0A1B0GVZ6	MBD3L2B	9606
A0A1B0GVZ9	TMEM269	9606
A0A1B0GW35	EXOC1L	9606
A0A1B0GW54	SMIM39	9606
A0A1B0GW64	SMIM33	9606
A0A1B0GWB2	PRRT1B	9606
A0A1B0GWG4	SERTM2	9606
A0A1B0GWH4	HSFX3	9606
A0A1B0GWH6	LASP1NB	9606
A0A1B0GWI6	CXorf49C	9606
A0A1B0GWK0	PVALEF	9606
A0A1B0GX31	TRBV7-6	9606
A0A1B0GX49	TRBV6-4	9606
A0A1B0GX51	TRBV7-8	9606
A0A1B0GX56	TRDV1	9606
A0A1B0GX68	TRBV2	9606
A0A1B0GX78	TRBV12-5	9606
A0A1B0GX95	TRBV7-4	9606
A0A1B0GXF2	TRBV7-2	9606
A0A1D5RMD1	Iqcn	10090
A0A1D9BZF0	Gcna	10090
A0A1L1SUL6	Nme9	10090
A0A1W2P7I0	Kantr	10090
A0A1W2P872	Nova2	10090
A0A1W2P884	Cep85l	10090
A0A1W2PP81	TAF11L5	9606
A0A1W2PP97	THSD8	9606
A0A1W2PPD8	KDM4F	9606
A0A1W2PPE2	TAF11L4	9606
A0A1W2PPE3	C1orf202	9606
A0A1W2PPF3	DUXB	9606
A0A1W2PPG7	GNG14	9606
A0A1W2PPH5	TAF11L13	9606
A0A1W2PPK0	CPHXL2	9606
A0A1W2PPL8	TAF11L14	9606
A0A1W2PPM1	CPHXL	9606
A0A1W2PPW3	TAF11L12	9606
A0A1W2PQ09	TAF11L11	9606
A0A1W2PQ27	SSU72L1	9606
A0A1W2PQ64	SSU72L5	9606
A0A1W2PQ72	MSANTD7	9606
A0A1W2PQ73	ERFL	9606
A0A1W2PQC6	SSU72L4	9606
A0A1W2PQD8	SSU72L2	9606
A0A1W2PQJ5	SSU72L3	9606
A0A1W2PQL4	ZNF722	9606
A0A1W2PQU2	KANTR	9606
A0A1W2PR19	GSTT4	9606
A0A1W2PR48	TLE7	9606
A0A1W2PR64	TAF11L9	9606
A0A1W2PR75	SSU72L6	9606
A0A1W2PR82	PERCC1	9606
A0A1W2PR95	IGBP1C	9606
A0A1W2PRP0	FOXL3	9606
A0A1W2PRV1	TAF11L3	9606
A0A1W2PS18	PMIS2	9606
A0A1Z4VJI9	Fam237a	10090
A0A286YD83	Smim43	10090
A0A286YDK6	Percc1	10090
A0A286YEC0	Cirop	10090
A0A286YEU6	OR1R1	9606
A0A286YEV6	SCYGR4	9606
A0A286YEX9	SCYGR10	9606
A0A286YEY9	SCYGR1	9606
A0A286YF01	SCYGR7	9606
A0A286YF18	SMIM44	9606
A0A286YF46	SCYGR5	9606
A0A286YF58	TMEM271	9606
A0A286YF60	SCYGR3	9606
A0A286YF77	SCYGR6	9606
A0A286YFB4	SCYGR2	9606
A0A286YFG1	SCYGR8	9606
A0A286YFK9	SMIM38	9606
A0A2R8VHF7	Catsperq	10090
A0A2R8VHR8	Ddit3	10090
A0A2R8VJU7	Septin12	10090
A0A2R8Y2Y2	C8orf90	9606
A0A2R8Y4L2	HNRNPA1L3	9606
A0A2R8Y4L6	OR5D3	9606
A0A2R8Y4Y8	OOSP4B	9606
A0A2R8Y619	H2BK1	9606
A0A2R8Y7D0	TINCR	9606
A0A2R8Y7Y5	CIST1	9606
A0A2R8YCJ5	SMIM41	9606
A0A2R8YED5	OR5BS1	9606
A0A2R8YFL7	OOSP4A	9606
A0A2R8YFM6	OOSP3	9606
A0A2Z4LIS9	FOXO3B	9606
A0A338P6K9	Qser1	10090
A0A3B3IRV3	MCTS2	9606
A0A3B3IS91	POLGARF	9606
A0A3B3IT33	TRIM51G	9606
A0A3B3IT45	OR51C1	9606
A0A3B3IT52	MSANTD5	9606
A0A3B3IU46	RAMACL	9606
A0A3B3IU63	H2AL3	9606
A0A3G1DIU6	MT-RNR2	9606
A0A3G1DJK2	MT-RNR2	9606
A0A3G1DJL1	MT-RNR2	9606
A0A3G1DJL7	MT-RNR2	9606
A0A3G1DJN1	MT-RNR2	9606
A0A3G1DJQ2	MT-RNR2	9606
A0A411D538	SCPPPQ1	9606
A0A455ZAR2	LINC-PINT	9606
A0A494BA31	Slc4a9	10090
A0A494BZU4	TMEM217B	9606
A0A494C071	PWWP4	9606
A0A494C086	SPDYE21	9606
A0A494C0N9	FAM246B	9606
A0A494C0Y3	FAM246A	9606
A0A494C0Z2	SPDYE13	9606
A0A494C103	SPADH	9606
A0A494C191	SPDYE9	9606
A0A494C1I1	SMIM48	9606
A0A494C1R9	TSPY9	9606
A0A539	TRBV4-2	9606
A0A571BE98	Lsmem2	10090
A0A571BEE2	Cylc2	10090
A0A571BF63	Ankfn1	10090
A0A576	TRBV3-1	9606
A0A577	TRBV4-1	9606
A0A578	TRBV5-1	9606
A0A584	TRBV11-2	9606
A0A589	TRBV4-3	9606
A0A590UK83	SMIM45	9606
A0A597	TRBV5-5	9606
A0A599	TRBV5-6	9606
A0A5A2	TRBV5-8	9606
A0A5A6	TRBV11-3	9606
A0A5B0	TRBV14	9606
A0A5B6	TRBV28	9606
A0A5B7	TRBV29-1	9606
A0A5B9	TRBC2	9606
A0A5F8MPU3	Catspert	10090
A0A5F9ZH02	SMIM42	9606
A0A5F9ZHS7	NFILZ	9606
A0A5K7RLP0	Meiosin	10090
A0A6I8MX38	Tug1	10090
A0A6I8PU40	TUG1	9606
A0A7I2V3R4	RNF228	9606
A0A7L8Y648	AQP5-AS1	9606
A0A7N9VSG0	Afg2b	10090
A0A7P0TBJ1	HAPSTR2	9606
A0A804C8T0	Hapstr2	10090
A0A804HLA8	GNG5B	9606
A0A8I5KQE6	RPSA2	9606
A0A8I5KY20	CCDC92B	9606
A0A8V8TMC4	CCNYL1B	9606
A0A8V8TNH8	FAM90A11	9606
A0A8V8TPE2	FAM90A3	9606
A0AAQ4VMX2	C4a	10090
A0AUP1	Ccdc112	10090
A0AUV4	Gm7168	10090
A0AUZ9	KANSL1L	9606
A0AV02	SLC12A8	9606
A0AV96	RBM47	9606
A0AVF1	IFT56	9606
A0AVI2	FER1L5	9606
A0AVI4	TMEM129	9606
A0AVK6	E2F8	9606
A0AVT1	UBA6	9606
A0FGR8	ESYT2	9606
A0FGR9	ESYT3	9606
A0JD32	TRAV38-2DV8	9606
A0JD36	TRDV2	9606
A0JD37	TRDV3	9606
A0JLT2	MED19	9606
A0JLY1	Cfap210	10090
A0JNT9	Bicdl1	10090
A0JNU3	Aspg	10090
A0JNW5	BLTP3B	9606
A0JP26	POTEB3	9606
A0JP43	Efcab5	10090
A0M8Q6	IGLC7	9606
A0MZ66	SHTN1	9606
A0PG75	PLSCR5	9606
A0PJE2	DHRS12	9606
A0PJK1	SLC5A10	9606
A0PJN4	Ube2ql1	10090
A0PJW6	TMEM223	9606
A0PJW8	DAPL1	9606
A0PJX0	CIB4	9606
A0PJX2	TLDC2	9606
A0PJX4	SHISA3	9606
A0PJX8	TMEM82	9606
A0PJY2	FEZF1	9606
A0PJZ0	ANKRD20A5P	9606
A0PJZ3	GXYLT2	9606
A0PK00	TMEM120B	9606
A0PK05	TMEM72	9606
A0PK11	CLRN2	9606
A0PK84	Zdhhc22	10090
A0ZSE6	TMEM30CP	9606
A1A4F0	SLC66A1LP	9606
A1A4G5	LNP1	9606
A1A4S6	ARHGAP10	9606
A1A4V9	CFAP119	9606
A1A4Y4	IRGM	9606
A1A519	FAM170A	9606
A1A535	Veph1	10090
A1A546	Isx	10090
A1A547	Pglyrp3	10090
A1A580	KRTAP23-1	9606
A1A5B4	ANO9	9606
A1A5B6	Tbc1d25	10090
A1A5C7	SLC22A23	9606
A1A5D9	BICDL2	9606
A1E959	ODAM	9606
A1E960	Odam	10090
A1EGX6	Fscb	10090
A1IGU4	Arhgef37	10090
A1IGU5	ARHGEF37	9606
A1KXC4	Fcmr	10090
A1KXE4	FAM168B	9606
A1KZ92	PXDNL	9606
A1L020	MEX3A	9606
A1L0T0	HACL2	9606
A1L0T3	Ssc4d	10090
A1L157	TSPAN11	9606
A1L162	ERICH2	9606
A1L167	UBE2QL1	9606
A1L168	C20orf202	9606
A1L170	C1orf226	9606
A1L188	NDUFAF8	9606
A1L190	SYCE3	9606
A1L1A6	IGSF23	9606
A1L314	Mpeg1	10090
A1L317	Krt24	10090
A1L390	PLEKHG3	9606
A1L3C1	Garin5a	10090
A1L3P4	Slc9a6	10090
A1L3T7	Ripor3	10090
A1L3X0	ELOVL7	9606
A1L3X4	MT1DP	9606
A1L429	GAGE12B; GAGE12C; GAGE12D; GAGE12E	9606
A1L443	NUTM2F	9606
A1L453	PRSS38	9606
A1L4H1	SSC5D	9606
A1L4K1	FSD2	9606
A1L4L8	PLAC8L1	9606
A1X283	SH3PXD2B	9606
A1XBS5	CIBAR1	9606
A1Y9I9	Tomt	10090
A1YIY0	Fcrl6	10090
A1YPR0	ZBTB7C	9606
A1Z198	Nlrp1b	10090
A1Z1Q3	MACROD2	9606
A2A259	Pkd2l1	10090
A2A288	ZC3H12D	9606
A2A2V5	SERTM1	9606
A2A2Y4	FRMD3	9606
A2A2Z9	ANKRD18B	9606
A2A368	MAGEB16	9606
A2A3K4	PTPDC1	9606
A2A3L6	TTC24	9606
A2A3N6	PIPSL	9606
A2A3V1	Akap17b	10090
A2A3V2	Slc25a43	10090
A2A432	Cul4b	10090
A2A4P0	Dhx8	10090
A2A559	Pgap3	10090
A2A591	Krtap3-1	10090
A2A5E6	Znf385c	10090
A2A5H7	Wfdc11	10090
A2A5I3	R3hdml	10090
A2A5K6	Znf335	10090
A2A5N3	Pabpc1l	10090
A2A5N8	L3mbtl1	10090
A2A5R2	Arfgef2	10090
A2A5X4	Krtap29-1	10090
A2A5X5	Krtap16-1	10090
A2A5Z6	Smurf2	10090
A2A690	Tanc2	10090
A2A699	Fam171a2	10090
A2A6A1	Gpatch8	10090
A2A6C4	Sppl2c	10090
A2A6H3	Fbxo47	10090
A2A6M5	Calcoco2	10090
A2A6Q5	Cdc27	10090
A2A6T1	Cdr2l	10090
A2A761	Zfp69	10090
A2A791	Zmym4	10090
A2A7Q9	Rnf19b	10090
A2A7S8	Nhsl3	10090
A2A7V7	Cd300c	10090
A2A7Y5	Miip	10090
A2A7Z8	Aadacl3	10090
A2A825	Cplane2	10090
A2A863	Itgb4	10090
A2A870	Fbf1	10090
A2A884	Hivep3	10090
A2A891	Camta1	10090
A2A8L1	Chd5	10090
A2A8L5	Ptprf	10090
A2A8T7	Tex38	10090
A2A8U2	Tmem201	10090
A2A8Z1	Osbpl9	10090
A2A935	Prdm16	10090
A2A974	Cyp4a12b	10090
A2A995	Fyb2	10090
A2A9A2	Dmrta2	10090
A2A9C3	Szt2	10090
A2A9F4	Kdf1	10090
A2A9G7	Shisal2a	10090
A2A9I7	Dmrtb1	10090
A2A9Q0	Fndc10	10090
A2A9R3	Mageb4	10090
A2A9T0	Tbkbp1	10090
A2AA28	Mettl23	10090
A2AAE1	Bltp1	10090
A2AAJ9	Obscn	10090
A2AAX3	Klhl15	10090
A2AAY5	Sh3pxd2b	10090
A2AB59	Arhgap27	10090
A2ABU4	Myom3	10090
A2ABV5	Med14	10090
A2AC93	Dnai2	10090
A2ACG1	Tldc2	10090
A2ACJ2	Faap100	10090
A2ACP1	Ttc39a	10090
A2AD83	Frmd7	10090
A2ADA5	Pusl1	10090
A2ADF7	Slc25a34	10090
A2ADU8	Dgat2l6	10090
A2ADU9	Awat1	10090
A2ADY9	Ddi2	10090
A2ADZ8	Iqcc	10090
A2AE20	Spaca5	10090
A2AE42	Cyb561d1	10090
A2AED3	Fndc7	10090
A2AEP0	Obp1b	10090
A2AEV7	Ccdc120	10090
A2AEY4	Map7d3	10090
A2AF47	Dock11	10090
A2AF53	Tmem185a	10090
A2AFE9	Prr32	10090
A2AFR3	Frmpd4	10090
A2AFS3	Elapor1	10090
A2AFS9	Tex13a	10090
A2AG06	Meioc	10090
A2AG50	Map7d2	10090
A2AG58	Bclaf3	10090
A2AGA4	Rhbdl2	10090
A2AGB2	Gm12695	10090
A2AGH6	Med12	10090
A2AGL3	Ryr3	10090
A2AGT5	Ckap5	10090
A2AGX3	Prdm11	10090
A2AH22	Ambra1	10090
A2AHC3	Camsap1	10090
A2AHG0	Lzts3	10090
A2AHJ4	Brwd3	10090
A2AHL1	Ano3	10090
A2AI05	Ndor1	10090
A2AI08	Tprn	10090
A2AIG8	Accs	10090
A2AIL4	Ndufaf6	10090
A2AIP0	Cimip2b	10090
A2AIR5	Grin3a	10090
A2AIV2	Virma	10090
A2AIV8	Card9	10090
A2AIW0	Entr1	10090
A2AJ15	Man1b1	10090
A2AJ76	Hmcn2	10090
A2AJ77	Prdm12	10090
A2AJ88	Pnpla7	10090
A2AJA7	Mamdc4	10090
A2AJA9	Ajm1	10090
A2AJB1	Ccdc183	10090
A2AJB2	Tmem141	10090
A2AJB7	Lcn5	10090
A2AJI0	Map7d1	10090
A2AJK6	Chd7	10090
A2AJL3	Fggy	10090
A2AJN7	Slc4a11	10090
A2AJQ3	Dpy19l4	10090
A2AJT4	Pnisr	10090
A2AJT9	BCLAF3	9606
A2AJX4	Malrd1	10090
A2AKB4	Frmpd1	10090
A2AKB9	Dcaf10	10090
A2AKE7	Actl10	10090
A2AKG8	Focad	10090
A2AKK5	Acnat1	10090
A2AKM2	Hacd4	10090
A2AKQ0	Slc35d1	10090
A2AKQ8	Ift70a2	10090
A2AKX3	Setx	10090
A2AKY4	Znf804a	10090
A2AL36	Cntrl	10090
A2ALI5	Ajap1	10090
A2ALK8	Ptpn3	10090
A2ALS5	Rap1gap	10090
A2ALU4	Shroom2	10090
A2ALV5	Shoc1	10090
A2ALW5	Dnajc25	10090
A2AM05	Cntln	10090
A2AM29	Mllt3	10090
A2AMM0	Cavin4	10090
A2AMT1	Bfsp1	10090
A2AMZ4	Ndufaf8	10090
A2AN08	Ubr4	10090
A2ANU3	Syndig1	10090
A2ANX9	Znf711	10090
A2AP18	Plch2	10090
A2APA5	Fam209	10090
A2APB8	Tpx2	10090
A2APC3	Ttll9	10090
A2APF3	Ctcfl	10090
A2APT9	Klhdc7a	10090
A2APV2	Fmnl2	10090
A2APX8	Scn1a	10090
A2APY7	Ndufaf5	10090
A2AQ07	Tubb1	10090
A2AQ14	Oip5	10090
A2AQ19	Rtf1	10090
A2AQ25	Skt	10090
A2AQ92	Duox1	10090
A2AQH4	Bcorl1	10090
A2AQP0	Myh7b	10090
A2AQW0	Map3k15	10090
A2AR02	Ppig	10090
A2AR50	Ralgps1	10090
A2AR95	Ldlrad3	10090
A2ARA8	Itga8	10090
A2ARI4	Lgr4	10090
A2ARJ3	Tmem236	10090
A2ARK0	Fam83c	10090
A2ARM1	Patl2	10090
A2ARP1	Ppip5k1	10090
A2ARP9	Catsper2	10090
A2ARS0	Ankrd63	10090
A2ARV4	Lrp2	10090
A2ARZ3	Fsip2	10090
A2AS55	Ankrd16	10090
A2AS89	Agmat	10090
A2ASA8	Itpripl1	10090
A2ASI5	Scn3a	10090
A2ASQ1	Agrn	10090
A2ASS6	Ttn	10090
A2ASZ8	Slc25a25	10090
A2AT37	Upf2	10090
A2ATD1	Ism1	10090
A2ATU0	Dhtkd1	10090
A2AU37	Rad21l1	10090
A2AU72	Armc3	10090
A2AUC9	Klhl41	10090
A2AUM9	Cep152	10090
A2AUQ7	Ggta1l1	10090
A2AUU0	Mettl8	10090
A2AUY4	Baz2b	10090
A2AV25	Fibcd1	10090
A2AVA0	Svep1	10090
A2AVJ5	Prr5l	10090
A2AVQ5	Cimap2	10090
A2AVR2	Mroh7	10090
A2AVZ9	Slc43a3	10090
A2AWA9	Rabgap1	10090
A2AWL7	Mga	10090
A2AWP0	Birc7	10090
A2AWP8	Arhgef10l	10090
A2AWR3	Gpr155	10090
A2AWT3	Atxn7l3	10090
A2AX52	Col6a4	10090
A2BDP1	Nalf2	10090
A2BDX3	Mocs3	10090
A2BDX4	Kcng1	10090
A2BE28	Las1l	10090
A2BFL2	Zyg11a	10090
A2BGH0	Bpifb4	10090
A2BGJ5	Zmynd12	10090
A2BH40	Arid1a	10090
A2BIM8	Mup18	10090
A2CE44	Zxdb	10090
A2CG49	Kalrn	10090
A2CG63	Arid4b	10090
A2CI98	Dytn	10090
A2CJ06	DYTN	9606
A2IDD5	CCDC78	9606
A2JGV3	TRGC1	9606
A2KF29	Smoktcr	10090
A2NJV5	IGKV2-29	9606
A2PYH4	HFM1	9606
A2RRD8	ZNF320	9606
A2RRH5	WDR27	9606
A2RRL7	TMEM213	9606
A2RRP1	NBAS	9606
A2RRY8	Spats1	10090
A2RSJ4	Bltp3b	10090
A2RSQ0	Dennd5b	10090
A2RSQ1	Glb1l3	10090
A2RST1	Mgst2	10090
A2RSX4	Stpg3	10090
A2RSX7	Tyw5	10090
A2RSY1	Kansl3	10090
A2RSY6	Trmt1l	10090
A2RT60	Htra4	10090
A2RT62	Fbxl16	10090
A2RT67	Dennd3	10090
A2RT91	Ankar	10090
A2RTF1	Catsperb	10090
A2RTL5	Rsrc2	10090
A2RTX5	TARS3	9606
A2RTY3	HEATR9	9606
A2RU14	TMEM218	9606
A2RU30	TESPA1	9606
A2RU37	LINC02872	9606
A2RU48	SMCO3	9606
A2RU49	HYKK	9606
A2RU54	HMX2	9606
A2RU67	FAM234B	9606
A2RUB1	MEIOC	9606
A2RUB6	CCDC66	9606
A2RUC4	TYW5	9606
A2RUH7	MYBPHL	9606
A2RUQ5	TMEM132E-DT	9606
A2RUR9	CCDC144A	9606
A2RUS2	DENND3	9606
A2RUT3	TMEM89	9606
A2RUU4	CLPSL1	9606
A2TJV2	Palm3	10090
A2VCK2	DCDC2B	9606
A2VDF0	FUOM	9606
A2VDH3	Lrrc38	10090
A2VDJ0	TMEM131L	9606
A2VEC9	SSPOP	9606
A3FIN4	Atp8b5	10090
A3KFM7	Chd6	10090
A3KFT3	OR2M5	9606
A3KFU9	Disp3	10090
A3KFX0	Nt5c1a	10090
A3KG59	Pm20d2	10090
A3KGA4	Tceal7	10090
A3KGB4	Tbc1d8b	10090
A3KGF7	Plcb2	10090
A3KGF9	Ccdc9b	10090
A3KGK3	Fer1l4	10090
A3KGS3	Ralgapa2	10090
A3KGV1	Odf2	10090
A3KGW5	Cercam	10090
A3KMH1	VWA8	9606
A3KMN5	Prr16	10090
A3KMP2	Ttc38	10090
A3KN83	SBNO1	9606
A3QJZ6	PRAMEF22	9606
A3QJZ7	PRAMEF27	9606
A4D0S4	LAMB4	9606
A4D0T7	SMIM30	9606
A4D0V7	CPED1	9606
A4D0Y5	LINC03043	9606
A4D126	CRPPA	9606
A4D161	FAM221A	9606
A4D1B5	GSAP	9606
A4D1E1	ZNF804B	9606
A4D1E9	GTPBP10	9606
A4D1F6	LRRD1	9606
A4D1P6	WDR91	9606
A4D1S0	KLRG2	9606
A4D1S5	RAB19	9606
A4D1T9	PRSS37	9606
A4D1U4	DENND11	9606
A4D1Z8	GRIFIN	9606
A4D250	BLACE	9606
A4D256	CDC14C	9606
A4D263	SPMIP7	9606
A4D2B0	MBLAC1	9606
A4D2B8	PMS2P1	9606
A4D2G3	OR2A25	9606
A4D2H0	CTAGE15	9606
A4D2P6	GRID2IP	9606
A4FU01	MTMR11	9606
A4FU28	CTAGE9	9606
A4FU49	SH3D21	9606
A4FU69	EFCAB5	9606
A4FUP9	Glt1d1	10090
A4FUQ5	Fpr-rs4	10090
A4GXA9	EME2	9606
A4IF30	SLC35F4	9606
A4Q9E4	Ttll2	10090
A4Q9E5	Ttll3	10090
A4Q9E8	Ttll6	10090
A4Q9F0	Ttll7	10090
A4Q9F1	Ttll8	10090
A4Q9F3	Ttll10	10090
A4Q9F4	Ttll11	10090
A4Q9F6	Ttll13	10090
A4QMS7	CFAP90	9606
A4QN01	LINC01553	9606
A4QPB2	LRP5L	9606
A4QPC6	Btn2a2	10090
A4QPH2	PI4KAP2	9606
A4UGR9	XIRP2	9606
A4UUI3	Gbp4	10090
A5A3E0	POTEF	9606
A5D6W6	FITM1	9606
A5D8T8	CLEC18A	9606
A5D8V6	VPS37C	9606
A5D8V7	ODAD3	9606
A5D8W1	CFAP69	9606
A5LHX3	PSMB11	9606
A5PKW4	PSD	9606
A5PL33	KRABD3	9606
A5PLK6	RGSL1	9606
A5PLL1	ANKRD34B	9606
A5PLL7	PEDS1	9606
A5PLN7	FAM149A	9606
A5PLN9	TRAPPC13	9606
A5X5Y0	HTR3E	9606
A5YKK6	CNOT1	9606
A5YM69	ARHGEF35	9606
A5YM72	CARNS1	9606
A6BLY7	Krt28	10090
A6BM72	MEGF11	9606
A6H584	Col6a5	10090
A6H5X4	Phf11	10090
A6H5Y1	Mphosph9	10090
A6H5Y3	Mtr	10090
A6H5Z3	Exoc6b	10090
A6H603	Nwd1	10090
A6H611	Mipep	10090
A6H619	Phrf1	10090
A6H630	Dcph1	10090
A6H639	Drc5	10090
A6H666	Cox8c	10090
A6H684	Mgat4e	10090
A6H687	Sac3d1	10090
A6H690	Drc11l	10090
A6H694	Lrrc63	10090
A6H6A4	Lrriq4	10090
A6H6A9	Rabgap1l	10090
A6H6E2	Mmrn2	10090
A6H6E9	Ttc23l	10090
A6H6Q4	Tektip1	10090
A6H6T1	Prss40	10090
A6H8H2	Dennd4c	10090
A6H8H5	Kcnb2	10090
A6H8M9	CDHR4	9606
A6H8Y1	BDP1	9606
A6H8Z2	FAM221B	9606
A6NC05	C5orf63	9606
A6NC42	DPPA5	9606
A6NC51	TMEM150B	9606
A6NC57	ANKRD62	9606
A6NC62	RBAKDN	9606
A6NC78	GOLGA8IP	9606
A6NC86	PINLYP	9606
A6NC97	ARB2BP	9606
A6NC98	CCDC88B	9606
A6NCC3	GOLGA8O	9606
A6NCE7	MAP1LC3B2	9606
A6NCF5	KLHL33	9606
A6NCF6	MAGEA13P	9606
A6NCI4	VWA3A	9606
A6NCI5	LINC00862	9606
A6NCI8	C2orf78	9606
A6NCJ1	TEKTIP1	9606
A6NCK2	TRIM43B	9606
A6NCL1	GMNC	9606
A6NCL2	LRCOL1	9606
A6NCL7	ANKRD33B	9606
A6NCM1	DRC11L	9606
A6NCN2	KRT87P	9606
A6NCN8	TEX52	9606
A6NCQ9	RNF222	9606
A6NCS4	NKX2-6	9606
A6NCS6	C2orf72	9606
A6NCV1	OR6C74	9606
A6NCW0	USP17L3	9606
A6NCW7	USP17L4	9606
A6ND01	IZUMO1R	9606
A6ND36	FAM83G	9606
A6ND48	OR14I1	9606
A6ND91	ASPDH	9606
A6NDA9	LRIT2	9606
A6NDB9	PALM3	9606
A6NDD5	SYNDIG1L	9606
A6NDE4	RBMY1B	9606
A6NDE8	GAGE12H	9606
A6NDG6	PGP	9606
A6NDH6	OR5H15	9606
A6NDI0	TRIM49B	9606
A6NDK9	GOLGA6C	9606
A6NDL7	METTL21EP	9606
A6NDL8	OR6C68	9606
A6NDN3	GOLGA6B	9606
A6NDP7	MYADML2	9606
A6NDR6	MEIS3P1	9606
A6NDS4	TBC1D3B	9606
A6NDU8	RIMOC1	9606
A6NDV4	TMEM8B	9606
A6NDX5	ZNF840P	9606
A6NDY0	PABPN1L	9606
A6NDY2	FAM90A10	9606
A6NDZ8	MBD3L4	9606
A6NE01	FAM186A	9606
A6NE02	BTBD17	9606
A6NE52	WDR97	9606
A6NE82	MBD3L3	9606
A6NEC2	NPEPPSL1	9606
A6NED2	RCCD1	9606
A6NEE1	PLEKHD1	9606
A6NEF3	GOLGA6L4	9606
A6NEH6	TMEM247	9606
A6NEH8	ZNF503-AS2	9606
A6NEK1	ARRDC5	9606
A6NEL2	SOWAHB	9606
A6NEL3	FAM86C2P	9606
A6NEM1	GOLGA6L9	9606
A6NEN9	CXorf65	9606
A6NEQ0	RBMY1E	9606
A6NEQ2	FAM181B	9606
A6NER0	TBC1D3F	9606
A6NER3	GAGE12J	9606
A6NES4	MROH2A	9606
A6NET4	OR5K3	9606
A6NEV1	PRR23A	9606
A6NEY8	PRORSD1P	9606
A6NF01	POM121B	9606
A6NF34	ANTXRL	9606
A6NF36	CCDC182	9606
A6NF83	NUPR2	9606
A6NF89	OR6C6	9606
A6NFA0	SPATA31F3	9606
A6NFA1	TRABD2B	9606
A6NFC5	TMEM235	9606
A6NFC9	OR2W5P	9606
A6NFD8	HELT	9606
A6NFE2	SMCO2	9606
A6NFE3	EFCAB10	9606
A6NFF2	NAP1L6P	9606
A6NFH5	FABP12	9606
A6NFI3	ZNF316	9606
A6NFK2	GRXCR2	9606
A6NFN3	RBFOX3	9606
A6NFN9	ANKUB1	9606
A6NFQ2	TCAF2	9606
A6NFQ7	DPRX	9606
A6NFR6	SPATA31J1	9606
A6NFT4	CFAP73	9606
A6NFU0	FAM187A	9606
A6NFU8	PGPEP1L	9606
A6NFX1	MFSD2B	9606
A6NFY4	NEMP2	9606
A6NFY7	SDHAF1	9606
A6NFZ4	FAM24A	9606
A6NG13	MGAT4D	9606
A6NGA9	TMEM202	9606
A6NGB0	TMEM191C	9606
A6NGB7	TMEM221	9606
A6NGB9	WIPF3	9606
A6NGC4	TLCD2	9606
A6NGD5	ZSCAN5C	9606
A6NGE4	DCAF8L1	9606
A6NGE7	URAD	9606
A6NGG3	LINC03041	9606
A6NGG8	PCARE	9606
A6NGH7	CCDC160	9606
A6NGH8	ANKRD61	9606
A6NGJ6	TRIM64	9606
A6NGK3	GAGE10	9606
A6NGN4	PRAMEF25	9606
A6NGN9	IGLON5	9606
A6NGQ2	OOEP	9606
A6NGR9	MROH6	9606
A6NGS2	ERICH4	9606
A6NGU5	GGT3P	9606
A6NGU7	LINC01546	9606
A6NGW2	STRCP1	9606
A6NGY1	FRG2C	9606
A6NGY3	C5orf52	9606
A6NGY5	OR51F1	9606
A6NGZ8	SMIM9	9606
A6NH00	OR2T8	9606
A6NH11	GLTPD2	9606
A6NH13	DNAJC9-AS1	9606
A6NH21	SERINC4	9606
A6NH52	TVP23A	9606
A6NH57	ARL5C	9606
A6NHA9	OR4C46	9606
A6NHC0	CAPN8	9606
A6NHG4	DDTL	9606
A6NHG9	OR5H14	9606
A6NHJ4	ZNF860	9606
A6NHL2	TUBAL3	9606
A6NHM9	MOXD2P	9606
A6NHN0	OTOL1	9606
A6NHN6	NPIPB15	9606
A6NHP3	SPDYE2B	9606
A6NHQ2	FBLL1	9606
A6NHQ4	EPOP	9606
A6NHR8	FAM47DP	9606
A6NHR9	SMCHD1	9606
A6NHS7	MANSC4	9606
A6NHT5	HMX3	9606
A6NHX0	CASTOR2	9606
A6NHY2	ANKDD1B	9606
A6NHZ5	LRRC14B	9606
A6NI03	TRIM64B	9606
A6NI15	MSGN1	9606
A6NI28	ARHGAP42	9606
A6NI47	POTEM	9606
A6NI56	CCDC154	9606
A6NI61	MYMK	9606
A6NI72	NCF1B	9606
A6NI73	LILRA5	9606
A6NI79	CCDC69	9606
A6NI86	GOLGA6L10	9606
A6NI87	CBY3	9606
A6NIE6	RRN3P2	9606
A6NIE9	PRSS29P	9606
A6NIH7	UNC119B	9606
A6NIJ5	FAM90A20	9606
A6NIJ9	OR6C70	9606
A6NIK2	LRRC10B	9606
A6NIM6	SLC15A5	9606
A6NIN4	RNF227	9606
A6NIR3	AGAP5	9606
A6NIU2	LINC01549	9606
A6NIV6	LRRIQ4	9606
A6NIX2	WTIP	9606
A6NIY4	SPDYE5	9606
A6NIZ1	RAP1BL	9606
A6NJ08	MBD3L5	9606
A6NJ46	NKX6-3	9606
A6NJ64	NPIPB2	9606
A6NJ69	IGIP	9606
A6NJ78	METTL15	9606
A6NJ88	SAGE2P	9606
A6NJB7	PRR19	9606
A6NJG2	SOWAHD	9606
A6NJG6	ARGFX	9606
A6NJI1	C11orf86	9606
A6NJI9	LRRC72	9606
A6NJJ6	C19orf67	9606
A6NJL1	ZSCAN5B	9606
A6NJQ4	FAM90A8	9606
A6NJT0	UNCX	9606
A6NJU9	NPIPB13	9606
A6NJV1	CIMIP2C	9606
A6NJW4	LRRC3C	9606
A6NJW9	CD8B2	9606
A6NJY1	SLC9B1P1	9606
A6NJY4	TMEM238L	9606
A6NJZ3	OR6C65	9606
A6NJZ7	RIMBP3C	9606
A6NK02	TRIM75	9606
A6NK06	ACOD1	9606
A6NK44	GLOD5	9606
A6NK53	ZNF233	9606
A6NK58	LIPT2	9606
A6NK59	ASB14	9606
A6NK75	ZNF98	9606
A6NK89	RASSF10	9606
A6NK97	SLC22A20P	9606
A6NKB5	PCNX2	9606
A6NKC0	FAM90A7	9606
A6NKC9	SH2D7	9606
A6NKD2	TSPY2	9606
A6NKD9	CCDC85C	9606
A6NKF1	SAC3D1	9606
A6NKF2	ARID3C	9606
A6NKF7	TMEM278	9606
A6NKG5	RTL1	9606
A6NKH3	RPL37AP8	9606
A6NKK0	OR5H1	9606
A6NKL6	TMEM200C	9606
A6NKN8	PCP4L1	9606
A6NKP2	SDR42E2	9606
A6NKQ9	CGB1	9606
A6NKT7	RGPD3	9606
A6NKU9	SPDYE3	9606
A6NKW6	SHISAL2B	9606
A6NKX1	FAM223B	9606
A6NKX4	SLC22A31	9606
A6NL08	OR6C75	9606
A6NL26	OR5B21	9606
A6NL82	CFAP144	9606
A6NL88	SHISA7	9606
A6NLC5	C3orf70	9606
A6NLC8	TAF11L2	9606
A6NLE4	SMIM23	9606
A6NLI5	TRIM64C	9606
A6NLJ0	C2CD4B	9606
A6NLP5	TTC36	9606
A6NLU0	RFPL4A	9606
A6NLU5	VSTM2B	9606
A6NLW8	DUXA	9606
A6NLX3	SPDYE4	9606
A6NLX4	TMEM210	9606
A6NM03	OR2AG2	9606
A6NM10	AQP12B	9606
A6NM11	LRRC37A2	9606
A6NM28	ZFP92	9606
A6NM36	LRRC30	9606
A6NM43	CCT8L1P	9606
A6NM45	CLDN24	9606
A6NM62	LRRC53	9606
A6NM66	LINC01548	9606
A6NM76	OR6C76	9606
A6NMA1	TRPC5OS	9606
A6NMB1	SIGLEC16	9606
A6NMB9	FIGNL2	9606
A6NMD0	IFITM10	9606
A6NMD2	GOLGA8J	9606
A6NMK7	CPSF4L	9606
A6NMK8	INSYN2B	9606
A6NML5	TMEM212	9606
A6NMN3	FAM170B	9606
A6NMS3	OR5K4	9606
A6NMS7	LRRC37A	9606
A6NMT0	DBX1	9606
A6NMU1	OR52A4P	9606
A6NMX2	EIF4E1B	9606
A6NMY6	ANXA2P2	9606
A6NMZ2	SNTN	9606
A6NMZ5	OR4C45	9606
A6NMZ7	COL6A6	9606
A6NN14	ZNF729	9606
A6NN73	GOLGA8CP	9606
A6NN90	C2orf81	9606
A6NN92	GJE1	9606
A6NNA2	SRRM3	9606
A6NNA5	DRGX	9606
A6NNB3	IFITM5	9606
A6NND4	OR2AT4	9606
A6NNE9	MARCHF11	9606
A6NNF4	ZNF726	9606
A6NNH2	FAM90A27P	9606
A6NNJ1	FAM90A9	9606
A6NNL0	NUTM2B	9606
A6NNL5	C15orf61	9606
A6NNM3	RIMBP3B	9606
A6NNM8	TTLL13	9606
A6NNN8	SLC38A8	9606
A6NNP5	CCDC169	9606
A6NNS2	DHRS7C	9606
A6NNT2	C16orf96	9606
A6NNV3	SPDYE16	9606
A6NNW6	ENO4	9606
A6NNX1	RIIAD1	9606
A6NNY8	USP27X	9606
A6NNZ2	TUBB8B	9606
A6NP11	ZNF716	9606
A6NP61	ZAR1L	9606
A6PVC2	TTLL8	9606
A6PVI3	NCBP2L	9606
A6PVL3	KNCN	9606
A6PVS8	LRRIQ3	9606
A6PVY3	FAM177B	9606
A6PWD2	Fhad1	10090
A6PWV3	Izumo3	10090
A6PWV5	Arid3c	10090
A6PWY4	Wdr76	10090
A6QL63	ABTB3	9606
A6QL64	ANKRD36	9606
A6X8Z5	Arhgap31	10090
A6X8Z9	Tex55	10090
A6X919	Dpy19l1	10090
A6X935	Itih4	10090
A6X942	Sh2d4b	10090
A6XGL0	YJEFN3	9606
A6ZKI3	RTL8C	9606
A7DTG3	Sertad4	10090
A7E1Z1	Tmem215	10090
A7E2F4	GOLGA8A	9606
A7E2S9	ANKRD30BL	9606
A7E2U8	CFAP96	9606
A7E2V4	ZSWIM8	9606
A7E2Y1	MYH7B	9606
A7KAX9	ARHGAP32	9606
A7KBS4	Zscan4d	10090
A7L9Z8	Atp2c2	10090
A7M7C7	Skor2	10090
A7MBM2	DISP2	9606
A7MCT6	Etnk2	10090
A7MCY6	TBKBP1	9606
A7MD48	SRRM4	9606
A7RDN6	Rnls	10090
A7TZE6	Skint1	10090
A7TZF0	Skint3	10090
A7TZF3	Skint4	10090
A7TZG1	Skint10	10090
A7TZG3	Skint9	10090
A7XUX6	Skint2	10090
A7XUY5	Skint5	10090
A7XUZ6	Skint6	10090
A7XV04	Skint7	10090
A7XV07	Skint8	10090
A7XV14	Skint11	10090
A7XYQ1	SOBP	9606
A8C756	Thada	10090
A8CG34	POM121C	9606
A8E0Y8	Cd101	10090
A8K010	LINC00473	9606
A8K0R7	ZNF839	9606
A8K0S8	MEIS3P2	9606
A8K0Z3	WASHC1	9606
A8K2U0	A2ML1	9606
A8K4G0	CD300LB	9606
A8K554	ZNF815P	9606
A8K5M9	C15orf62	9606
A8K7I4	CLCA1	9606
A8K830	POU2AF3	9606
A8K855	EFCAB7	9606
A8K8P3	SFI1	9606
A8K8V0	ZNF785	9606
A8K979	ERI2	9606
A8MPP1	DDX11L8	9606
A8MPS7	YDJC	9606
A8MPX8	PP2D1	9606
A8MPY1	GABRR3	9606
A8MQ03	CYSRT1	9606
A8MQ11	PMS2P5	9606
A8MQ14	ZNF850	9606
A8MQ27	NEURL1B	9606
A8MQB3	LINC02693	9606
A8MQT2	GOLGA8B	9606
A8MRT5	NPIPB5	9606
A8MSI8	LYRM9	9606
A8MT19	RHPN2P1	9606
A8MT33	SYCE1L	9606
A8MT65	ZNF891	9606
A8MT69	CENPX	9606
A8MT70	ZBBX	9606
A8MTA8	CIMIP2B	9606
A8MTB9	CEACAM18	9606
A8MTI9	PRSS47P	9606
A8MTJ3	GNAT3	9606
A8MTJ6	FOXI3	9606
A8MTL0	IQCF5	9606
A8MTL3	RNF212B	9606
A8MTL9	HMSD	9606
A8MTQ0	NOTO	9606
A8MTT3	CEBPZOS	9606
A8MTY0	ZNF724	9606
A8MTY7	KRTAP9-7	9606
A8MTZ0	BBIP1	9606
A8MTZ7	C12orf71	9606
A8MU46	SMTNL1	9606
A8MU93	C17orf100	9606
A8MUH7	PDZK1P1	9606
A8MUK1	USP17L5	9606
A8MUL3	ADARB2-AS1	9606
A8MUM7	LGALS16	9606
A8MUP2	CSKMT	9606
A8MUP6	GSG1L2	9606
A8MUU1	FABP5P3	9606
A8MUV8	ZNF727	9606
A8MUX0	KRTAP16-1	9606
A8MUZ8	ZNF705G	9606
A8MV23	SERPINE3	9606
A8MV24	SPMAP1	9606
A8MV57	MPTX1	9606
A8MV65	VGLL3	9606
A8MV81	HIGD1C	9606
A8MVA2	KRTAP9-6	9606
A8MVS5	HIDE1	9606
A8MVU1	NCF1C	9606
A8MVW0	FAM171A2	9606
A8MVW5	HEPACAM2	9606
A8MVX0	ARHGEF33	9606
A8MVZ5	BTNL10P	9606
A8MW92	PHF20L1	9606
A8MW95	BECN2	9606
A8MW99	MEI4	9606
A8MWA4	ZNF705EP	9606
A8MWA6	FAM90A22	9606
A8MWD9	SNRPGP15	9606
A8MWE9	EFCAB8	9606
A8MWK0	FADS2B	9606
A8MWL7	TMEM14DP	9606
A8MWV9	SMIM34	9606
A8MWX3	WASH4P	9606
A8MWY0	ELAPOR2	9606
A8MX19	FAM90A12	9606
A8MX34	KRTAP29-1	9606
A8MX76	CAPN14	9606
A8MXD5	GRXCR1	9606
A8MXE2	B3GALT9	9606
A8MXJ8	FAM90A5	9606
A8MXK1	VSTM5	9606
A8MXQ7	IQANK1	9606
A8MXT2	MAGEB17	9606
A8MXU0	DEFB108A; DEFB108C	9606
A8MXV4	NUDT19	9606
A8MXV6	CDRT15L2	9606
A8MXY4	ZNF99	9606
A8MXZ1	FAM90A23	9606
A8MXZ3	KRTAP9-1	9606
A8MY62	LACTBL1	9606
A8MYA2	CXorf49; CXorf49B	9606
A8MYB1	TMCO5B	9606
A8MYJ7	TTC34	9606
A8MYP8	CIMAP1B	9606
A8MYU2	KCNU1	9606
A8MYV0	DCDC2C	9606
A8MYZ0	MINDY4B	9606
A8MYZ5	IQCF6	9606
A8MYZ6	FOXO6	9606
A8MZ26	EFCAB9	9606
A8MZ36	EVPLL	9606
A8MZ59	LEUTX	9606
A8MZ97	C2orf74	9606
A8MZA4	GOLGA6L6	9606
A8MZF0	PRR33	9606
A8MZG2	C16orf90	9606
A8MZH6	OOSP1	9606
A8R0V4	Esp22	10090
A8TX70	COL6A5	9606
A8VU90	Ankle1	10090
A8Y5H7	Sec14l1	10090
A9JSM3	Tmem238	10090
A9Q751	Cfap221	10090
A9QM74	KPNA7	9606
A9UHW6	MIF4GD	9606
A9YTQ3	AHRR	9606
A9Z1V5	Vwa5b1	10090
B0F2B4	Nlgn4l	10090
B0FP48	UPK3BL1	9606
B0I1T2	MYO1G	9606
B0L3A2	FBXW7-AS1	9606
B0QZF7	Proca1	10090
B0V2N1	Ptprs	10090
B0YJ81	HACD1	9606
B1AH88	TSPO	9606
B1AJZ9	FHAD1	9606
B1AK53	ESPN	9606
B1AK76	SNURFL	9606
B1AKI9	ISM1	9606
B1AL46	NUTM2E	9606
B1AL88	NALF1	9606
B1AMM8	LINC00587	9606
B1ANH7	IBA57-DT	9606
B1ANS9	WDR64	9606
B1ANY3	FAM220BP	9606
B1APH4	ZNF487	9606
B1AQ75	Krt36	10090
B1AQJ2	Usp36	10090
B1AQL3	Tmem235	10090
B1AR09	Mllt6	10090
B1AR13	Cisd3	10090
B1ARD6	Slfn9	10090
B1ARD8	Slfn8	10090
B1ARI9	Prr29	10090
B1ARY8	Ciroz	10090
B1AS29	Grik3	10090
B1AS42	Cyb5rl	10090
B1ASB6	Spocd1	10090
B1AT66	Slc16a6	10090
B1ATG9	Trabd2b	10090
B1ATL7	PRR32	9606
B1ATY8	Arl16	10090
B1AUC7	Arhgap36	10090
B1AUE5	Pex10	10090
B1AUF7	P3r3urf	10090
B1AUH1	Ptpru	10090
B1AUR6	Mms22l	10090
B1AUS7	Ssxa1	10090
B1AVD1	Xpnpep2	10090
B1AVH7	Tbc1d2	10090
B1AVY7	Kif16b	10090
B1AVZ0	Uprt	10090
B1AWI6	Msmp	10090
B1AWJ5	Tmem8b	10090
B1AWL2	Znf462	10090
B1AWN4	Atp10b	10090
B1AWN6	Scn2a	10090
B1AX39	Zcchc7	10090
B1AXD8	Akirin2	10090
B1AXH1	Nhsl2	10090
B1AXP6	Tomm5	10090
B1AXV0	Frrs1l	10090
B1AY10	Nfx1	10090
B1AY13	Usp24	10090
B1AY15	Usp51	10090
B1AYB6	Mbd5	10090
B1AYL1	Scn7a	10090
B1AZ99	Otud3	10090
B1AZA5	Tmem245	10090
B1AZI6	Thoc2	10090
B1AZP2	Dlgap4	10090
B1B0V2	Ezhip	10090
B1B1A0	L3mbtl4	10090
B1B212	H60b	10090
B1B213	H60c	10090
B2B9E1	Triqk	10090
B2CW77	KLLN	9606
B2KF05	Brpf3	10090
B2KFW1	Zscan20	10090
B2KG20	Klri1	10090
B2KGE5	Fam229a	10090
B2RBV5	MRFAP1L2	9606
B2RC85	RSPH10B2	9606
B2RD01	CENPBD1P	9606
B2RN74	OR11H12	9606
B2RNN3	C1QTNF9B	9606
B2RPK0	HMGB1P1	9606
B2RPU2	Plekhd1	10090
B2RPV6	Mmrn1	10090
B2RPY5	Gpr161	10090
B2RQA1	Kcna10	10090
B2RQC2	Usp42	10090
B2RQC6	Cad	10090
B2RQE8	Arhgap42	10090
B2RQL2	Stox1	10090
B2RQR8	Ece2	10090
B2RR83	Ythdc2	10090
B2RRD7	Brpf1	10090
B2RRE4	Znf518b	10090
B2RRE7	Otud4	10090
B2RRF6	Znf518a	10090
B2RRL2	Jrkl	10090
B2RS91	Rrn3	10090
B2RSH2	Gnai1	10090
B2RTN2	Igsf23	10090
B2RTY4	MYO9A	9606
B2RU33	POTEC	9606
B2RU40	Prrt4	10090
B2RU80	Ptprb	10090
B2RUI1	Znf551	10090
B2RUJ5	Apba1	10090
B2RUP2	Unc13d	10090
B2RUR4	Kprp	10090
B2RUR8	Otud7b	10090
B2RUY7	VWC2L	9606
B2RUZ4	SMIM1	9606
B2RV13	CFAP97D1	9606
B2RV46	Spata6l	10090
B2RVI8	Sult2a6	10090
B2RVL6	Zcchc24	10090
B2RVW2	Clrn2	10090
B2RVY9	Tmem182	10090
B2RW38	Cfap58	10090
B2RW88	Prr19	10090
B2RWJ3	Tmem240	10090
B2RWS6	Ep300	10090
B2RWW0	Tagap	10090
B2RX12	Abcc3	10090
B2RX14	Tut4	10090
B2RX88	Cspp1	10090
B2RXA1	Plcxd2	10090
B2RXA7	Cyp26c1	10090
B2RXB0	Garin1a	10090
B2RXB2	Hsbp1l1	10090
B2RXC1	Trappc11	10090
B2RXC5	Znf382	10090
B2RXE2	Slc9a5	10090
B2RXF0	TMEM229A	9606
B2RXF5	ZBTB42	9606
B2RXH2	KDM4E	9606
B2RXH4	BTBD18	9606
B2RXH8	HNRNPCL2	9606
B2RXM4	Ntmt2	10090
B2RXR6	Ankrd44	10090
B2RXS4	Plxnb2	10090
B2RXV4	Flvcr1	10090
B2RXZ1	Pnldc1	10090
B2RY04	Dock5	10090
B2RY50	Odad2	10090
B2RY56	Rbm25	10090
B2RY71	Dnai3	10090
B2RY83	Hpse2	10090
B3EWF7	EPM2A	9606
B3EWG3	FAM25A	9606
B3EWG5	FAM25C	9606
B3EWG6	FAM25G	9606
B3GLJ2	PATE3	9606
B3GLJ3	Pate3	10090
B3KS81	SRRM5	9606
B3KU38	IQCJ-SCHIP1	9606
B3SHH9	TMEM114	9606
B4DH59	NBPF26	9606
B4DJY2	TMEM233	9606
B4DS77	SHISA9	9606
B4DU55	ZNF879	9606
B4DX44	ZNF736	9606
B4DXR9	ZNF732	9606
B4DYI2	SPATA31C2	9606
B4DZS4	TCP11X1	9606
B4E2M5	ANKRD66	9606
B5KM66	Syce3	10090
B5MCN3	SEC14L6	9606
B5MCY1	TDRD15	9606
B5MD39	GGTLC3	9606
B5ME19	EIF3CL	9606
B5THE3	Sis	10090
B5TVM2	Ildr2	10090
B5X0E4	Abcb5	10090
B5X0G2	Mup17	10090
B6A8C7	TARM1	9606
B6A8R8	Tarm1	10090
B6SEH8	ERVV-1	9606
B6SEH9	ERVV-2	9606
B7U540	KCNJ18	9606
B7Z1M9	C2CD4D	9606
B7Z368	LINC02881	9606
B7Z6K7	ZNF814	9606
B7Z8K6	TRDC	9606
B7ZAP0	RABGAP1L	9606
B7ZAQ6	GPHRA	9606
B7ZBB8	PPP1R3G	9606
B7ZC32	KIF28P	9606
B7ZCC9	Adgrg4	10090
B7ZMP1	Xpnpep3	10090
B7ZNG0	Kif7	10090
B7ZNG4	Troap	10090
B7ZW38	HNRNPCL3	9606
B7ZWI3	Tmem92	10090
B8JK39	Itga9	10090
B8JKV0	Amn1	10090
B8ZXI1	Qtrt2	10090
B8ZZ34	SHISA8	9606
B9A014	C21orf140	9606
B9A064	IGLL5	9606
B9A6J9	TBC1D3L	9606
B9EHT4	Clip3	10090
B9EJ57	Mterf1b	10090
B9EJ80	Pdzd8	10090
B9EJ86	Osbpl8	10090
B9EJA2	Cttnbp2	10090
B9EJG8	TMEM150C	9606
B9EJI9	Tmem229a	10090
B9EJR8	Dnaaf5	10090
B9EJV3	Greb1l	10090
B9EJX3	Spmip1	10090
B9EK06	Exoc1l	10090
B9EKE5	Catip	10090
B9EKI3	Tmf1	10090
B9EKR1	Ptprz1	10090
B9EKX1	Ptchd4	10090
B9UIU9	Scpppq1	10090
C0HK79	Arxes1	10090
C0HK80	Arxes2	10090
C0HKC8	Smok3a	10090
C0HKC9	Smok3b	10090
C0HKD1	Spata31f1b	10090
C0HKD2	Spata31f1c	10090
C0HKD3	Spata31f1d	10090
C0HKD8	Mfap1a	10090
C0HKD9	Mfap1b	10090
C0HKE1	H2ac4	10090
C0HKE2	H2ac6	10090
C0HKE3	H2ac7	10090
C0HKE4	H2ac8	10090
C0HKE5	H2ac11	10090
C0HKE6	H2ac13	10090
C0HKE7	Hist1h2an	10090
C0HKE8	Hist1h2ao	10090
C0HKE9	Hist1h2ap	10090
C0HKG5	Rnaset2a	10090
C0HKG6	Rnaset2b	10090
C0HLS1	SCRIB	9606
C0HLU2	ZNF689	9606
C0HLV8	MLDHR	9606
C0HLV9	Mldhr	10090
C0HLZ6	HOXB-AS3	9606
C0HM01	SEPTIN14P20	9606
C0HM02	PRKCH	9606
C0HM98	CTBP1-DT	9606
C0HMA1	MIR155HG	9606
C0HMD6	PIDD1	9606
C0HMD7	InSet4-G	9606
C0HME5	MT-ND4	9606
C0HME6	RPL36	9606
C0LLJ0	Kpna7	10090
C3VD30	Zar1l	10090
C3VPR6	Nlrc5	10090
C4AMC7	WASH3P	9606
C4P6S0	Nsun4	10090
C6KI89	Catsperg2	10090
C8YR32	Loxhd1	10090
C9J069	AJM1	9606
C9J1S8	TRIM49D1; TRIM49D2	9606
C9J202	ALG1L2	9606
C9J2P7	USP17L15	9606
C9J302	C4orf51	9606
C9J3I9	C5orf58	9606
C9J3V5	TEX22	9606
C9J6K1	C19orf81	9606
C9J798	RASA4B	9606
C9J7I0	UMAD1	9606
C9JBD0	KRABD1	9606
C9JC47	FAM157A	9606
C9JCN9	HSBP1L1	9606
C9JDP6	CLDN25	9606
C9JE40	PATL2	9606
C9JFL3	PHGR1	9606
C9JG80	NPIPB4	9606
C9JH25	PRRT4	9606
C9JI98	TMEM238	9606
C9JJ37	BTBD19	9606
C9JJH3	USP17L10	9606
C9JL84	HHLA1	9606
C9JLJ4	USP17L13	9606
C9JLR9	ZFTA	9606
C9JLW8	MCRIP1	9606
C9JN71	ZNF878	9606
C9JPN9	USP17L12	9606
C9JQI7	TMEM232	9606
C9JR72	KBTBD13	9606
C9JRZ8	AKR1B15	9606
C9JSJ3	MEIOSIN	9606
C9JTQ0	ANKRD63	9606
C9JUS6	ADM5	9606
C9JVI0	USP17L11	9606
C9JVW0	INAFM1	9606
C9JXX5	FREY1	9606
D0EPY3	SMIM47	9606
D0G895	Ace3	10090
D0QMC3	Mndal	10090
D0VYS2	Hsf3	10090
D2EAC2	Zbed6	10090
D2J0Y4	D7Ertd443e	10090
D3DTV9	PRAC2	9606
D3KU66	Asmt	10090
D3W0D1	KLRF2	9606
D3YTS9	Acp4	10090
D3YU32	Tex13c1	10090
D3YU81	Rfx8	10090
D3YUB6	Btbd8	10090
D3YUE4	Fam151b	10090
D3YUG0	Samd13	10090
D3YUJ3	Ccnyl1	10090
D3YUK8	Pttg1ip2	10090
D3YV10	Ccdc13	10090
D3YV92	Garin2	10090
D3YVE8	Slc35g2	10090
D3YVF0	Akap5	10090
D3YVL2	Cfap70	10090
D3YWE6	Mn1	10090
D3YWJ0	Nuggc	10090
D3YWP0	Eef1akmt3	10090
D3YWQ0	Dgki	10090
D3YWQ9	Tmem196	10090
D3YWX3	Pate13	10090
D3YX43	Vsig10	10090
D3YX90	Adamts17	10090
D3YXF5	C7	10090
D3YXG0	Hmcn1	10090
D3YXJ0	Dgkh	10090
D3YXK1	Samd1	10090
D3YXK2	Safb	10090
D3YXS5	Kif28	10090
D3YY23	Lonrf1	10090
D3YY91	Lrr1	10090
D3YYI7	Rnf217	10090
D3YYM0	Ovol3	10090
D3YYM4	Wdr72	10090
D3YYU8	Obsl1	10090
D3YZF7	Vsig10l	10090
D3YZG8	Mthfd2l	10090
D3YZI9	Pgbd5	10090
D3YZP9	Ccdc6	10090
D3YZU1	Shank1	10090
D3YZV8	Ccdc8	10090
D3YZZ2	Tgfbr3l	10090
D3Z0R2	Ppp1r36	10090
D3Z120	Foxi3	10090
D3Z1D3	CEFIP	10090
D3Z1Q2	Mrap2	10090
D3Z1U7	Tmem233	10090
D3Z291	Calhm1	10090
D3Z2R5	Selenon	10090
D3Z2X2	Dnhd1	10090
D3Z338	Catsperh	10090
D3Z3C6	Zfand4	10090
D3Z3I0	Cdc20b	10090
D3Z3K2	Ccnb1ip1	10090
D3Z423	Rnf212b	10090
D3Z4I3	Rbm24	10090
D3Z4R1	Hfm1	10090
D3Z4S3	Ptrhd1	10090
D3Z5L6	Slc18b1	10090
D3Z5L9	Ccn6	10090
D3Z5S8	Tent5a	10090
D3Z5T1	Ccdc78	10090
D3Z649	Kcnt2	10090
D3Z690	Izumo4	10090
D3Z6H8	Amd2	10090
D3Z6P0	Pdia2	10090
D3Z6Q9	Bin2	10090
D3Z6S9	Erich6	10090
D3Z750	Mroh2a	10090
D3Z752	Spx	10090
D3Z7A5	Daw1	10090
D3Z7H4	Gsg1l	10090
D3Z7H8	Cilp2	10090
D3Z7P3	Gls	10090
D3Z7Q2	Smim20	10090
D4PHA7	Wscd2	10090
D6MZJ6	Smpd5	10090
D6R901	USP17L21	9606
D6R9N7	USP17L18	9606
D6RA61	USP17L22	9606
D6RBM5	USP17L23	9606
D6RBQ6	USP17L17	9606
D6RCP7	USP17L19	9606
D6REC4	CFAP99	9606
D6RF30	GOLGA8K	9606
D6RGH6	MCIDAS	9606
D6RGX4	FAM90A26	9606
D6RIA3	C4orf54	9606
D6RJB6	USP17L20	9606
D7PDD4	Mpig6b	10090
E0CX11	STMP1	9606
E0CYC6	Nat8b-ps	10090
E0CYR6	Nat8f7	10090
E0CZ16	Klhl3	10090
E0CZ22	Mroh1	10090
E0CZ42	Fer1l6	10090
E1AZ71	Cngb1	10090
E1U8D0	Mtcl2	10090
E2JF22	Piezo1	10090
E2RYF6	MUC22	9606
E2RYF7	HCG22	9606
E5FYH1	Topaz1	10090
E5RG02	PRSS46P	9606
E5RHQ5	NPIPB11	9606
E5RIL1	UPK3BL2	9606
E5RJ46	LINC02906	9606
E5RJM6	ANKRD65	9606
E5RQL4	FTCDNL1	9606
E7ERA6	RNF223	9606
E7ETH6	ZNF587B	9606
E7EW31	PROB1	9606
E9PAV3	NACA	9606
E9PB15	PTGES3L	9606
E9PGG2	ANHX	9606
E9PI22	PRR23D1	9606
E9PIF3	NPIPA2	9606
E9PJ23	NPIPB6	9606
E9PJI5	NPIPA7	9606
E9PKD4	NPIPA5	9606
E9PQ53	NDUFC2-KCTD14	9606
E9PQR5	NPIPB8	9606
E9PQX1	CATSPERH	9606
E9PRG8	RSMC	9606
E9PUL5	Prrt2	10090
E9PUN2	Nrxn2	10090
E9PUQ8	Dgkd	10090
E9PV24	Fga	10090
E9PV82	Fam53a	10090
E9PV86	Mctp1	10090
E9PV87	Talpid3	10090
E9PVA8	Gcn1	10090
E9PVB3	Ccdc175	10090
E9PVB5	Ttc17	10090
E9PVD1	Ccdc62	10090
E9PVD3	Dchs1	10090
E9PVX6	Mki67	10090
E9PW05	Zfp54	10090
E9PW74	Gimd1	10090
E9PWZ3	Rpl3l	10090
E9PX95	Abca17	10090
E9PXB6	Sfta2	10090
E9PXF8	Sbf2	10090
E9PXT9	Fam170b	10090
E9PXV9	Obox2	10090
E9PXX9	Slc28a1	10090
E9PY46	Ift140	10090
E9PY61	Gpr179	10090
E9PYH6	Setd1a	10090
E9PYI1	Znf568	10090
E9PYK3	Parp4	10090
E9PYL2	Prr12	10090
E9PYQ0	Rsph10b	10090
E9PYY5	Dnai4	10090
E9PZ19	Igsf9b	10090
E9PZ36	Pkhd1	10090
E9PZJ8	Ascc3	10090
E9PZM4	Chd2	10090
E9PZQ0	Ryr1	10090
E9PZZ1	Prdm13	10090
E9Q0C6	Kiaa1210	10090
E9Q0N2	Ptprh	10090
E9Q0S6	Tns1	10090
E9Q137	Tex264	10090
E9Q173	Btbd16	10090
E9Q1P8	Irf2bp2	10090
E9Q1U1	Ccdc171	10090
E9Q236	Abcc4	10090
E9Q238	Kank1	10090
E9Q286	Ice1	10090
E9Q2M9	Wdfy4	10090
E9Q2Z1	Cecr2	10090
E9Q2Z6	Smim35	10090
E9Q309	Cep350	10090
E9Q343	Gpr137c	10090
E9Q349	Wdr25	10090
E9Q355	Catsperg1	10090
E9Q368	Tarbp1	10090
E9Q394	Akap13	10090
E9Q3C1	C2cd2	10090
E9Q3D4	Hsd17b14	10090
E9Q3E1	Aldh3b2	10090
E9Q3G8	Nup153	10090
E9Q3L2	Pi4ka	10090
E9Q3M5	Slc4a5	10090
E9Q3S4	Map3k19	10090
E9Q3T6	Prdm14	10090
E9Q401	Ryr2	10090
E9Q414	Apob	10090
E9Q4F2	Klhl18	10090
E9Q4F7	Ankrd11	10090
E9Q4J9	Adgrf2	10090
E9Q4N7	Arid1b	10090
E9Q4P1	Wdfy1	10090
E9Q4S1	Pde8b	10090
E9Q4Z2	Acacb	10090
E9Q555	Rnf213	10090
E9Q557	Dsp	10090
E9Q5C9	Nolc1	10090
E9Q5F9	Setd2	10090
E9Q5G3	Kif23	10090
E9Q5G7	Oog1	10090
E9Q5K4	Cyp2c23	10090
E9Q5K9	Ythdc1	10090
E9Q5L8	Glyatl3	10090
E9Q5M6	Cfap44	10090
E9Q5R7	Nlrp12	10090
E9Q5Z5	Fancf	10090
E9Q612	Ptpro	10090
E9Q634	Myo1e	10090
E9Q649	Gcnt4	10090
E9Q6B2	Ccdc85c	10090
E9Q6C8	Xkr6	10090
E9Q6D6	Znf277	10090
E9Q6D8	C6	10090
E9Q6E9	Simc1	10090
E9Q6I0	Vmn2r116	10090
E9Q6J5	Bod1l	10090
E9Q6P5	Ttc7b	10090
E9Q6W4	Znf296	10090
E9Q6X9	Arhgap40	10090
E9Q6Z5	Aunip	10090
E9Q735	Ube4a	10090
E9Q743	Cfap251	10090
E9Q784	Zc3h13	10090
E9Q793	Jhy	10090
E9Q7D5	Arhgef5	10090
E9Q7E2	Arid2	10090
E9Q7F2	Rnf169	10090
E9Q7F5	Eddm13	10090
E9Q7G0	Numa1	10090
E9Q7M2	Tsc22d2	10090
E9Q7P9	Cdhr2	10090
E9Q7R9	Cfap43	10090
E9Q7T7	Chadl	10090
E9Q7X6	Heg1	10090
E9Q7X7	Nrxn2	10090
E9Q816	Cyp2w1	10090
E9Q876	Abca12	10090
E9Q8D0	Dnajc21	10090
E9Q8G5	ObI1	10090
E9Q8I9	Fry	10090
E9Q8Q6	Ccdc141	10090
E9Q8Q8	Spaca6	10090
E9Q8T2	Prdm15	10090
E9Q8T7	Dnah1	10090
E9Q912	Rap1gds1	10090
E9Q942	Smim13	10090
E9Q956	Mcmdc2	10090
E9Q9A9	Oas2	10090
E9Q9D5	Rabl2	10090
E9Q9F6	Catsperd	10090
E9Q9F7	Ccdc146	10090
E9Q9H8	Tm4sf19	10090
E9Q9K5	Trdn	10090
E9Q9M8	Pwwp2b	10090
E9Q9R3	Fimp	10090
E9Q9R9	Dlg5	10090
E9Q9U0	Usp17lb	10090
E9Q9W4	Slc27a6	10090
E9Q9W7	Pdzd7	10090
E9QA28	Ceacam16	10090
E9QA62	Lmod3	10090
E9QAF0	Spata31	10090
E9QAG8	Znf431	10090
E9QAM5	Helz2	10090
E9QAT4	Sec16a	10090
E9QAU8	Ark2c	10090
F2YMG0	Prss56	10090
F2Z333	FNDC10	9606
F2Z398	LMO7DN	9606
F2Z3F1	C5orf67	9606
F2Z3Y9	Smim30	10090
F2Z461	Herc6	10090
F2Z472	Svs3a	10090
F5GYI3	UBAP1L	9606
F5H094	SLCO1B3-SLCO1B7	9606
F5H284	PPIAL4D	9606
F5H4A9	C3orf80	9606
F5H4B4	FAM227A	9606
F6QRE9	Erich3	10090
F6SEU4	Syngap1	10090
F6TQD1	Rnf212	10090
F6ULY1	Wfdc6b	10090
F6VAN0	Atf6	10090
F6W8I0	Yjefn3	10090
F6XLV1	Crocc2	10090
F6XZJ7	Samd15	10090
F6YCR7	Rhox13	10090
F6ZDS4	Tpr	10090
F7A4A7	Otogl	10090
F7BJB9	Morc3	10090
F7BWT7	Tspan15	10090
F7VJQ1	PRNP	9606
F8VPJ6	Rfx7	10090
F8VPK0	Skic3	10090
F8VPN2	Tex15	10090
F8VPQ2	Arid4a	10090
F8VPU2	Farp1	10090
F8VPU6	Usp9y	10090
F8VPY8	Pou2af3	10090
F8VPZ3	Usp32	10090
F8VPZ5	Ercc6	10090
F8VPZ9	Bicra	10090
F8VQ03	Adam3	10090
F8VQB6	Myo10	10090
F8VQK3	Gucy1a2	10090
F8VQN3	Gpr31	10090
F8VTS6	RFPL4AL1	9606
F8W0I5	NPIPB12	9606
F8W1W9	NPIPB9	9606
F8WBI6	GOLGA8N	9606
F8WCM5	INS-IGF2	9606
F8WFD2	NPIPA3	9606
G2XKQ0	SUMO1P1	9606
G3UVW3	Slc38a6	10090
G3UW36	Cfap97d2	10090
G3UW82	Myh2	10090
G3UW99	Tex54	10090
G3UWD5	Akain1	10090
G3UXB3	Nkx1-1	10090
G3UYQ4	Ak9	10090
G3UYX5	Rgs22	10090
G3UZ78	Adgb	10090
G3V0H7	SLCO1B7	9606
G3V211	LINC01619	9606
G3X8R9	Tmigd3	10090
G3X8U3	QNG1	10090
G3X8Y1	Trim55	10090
G3X912	Sprtn	10090
G3X939	Slc9a3	10090
G3X943	Slc39a2	10090
G3X982	Aox3	10090
G3X987	Gimap9	10090
G3X992	Msl3b	10090
G3X9C2	Nccrp1	10090
G3X9G7	Zfp809	10090
G3X9J0	Sipa1l3	10090
G3X9K3	Arfgef1	10090
G3X9P6	Obox5	10090
G3X9R7	Rnf148	10090
G3X9U1	Obox6	10090
G3X9X1	Kbtbd2	10090
G3X9Z4	Pcf11	10090
G3XA57	Rab11fip2	10090
G3XA59	Lrrc32	10090
G5E829	Atp2b1	10090
G5E845	Kcnk16	10090
G5E861	Sclt1	10090
G5E869	Znf142	10090
G5E870	Trip12	10090
G5E872	Rnpepl1	10090
G5E897	Poglut3	10090
G5E8A8	Tekt5	10090
G5E8B9	Zbtb11	10090
G5E8D7	Oosp3	10090
G5E8F4	Fpgt	10090
G5E8G2	Usp17ld	10090
G5E8I7	Usp17lc	10090
G5E8K5	Ank3	10090
G5E8K6	Slc16a5	10090
G5E8P0	Tubgcp6	10090
G5E8P1	Brd1	10090
G5E8Q8	Adgrf5	10090
G5E8V9	Arfip1	10090
G5E8Z2	Taf4b	10090
G5E9R7	KRTAP4-16	9606
G9CGD6	CNK3/IPCEF1	9606
H0UI37	TSTD3	9606
H0Y354	FAM72C	9606
H0Y7S4	PRAMEF26	9606
H0YKK7	GOLGA6L19	9606
H0YL14	TMEM250	9606
H0YM25	GOLGA6L22	9606
H3BJG9	Ly6l	10090
H3BKT1	Gm52993	10090
H3BMG3	SMKR1	9606
H3BNL1	CIMIP7	9606
H3BNL8	ARMH2	9606
H3BPF8	GOLGA8S	9606
H3BPM6	MKRN2OS	9606
H3BQB6	STMND1	9606
H3BQJ8	LY6L	9606
H3BQL2	GOLGA8T	9606
H3BQW9	FAM229A	9606
H3BR10	SMLR1	9606
H3BRN8	PIERCE2	9606
H3BS89	TMEM178B	9606
H3BSY2	GOLGA8M	9606
H3BTG2	TEX46	9606
H3BU77	CCDC179	9606
H3BUK9	POTEB2	9606
H3BV12	GOLGA8Q	9606
H3BV60	TGFBR3L	9606
H7BZ55	CROCC2	9606
H7C241	CLDN34	9606
H7C350	CCDC188	9606
I0J062	PANO1	9606
I1YAP6	TRIM77	9606
I3L0S3	PYCARD-AS1	9606
I3L1E1	C19orf84	9606
I3L273	GFY	9606
I3L3L1	ARL17B	9606
I3L3R5	CCER2	9606
I6L899	GOLGA8R	9606
I7HJS4	Znf683	10090
J3KML8	Gfy	10090
J3KSC0	LINC01387	9606
J3QK54	Fignl2	10090
J3QM76	Ccdc179	10090
J3QMI4	Calhm3	10090
J3QMK6	Aldh3b3	10090
J3QMY9	Top6bl	10090
J3QNX5	Shisa8	10090
J3QPC3	Actmap	10090
J3QPP8	Alkal1	10090
J3QPZ5	Cfap73	10090
J3S6Y1	Tspear	10090
J9SQF3	Trpm3	10090
K7EIQ3	ZNF561-AS1	9606
K7EJ46	SMIM22	9606
K7N6K2	Trim34b	10090
K9M1U5	IFNL4	9606
L0N7N1	Kif14	10090
L0R6Q1	SLC35A4	9606
L0R819	ASDURF	9606
L0R8F8	MIEF1	9606
L7N1X6	Fbxw15	10090
M0QWB7	Ascl5	10090
M0QZC1	RNF225	9606
M0R2J8	DCDC1	9606
M5A8F1	ERVH48-1	9606
O00110	OVOL3	9606
O00115	DNASE2	9606
O00116	AGPS	9606
O00124	UBXN8	9606
O00139	KIF2A	9606
O00141	SGK1	9606
O00142	TK2	9606
O00144	FZD9	9606
O00148	DDX39A	9606
O00151	PDLIM1	9606
O00154	ACOT7	9606
O00155	GPR25	9606
O00159	MYO1C	9606
O00160	MYO1F	9606
O00161	SNAP23	9606
O00165	HAX1	9606
O00167	EYA2	9606
O00168	FXYD1	9606
O00170	AIP	9606
O00175	CCL24	9606
O00178	GTPBP1	9606
O00180	KCNK1	9606
O00182	LGALS9	9606
O00186	STXBP3	9606
O00187	MASP2	9606
O00189	AP4M1	9606
O00192	ARVCF	9606
O00193	SMAP	9606
O00194	RAB27B	9606
O00198	HRK	9606
O00203	AP3B1	9606
O00204	SULT2B1	9606
O00206	TLR4	9606
O00212	RHOD	9606
O00213	APBB1	9606
O00214	LGALS8	9606
O00217	NDUFS8	9606
O00219	HAS3	9606
O00220	TNFRSF10A	9606
O00221	NFKBIE	9606
O00222	GRM8	9606
O00230	CORT	9606
O00231	PSMD11	9606
O00232	PSMD12	9606
O00233	PSMD9	9606
O00237	RNF103	9606
O00238	BMPR1B	9606
O00241	SIRPB1	9606
O00244	ATOX1	9606
O00253	AGRP	9606
O00254	F2RL2	9606
O00255	MEN1	9606
O00257	CBX4	9606
O00258	GET1	9606
O00264	PGRMC1	9606
O00267	SUPT5H	9606
O00268	TAF4	9606
O00270	GPR31	9606
O00273	DFFA	9606
O00287	RFXAP	9606
O00291	HIP1	9606
O00292	LEFTY2	9606
O00294	TULP1	9606
O00295	TULP2	9606
O00299	CLIC1	9606
O00300	TNFRSF11B	9606
O00303	EIF3F	9606
O00305	CACNB4	9606
O00308	WWP2	9606
O00311	CDC7	9606
O00321	ETV2	9606
O00322	UPK1A	9606
O00327	BMAL1	9606
O00329	PIK3CD	9606
O00330	PDHX	9606
O00337	SLC28A1	9606
O00338	SULT1C2	9606
O00339	MATN2	9606
O00341	SLC1A7	9606
O00358	FOXE1	9606
O00391	QSOX1	9606
O00398	P2RY10	9606
O00399	DCTN6	9606
O00400	SLC33A1	9606
O00401	WASL	9606
O00408	PDE2A	9606
O00409	FOXN3	9606
O00410	IPO5	9606
O00411	POLRMT	9606
O00418	EEF2K	9606
O00421	CCRL2	9606
O00422	SAP18	9606
O00423	EML1	9606
O00425	IGF2BP3	9606
O00429	DNM1L	9606
O00442	RTCA	9606
O00443	PIK3C2A	9606
O00444	PLK4	9606
O00445	SYT5	9606
O00451	GFRA2	9606
O00453	LST1	9606
O00458	IFRD1	9606
O00459	PIK3R2	9606
O00461	GOLIM4	9606
O00462	MANBA	9606
O00463	TRAF5	9606
O00468	AGRN	9606
O00469	PLOD2	9606
O00470	MEIS1	9606
O00471	EXOC5	9606
O00472	ELL2	9606
O00476	SLC17A3	9606
O00478	BTN3A3	9606
O00479	HMGN4	9606
O00481	BTN3A1	9606
O00482	NR5A2	9606
O00483	COXFA4	9606
O00487	PSMD14	9606
O00488	ZNF593	9606
O00499	BIN1	9606
O00501	CLDN5	9606
O00505	KPNA3	9606
O00506	STK25	9606
O00507	USP9Y	9606
O00512	BCL9	9606
O00515	LAD1	9606
O00519	FAAH	9606
O00522	KRIT1	9606
O00526	UPK2	9606
O00533	CHL1	9606
O00534	VWA5A	9606
O00541	PES1	9606
O00548	DLL1	9606
O00555	CACNA1A	9606
O00559	EBAG9	9606
O00560	SDCBP	9606
O00562	PITPNM1	9606
O00566	MPHOSPH10	9606
O00567	NOP56	9606
O00570	SOX1	9606
O00571	DDX3X	9606
O00574	CXCR6	9606
O00584	RNASET2	9606
O00585	CCL21	9606
O00587	MFNG	9606
O00590	ACKR2	9606
O00591	GABRP	9606
O00592	PODXL	9606
O00602	FCN1	9606
O00622	CCN1	9606
O00623	PEX12	9606
O00624	SLC17A2	9606
O00625	PIR	9606
O00626	CCL22	9606
O00628	PEX7	9606
O00629	KPNA4	9606
O00631	SLN	9606
O00634	NTN3	9606
O00635	TRIM38	9606
O00712	NFIB	9606
O00716	E2F3	9606
O00743	PPP6C	9606
O00744	WNT10B	9606
O00746	NME4	9606
O00748	CES2	9606
O00750	PIK3C2B	9606
O00754	MAN2B1	9606
O00755	WNT7A	9606
O00757	FBP2	9606
O00762	UBE2C	9606
O00763	ACACB	9606
O00764	PDXK	9606
O00767	SCD	9606
O08523	Tecta	10090
O08524	Tectb	10090
O08528	Hk2	10090
O08529	Capn2	10090
O08530	S1pr1	10090
O08532	Cacna2d1	10090
O08537	Esr2	10090
O08538	Angpt1	10090
O08539	Bin1	10090
O08540	Msmb	10090
O08542	Efna4	10090
O08543	Efna5	10090
O08545	Efna3	10090
O08546	U90926	10090
O08547	Sec22b	10090
O08550	Kmt2b	10090
O08553	Dpysl2	10090
O08573	Lgals9	10090
O08574	Mesp2	10090
O08575	Eya2	10090
O08576	Rundc3a	10090
O08579	Emd	10090
O08580	Esrra	10090
O08581	Kcnk1	10090
O08582	Gtpbp1	10090
O08583	Alyref	10090
O08584	Klf6	10090
O08585	Clta	10090
O08586	Pten	10090
O08599	Stxbp1	10090
O08600	Endog	10090
O08601	Mttp	10090
O08602	Raet1a	10090
O08603	Raet1b	10090
O08604	Raet1c	10090
O08605	Mknk1	10090
O08608	Oaz2	10090
O08609	Mlx	10090
O08632	Krtap19-5	10090
O08633	Krtap8-1	10090
O08638	Myh11	10090
O08640	Krtap14	10090
O08641	Sh3yl1	10090
O08644	Ephb6	10090
O08648	Map3k4	10090
O08650	Has3	10090
O08663	Metap2	10090
O08664	Bcl7c	10090
O08665	Sema3a	10090
O08672	Kifc2	10090
O08674	Rbpjl	10090
O08675	F2rl2	10090
O08677	Kng1	10090
O08686	Barx2	10090
O08688	Capn5	10090
O08689	Mstn	10090
O08691	Arg2	10090
O08692	Ngp	10090
O08696	Foxm1	10090
O08705	Slc10a1	10090
O08707	Ackr2	10090
O08709	Prdx6	10090
O08710	Tg	10090
O08712	Tnfrsf11b	10090
O08715	Akap1	10090
O08716	Fabp9	10090
O08717	Inhbe	10090
O08734	Bak1	10090
O08736	Casp12	10090
O08738	Casp6	10090
O08739	Ampd3	10090
O08740	Polr2j	10090
O08742	Gp5	10090
O08746	Matn2	10090
O08747	Unc5c	10090
O08749	Dld	10090
O08750	Nfil3	10090
O08755	Onecut1	10090
O08756	Hsd17b10	10090
O08759	Ube3a	10090
O08760	Ogg1	10090
O08762	Prss12	10090
O08784	Tcof1	10090
O08785	Clock	10090
O08786	Cckar	10090
O08788	Dctn1	10090
O08789	Mnt	10090
O08790	Fpr-s1	10090
O08791	Ebf3	10090
O08792	Ebf2	10090
O08795	Prkcsh	10090
O08796	Eef2k	10090
O08800	Serpinb8	10090
O08807	Prdx4	10090
O08808	Diaph1	10090
O08810	Eftud2	10090
O08811	Ercc2	10090
O08832	Galnt4	10090
O08842	Gfra2	10090
O08843	Lst1	10090
O08848	RO60	10090
O08849	Rgs2	10090
O08850	Rgs5	10090
O08852	Pkd1	10090
O08856	Ell	10090
O08858	Sstr5	10090
O08859	Tnfaip6	10090
O08863	Birc3	10090
O08884	Krtap6-2	10090
O08899	Rgs4	10090
O08900	Ikzf3	10090
O08901	Bub1	10090
O08908	Pik3r2	10090
O08911	Mapk12	10090
O08912	Galnt1	10090
O08914	Faah	10090
O08915	Aip	10090
O08917	Flot1	10090
O08918	Ccng2	10090
O08919	Numbl	10090
O08934	Uncx	10090
O08966	Slc22a1	10090
O08967	Cyth3	10090
O08969	Phlda2	10090
O08970	Tuft1	10090
O08976	Pbsn	10090
O08983	Hps1	10090
O08989	Mras	10090
O08992	Sdcbp	10090
O08997	Atox1	10090
O08999	Ltbp2	10090
O09000	Ncoa3	10090
O09005	Degs1	10090
O09008	Mfng	10090
O09009	Rfng	10090
O09010	Lfng	10090
O09012	Pex5	10090
O09030	Il13ra1	10090
O09035	Dbil5	10090
O09037	Reg3a	10090
O09039	Sh2b3	10090
O09043	Napsa	10090
O09044	Snap23	10090
O09046	Il4i1	10090
O09047	C3ar1	10090
O09049	Reg3g	10090
O09051	Guca2b	10090
O09053	Wrn	10090
O09061	Psmb1	10090
O09100	Gata2	10090
O09101	Pigf	10090
O09102	Gcm2	10090
O09105	Neurod4	10090
O09106	Hdac1	10090
O09107	Insl3	10090
O09108	Lhb	10090
O09110	Map2k3	10090
O09111	Ndufb11	10090
O09112	Dusp8	10090
O09113	Otp	10090
O09114	Ptgds	10090
O09116	Sprr3	10090
O09117	Sypl1	10090
O09118	Ntn1	10090
O09126	Sema4d	10090
O09127	Epha8	10090
O09130	Nfatc2ip	10090
O09131	Gsto1	10090
O09133	Smr2	10090
O09158	Cyp3a25	10090
O09159	Man2b1	10090
O09160	Fut1	10090
O09161	Casq2	10090
O09164	Sod3	10090
O09165	Casq1	10090
O09167	Rpl21	10090
O09172	Gclm	10090
O09173	Hgd	10090
O09174	Amacr	10090
O09198	Mal	10090
O14490	DLGAP1	9606
O14492	SH2B2	9606
O14493	CLDN4	9606
O14494	PLPP1	9606
O14495	PLPP3	9606
O14497	ARID1A	9606
O14498	ISLR	9606
O14503	BHLHE40	9606
O14508	SOCS2	9606
O14511	NRG2	9606
O14512	SOCS7	9606
O14513	NCKAP5	9606
O14514	ADGRB1	9606
O14519	CDK2AP1	9606
O14520	AQP7	9606
O14521	SDHD	9606
O14522	PTPRT	9606
O14523	C2CD2L	9606
O14524	NEMP1	9606
O14525	ASTN1	9606
O14526	FCHO1	9606
O14529	CUX2	9606
O14530	TXNDC9	9606
O14531	DPYSL4	9606
O14543	SOCS3	9606
O14544	SOCS6	9606
O14545	TRAFD1	9606
O14548	COX7A2L	9606
O14556	GAPDHS	9606
O14558	HSPB6	9606
O14559	ARHGAP33	9606
O14561	NDUFAB1	9606
O14562	UBFD1	9606
O14569	CYB561D2	9606
O14576	DYNC1I1	9606
O14578	CIT	9606
O14579	COPE	9606
O14581	OR7A17	9606
O14593	RFXANK	9606
O14594	NCAN	9606
O14595	CTDSP2	9606
O14598	VCY; VCY1B	9606
O14599	BPY2; BPY2B; BPY2C	9606
O14602	EIF1AY	9606
O14603	PRY; PRY2; PRYP3; PRYP4	9606
O14604	TMSB4Y	9606
O14607	UTY	9606
O14609	XKRY	9606
O14610	GNGT2	9606
O14613	CDC42EP2	9606
O14617	AP3D1	9606
O14618	CCS	9606
O14625	CXCL11	9606
O14626	GPR171	9606
O14627	CDX4	9606
O14628	ZNF195	9606
O14633	LCE2B	9606
O14638	ENPP3	9606
O14639	ABLIM1	9606
O14640	DVL1	9606
O14641	DVL2	9606
O14645	DNALI1	9606
O14646	CHD1	9606
O14647	CHD2	9606
O14649	KCNK3	9606
O14653	GOSR2	9606
O14654	IRS4	9606
O14656	TOR1A	9606
O14657	TOR1B	9606
O14662	STX16	9606
O14668	PRRG1	9606
O14669	PRRG2	9606
O14672	ADAM10	9606
O14678	ABCD4	9606
O14681	EI24	9606
O14682	ENC1	9606
O14683	TP53I11	9606
O14684	PTGES	9606
O14686	KMT2D	9606
O14709	ZNF197	9606
O14713	ITGB1BP1	9606
O14715	RGPD8	9606
O14717	TRDMT1	9606
O14718	RRH	9606
O14727	APAF1	9606
O14730	RIOK3	9606
O14732	IMPA2	9606
O14733	MAP2K7	9606
O14734	ACOT8	9606
O14735	CDIPT	9606
O14737	PDCD5	9606
O14744	PRMT5	9606
O14745	NHERF1	9606
O14746	TERT	9606
O14753	OVOL1	9606
O14756	HSD17B6	9606
O14757	CHEK1	9606
O14763	TNFRSF10B	9606
O14764	GABRD	9606
O14770	MEIS2	9606
O14771	ZNF213	9606
O14772	FPGT	9606
O14773	TPP1	9606
O14775	GNB5	9606
O14776	TCERG1	9606
O14777	NDC80	9606
O14782	KIF3C	9606
O14786	NRP1	9606
O14787	TNPO2	9606
O14788	TNFSF11	9606
O14791	APOL1	9606
O14792	HS3ST1	9606
O14793	MSTN	9606
O14795	UNC13B	9606
O14796	SH2D1B	9606
O14798	TNFRSF10C	9606
O14802	POLR3A	9606
O14804	TAAR5	9606
O14807	MRAS	9606
O14810	CPLX1	9606
O14813	PHOX2A	9606
O14815	CAPN9	9606
O14817	TSPAN4	9606
O14818	PSMA7	9606
O14827	RASGRF2	9606
O14828	SCAMP3	9606
O14829	PPEF1	9606
O14830	PPEF2	9606
O14832	PHYH	9606
O14836	TNFRSF13B	9606
O14841	OPLAH	9606
O14842	FFAR1	9606
O14843	FFAR3	9606
O14862	AIM2	9606
O14863	SLC30A4	9606
O14867	BACH1	9606
O14874	BCKDK	9606
O14879	IFIT3	9606
O14880	MGST3	9606
O14893	GEMIN2	9606
O14894	TM4SF5	9606
O14896	IRF6	9606
O14901	KLF11	9606
O14904	WNT9A	9606
O14905	WNT9B	9606
O14907	TAX1BP3	9606
O14908	GIPC1	9606
O14910	LIN7A	9606
O14917	PCDH17	9606
O14920	IKBKB	9606
O14921	RGS13	9606
O14924	RGS12	9606
O14925	TIMM23	9606
O14926	FSCN2	9606
O14929	HAT1	9606
O14931	NCR3	9606
O14933	UBE2L6	9606
O14936	CASK	9606
O14939	PLD2	9606
O14944	EREG	9606
O14948	TFEC	9606
O14949	UQCRQ	9606
O14950	MYL12B	9606
O14957	UQCR11	9606
O14958	CASQ2	9606
O14960	LECT2	9606
O14964	HGS	9606
O14965	AURKA	9606
O14966	RAB29	9606
O14967	CLGN	9606
O14972	VPS26C	9606
O14974	PPP1R12A	9606
O14975	SLC27A2	9606
O14976	GAK	9606
O14977	AZIN1	9606
O14978	ZNF263	9606
O14979	HNRNPDL	9606
O14980	XPO1	9606
O14981	BTAF1	9606
O14983	ATP2A1	9606
O14986	PIP5K1B	9606
O14990	PPP1R2C	9606
O14994	SYN3	9606
O15013	ARHGEF10	9606
O15014	ZNF609	9606
O15015	ZNF646	9606
O15016	TRIM66	9606
O15018	PDZD2	9606
O15020	SPTBN2	9606
O15021	MAST4	9606
O15027	SEC16A	9606
O15031	PLXNB2	9606
O15033	AREL1	9606
O15034	RIMBP2	9606
O15037	KHNYN	9606
O15040	TECPR2	9606
O15041	SEMA3E	9606
O15042	U2SURP	9606
O15047	SETD1A	9606
O15049	N4BP3	9606
O15050	TRANK1	9606
O15054	KDM6B	9606
O15055	PER2	9606
O15056	SYNJ2	9606
O15060	ZBTB39	9606
O15061	SYNM	9606
O15062	ZBTB5	9606
O15063	GARRE1	9606
O15066	KIF3B	9606
O15067	PFAS	9606
O15068	MCF2L	9606
O15069	NACAD	9606
O15072	ADAMTS3	9606
O15075	DCLK1	9606
O15078	CEP290	9606
O15079	SNPH	9606
O15083	ERC2	9606
O15084	ANKRD28	9606
O15085	ARHGEF11	9606
O15090	ZNF536	9606
O15091	PRORP	9606
O15105	SMAD7	9606
O15111	CHUK	9606
O15116	LSM1	9606
O15117	FYB1	9606
O15118	NPC1	9606
O15119	TBX3	9606
O15120	AGPAT2	9606
O15121	DEGS1	9606
O15123	ANGPT2	9606
O15126	SCAMP1	9606
O15127	SCAMP2	9606
O15130	NPFF	9606
O15131	KPNA5	9606
O15143	ARPC1B	9606
O15144	ARPC2	9606
O15145	ARPC3	9606
O15146	MUSK	9606
O15151	MDM4	9606
O15155	BET1	9606
O15156	ZBTB7B	9606
O15160	POLR1C	9606
O15162	PLSCR1	9606
O15164	TRIM24	9606
O15165	LDLRAD4	9606
O15169	AXIN1	9606
O15172	PSPHP1	9606
O15173	PGRMC2	9606
O15178	TBXT	9606
O15182	CETN3	9606
O15194	CTDSPL	9606
O15195	VILL	9606
O15197	EPHB6	9606
O15198	SMAD9	9606
O15204	ADAMDEC1	9606
O15205	UBD	9606
O15209	ZBTB22	9606
O15211	RGL2	9606
O15212	PFDN6	9606
O15213	WDR46	9606
O15217	GSTA4	9606
O15218	ACKR5	9606
O15225	INE1	9606
O15226	NKRF	9606
O15228	GNPAT	9606
O15229	KMO	9606
O15230	LAMA5	9606
O15231	ZNF185	9606
O15232	MATN3	9606
O15234	CASC3	9606
O15235	MRPS12	9606
O15239	NDUFA1	9606
O15240	VGF	9606
O15243	LEPROT	9606
O15244	SLC22A2	9606
O15245	SLC22A1	9606
O15247	CLIC2	9606
O15254	ACOX3	9606
O15255	RTL8C	9606
O15258	RER1	9606
O15259	NPHP1	9606
O15260	SURF4	9606
O15263	DEFB4A; DEFB4B	9606
O15264	MAPK13	9606
O15265	ATXN7	9606
O15266	SHOX	9606
O15269	SPTLC1	9606
O15270	SPTLC2	9606
O15273	TCAP	9606
O15287	FANCG	9606
O15294	OGT	9606
O15296	ALOX15B	9606
O15297	PPM1D	9606
O15303	GRM6	9606
O15304	SIVA1	9606
O15305	PMM2	9606
O15315	RAD51B	9606
O15318	POLR3G	9606
O15321	TM9SF1	9606
O15327	INPP4B	9606
O15335	CHAD	9606
O15342	ATP6V0E1	9606
O15344	MID1	9606
O15347	HMGB3	9606
O15350	TP73	9606
O15353	FOXN1	9606
O15354	GPR37	9606
O15355	PPM1G	9606
O15357	INPPL1	9606
O15360	FANCA	9606
O15370	SOX12	9606
O15371	EIF3D	9606
O15372	EIF3H	9606
O15374	SLC16A4	9606
O15375	SLC16A5	9606
O15379	HDAC3	9606
O15381	NVL	9606
O15382	BCAT2	9606
O15389	SIGLEC5	9606
O15391	YY2	9606
O15392	BIRC5	9606
O15393	TMPRSS2	9606
O15394	NCAM2	9606
O15397	IPO8	9606
O15399	GRIN2D	9606
O15400	STX7	9606
O15403	SLC16A6	9606
O15405	TOX3	9606
O15409	FOXP2	9606
O15417	TNRC18	9606
O15427	SLC16A3	9606
O15428	PIN1P1	9606
O15431	SLC31A1	9606
O15432	SLC31A2	9606
O15438	ABCC3	9606
O15439	ABCC4	9606
O15440	ABCC5	9606
O15442	MPPED1	9606
O15444	CCL25	9606
O15446	POLR1G	9606
O15455	TLR3	9606
O15457	MSH4	9606
O15460	P4HA2	9606
O15466	ST8SIA5	9606
O15467	CCL16	9606
O15479	MAGEB2	9606
O15480	MAGEB3	9606
O15481	MAGEB4	9606
O15482	TEX28; TEX28P1; TEX28P2	9606
O15484	CAPN5	9606
O15488	GYG2	9606
O15492	RGS16	9606
O15496	PLA2G10	9606
O15498	YKT6	9606
O15499	GSC2	9606
O15503	INSIG1	9606
O15504	NUP42	9606
O15511	ARPC5	9606
O15514	POLR2D	9606
O15516	CLOCK	9606
O15519	CFLAR	9606
O15520	FGF10	9606
O15522	NKX2-8	9606
O15523	DDX3Y	9606
O15524	SOCS1	9606
O15525	MAFG	9606
O15527	OGG1	9606
O15528	CYP27B1	9606
O15529	GPR42	9606
O15530	PDPK1	9606
O15533	TAPBP	9606
O15534	PER1	9606
O15535	ZSCAN9	9606
O15537	RS1	9606
O15539	RGS5	9606
O15540	FABP7	9606
O15541	RNF113A	9606
O15544	LINC01565	9606
O15547	P2RX6	9606
O15550	KDM6A	9606
O15551	CLDN3	9606
O15552	FFAR2	9606
O15553	MEFV	9606
O15554	KCNN4	9606
O35047	Psmc3ip	10090
O35054	Cldn4	10090
O35066	Kif3c	10090
O35071	Kif1c	10090
O35074	Ptgis	10090
O35075	Vps26c	10090
O35082	Kl	10090
O35083	Agpat1	10090
O35084	Cyp27b1	10090
O35085	Arx	10090
O35089	Cnih2	10090
O35098	Dpysl4	10090
O35099	Map3k5	10090
O35103	Omd	10090
O35111	Kcnk3	10090
O35114	Scarb2	10090
O35118	Gfra3	10090
O35125	Lrrc23	10090
O35126	Atn1	10090
O35127	Grcc10	10090
O35129	Phb2	10090
O35130	Emg1	10090
O35134	Polr1a	10090
O35136	Ncam2	10090
O35137	Alx4	10090
O35143	Atp5if1	10090
O35144	Terf2	10090
O35149	Slc30a4	10090
O35153	Bet1l	10090
O35160	Pitx3	10090
O35161	Celsr1	10090
O35164	Mcpt9	10090
O35166	Gosr2	10090
O35173	Kcns1	10090
O35174	Kcns2	10090
O35177	Nedd9	10090
O35181	Nrg3	10090
O35182	Smad6	10090
O35185	Bhlhe40	10090
O35188	Cx3cl1	10090
O35205	Gzmk	10090
O35206	Col15a1	10090
O35207	Cdk2ap1	10090
O35214	Rrh	10090
O35215	Ddt	10090
O35216	Cenpa	10090
O35218	Cpsf2	10090
O35219	Kcnh2	10090
O35226	Psmd4	10090
O35227	Adam7	10090
O35228	Ebi3	10090
O35231	Kifc3	10090
O35235	Tnfsf11	10090
O35239	Ptpn9	10090
O35242	Nsmaf	10090
O35245	Pkd2	10090
O35250	Exoc7	10090
O35253	Smad7	10090
O35256	Prl4a1	10090
O35257	Prl6a1	10090
O35261	E2f3	10090
O35280	Chek1	10090
O35284	Batf	10090
O35286	Dhx15	10090
O35290	Ear3	10090
O35291	Rnase2	10090
O35292	Rnase2b	10090
O35295	Purb	10090
O35298	Aoah	10090
O35304	Slc18a3	10090
O35305	Tnfrsf11a	10090
O35308	Slc16a8	10090
O35309	Nmi	10090
O35310	Hs3st1	10090
O35316	Slc6a6	10090
O35317	Pbx3	10090
O35324	Sh2d1b	10090
O35326	Srsf5	10090
O35343	Kpna4	10090
O35344	Kpna3	10090
O35345	Kpna6	10090
O35347	Dgcr6	10090
O35348	Colq	10090
O35350	Capn1	10090
O35367	Kera	10090
O35368	Ifi203	10090
O35372	Cnih1	10090
O35375	Nrp2	10090
O35379	Abcc1	10090
O35381	Anp32a	10090
O35382	Exoc4	10090
O35385	Ppef2	10090
O35386	Phyh	10090
O35387	Hax1	10090
O35392	Foxd2	10090
O35393	Efnb3	10090
O35400	Sult2b1	10090
O35403	Sult3a1	10090
O35405	Pld3	10090
O35409	Folh1	10090
O35417	Pdyn	10090
O35423	Agxt	10090
O35425	Bok	10090
O35426	Xbp1	10090
O35427	Crcp	10090
O35435	Dhodh	10090
O35437	Tcf21	10090
O35445	Rnf5	10090
O35448	Ppt2	10090
O35449	Prrt1	10090
O35450	Fkbpl	10090
O35451	Atf6b	10090
O35453	Hpn	10090
O35454	Clcn6	10090
O35457	Ccrl2	10090
O35459	Ech1	10090
O35464	Sema6a	10090
O35465	Fkbp8	10090
O35468	Wnt9b	10090
O35469	Hsd3b6	10090
O35473	C1d	10090
O35474	Edil3	10090
O35484	Azin1	10090
O35486	Crygs	10090
O35488	Slc27a2	10090
O35490	Bhmt	10090
O35491	Clk2	10090
O35492	Clk3	10090
O35493	Clk4	10090
O35495	Cdk14	10090
O35516	Notch2	10090
O35526	Stx1a	10090
O35536	Tfpi2	10090
O35544	Slc1a6	10090
O35551	Rabep1	10090
O35565	Fgf10	10090
O35566	Cd151	10090
O35593	Psmd14	10090
O35594	Ift81	10090
O35595	Ptch2	10090
O35598	Adam10	10090
O35599	Opn1mw	10090
O35600	Abca4	10090
O35601	Fyb1	10090
O35602	Rax	10090
O35604	Npc1	10090
O35607	Bmpr2	10090
O35608	Angpt2	10090
O35609	Scamp3	10090
O35613	Daxx	10090
O35615	Zfpm1	10090
O35618	Mdm4	10090
O35621	Pmm1	10090
O35622	Fgf15	10090
O35623	Bet1	10090
O35625	Axin1	10090
O35626	Rasd1	10090
O35627	Nr1i3	10090
O35632	Hyal2	10090
O35633	Slc32a1	10090
O35638	Stag2	10090
O35639	Anxa3	10090
O35640	Anxa8	10090
O35643	Ap1b1	10090
O35646	Capn6	10090
O35648	Cetn3	10090
O35652	Lhx8	10090
O35654	Pold2	10090
O35655	Ppef1	10090
O35657	Neu1	10090
O35658	C1qbp	10090
O35659	Glp1r	10090
O35660	Gstm6	10090
O35664	Ifnar2	10090
O35668	Hap1	10090
O35671	Itgb1bp1	10090
O35674	Adam19	10090
O35678	Mgll	10090
O35679	Spink4	10090
O35680	Mrps12	10090
O35681	Syt3	10090
O35682	Myadm	10090
O35683	Ndufa1	10090
O35684	Serpini1	10090
O35685	Nudc	10090
O35690	Phox2b	10090
O35691	Pnn	10090
O35696	St8sia2	10090
O35698	Rbmy	10090
O35701	Matn3	10090
O35704	Sptlc1	10090
O35709	Enc1	10090
O35710	Noct	10090
O35711	Ppfibp2	10090
O35714	Tnfrsf18	10090
O35716	Socs1	10090
O35717	Socs2	10090
O35718	Socs3	10090
O35719	Rad51b	10090
O35723	Dnajb3	10090
O35728	Cyp4a14	10090
O35730	Ring1	10090
O35732	Cflar	10090
O35737	Hnrnph1	10090
O35738	Klf12	10090
O35739	Klf9	10090
O35740	Cited2	10090
O35744	Chil3	10090
O35841	Api5	10090
O35855	Bcat2	10090
O35857	Timm44	10090
O35864	Cops5	10090
O35874	Slc1a4	10090
O35885	Ascl2	10090
O35887	Calu	10090
O35892	Sp100	10090
O35900	Lsm2	10090
O35902	Dsg3	10090
O35903	Ccl25	10090
O35904	Pik3cd	10090
O35906	Spib	10090
O35912	Emp3	10090
O35914	Bnc1	10090
O35926	Cdk5r2	10090
O35927	Ctnnd2	10090
O35929	Rem1	10090
O35930	Gp1ba	10090
O35936	Alox8	10090
O35942	Nek2	10090
O35943	Fxn	10090
O35945	Aldh1a7	10090
O35949	Elovl3	10090
O35954	Pitpnm1	10090
O35955	Psmb10	10090
O35961	Smr2	10090
O35963	Rab33b	10090
O35969	Gamt	10090
O35972	Mrpl23	10090
O35973	Per1	10090
O35975	Art2b	10090
O35979	Smr2	10090
O35980	Nthl1	10090
O35982	Smr2	10090
O35984	Pbx2	10090
O35985	Smr2	10090
O35988	Sdc4	10090
O42043	ERVK-18	9606
O43143	DHX15	9606
O43147	SGSM2	9606
O43148	RNMT	9606
O43149	ZZEF1	9606
O43150	ASAP2	9606
O43151	TET3	9606
O43155	FLRT2	9606
O43156	TTI1	9606
O43157	PLXNB1	9606
O43159	RRP8	9606
O43164	PJA2	9606
O43166	SIPA1L1	9606
O43167	ZBTB24	9606
O43169	CYB5B	9606
O43172	PRPF4	9606
O43173	ST8SIA3	9606
O43174	CYP26A1	9606
O43175	PHGDH	9606
O43181	NDUFS4	9606
O43182	ARHGAP6	9606
O43184	ADAM12	9606
O43186	CRX	9606
O43187	IRAK2	9606
O43189	PHF1	9606
O43193	MLNR	9606
O43194	GPR39	9606
O43196	MSH5	9606
O43236	SEPTIN4	9606
O43237	DYNC1LI2	9606
O43240	KLK10	9606
O43242	PSMD3	9606
O43246	SLC7A4	9606
O43247	CIMIP4	9606
O43248	HOXC11	9606
O43251	RBFOX2	9606
O43252	PAPSS1	9606
O43255	SIAH2	9606
O43257	ZNHIT1	9606
O43261	DLEU1	9606
O43264	ZW10	9606
O43272	PRODH	9606
O43278	SPINT1	9606
O43280	TREH	9606
O43281	EFS	9606
O43283	MAP3K13	9606
O43286	B4GALT5	9606
O43290	SART1	9606
O43291	SPINT2	9606
O43292	GPAA1	9606
O43293	DAPK3	9606
O43294	TGFB1I1	9606
O43295	SRGAP3	9606
O43296	ZNF264	9606
O43298	ZBTB43	9606
O43299	AP5Z1	9606
O43300	LRRTM2	9606
O43301	HSPA12A	9606
O43303	CCP110	9606
O43304	SEC14L5	9606
O43306	ADCY6	9606
O43307	ARHGEF9	9606
O43309	ZSCAN12	9606
O43310	CTIF	9606
O43312	MTSS1	9606
O43313	ATMIN	9606
O43314	PPIP5K2	9606
O43315	AQP9	9606
O43316	PAX4	9606
O43318	MAP3K7	9606
O43320	FGF16	9606
O43323	DHH	9606
O43324	EEF1E1	9606
O43325	LYRM1	9606
O43345	ZNF208	9606
O43347	MSI1	9606
O43353	RIPK2	9606
O43361	ZNF749	9606
O43364	HOXA2	9606
O43365	HOXA3	9606
O43374	RASA4	9606
O43379	WDR62	9606
O43390	HNRNPR	9606
O43395	PRPF3	9606
O43396	TXNL1	9606
O43399	TPD52L2	9606
O43402	EMC8	9606
O43405	COCH	9606
O43414	ERI3	9606
O43422	THAP12	9606
O43423	ANP32CP	9606
O43424	GRID2	9606
O43426	SYNJ1	9606
O43427	FIBP	9606
O43432	EIF4G3	9606
O43435	TBX1	9606
O43439	CBFA2T2	9606
O43447	PPIH	9606
O43448	KCNAB3	9606
O43451	MGAM	9606
O43462	MBTPS2	9606
O43463	SUV39H1	9606
O43464	HTRA2	9606
O43474	KLF4	9606
O43482	OIP5	9606
O43488	AKR7A2	9606
O43490	PROM1	9606
O43491	EPB41L2	9606
O43493	TGOLN2	9606
O43497	CACNA1G	9606
O43502	RAD51C	9606
O43504	LAMTOR5	9606
O43505	B4GAT1	9606
O43506	ADAM20	9606
O43508	TNFSF12	9606
O43511	SLC26A4	9606
O43513	MED7	9606
O43516	WIPF1	9606
O43520	ATP8B1	9606
O43521	BCL2L11	9606
O43524	FOXO3	9606
O43525	KCNQ3	9606
O43526	KCNQ2	9606
O43529	CHST10	9606
O43541	SMAD6	9606
O43542	XRCC3	9606
O43543	XRCC2	9606
O43548	TGM5	9606
O43555	GNRH2	9606
O43556	SGCE	9606
O43557	TNFSF14	9606
O43559	FRS3	9606
O43561	LAT	9606
O43566	RGS14	9606
O43567	RNF13	9606
O43570	CA12	9606
O43572	AKAP10	9606
O43581	SYT7	9606
O43583	DENR	9606
O43586	PSTPIP1	9606
O43592	XPOT	9606
O43593	HR	9606
O43597	SPRY2	9606
O43598	DNPH1	9606
O43602	DCX	9606
O43603	GALR2	9606
O43609	SPRY1	9606
O43610	SPRY3	9606
O43612	HCRT	9606
O43613	HCRTR1	9606
O43614	HCRTR2	9606
O43615	TIMM44	9606
O43617	TRAPPC3	9606
O43623	SNAI2	9606
O43633	CHMP2A	9606
O43638	FOXS1	9606
O43639	NCK2	9606
O43653	PSCA	9606
O43657	TSPAN6	9606
O43660	PLRG1	9606
O43663	PRC1	9606
O43665	RGS10	9606
O43670	ZNF207	9606
O43674	NDUFB5	9606
O43676	NDUFB3	9606
O43677	NDUFC1	9606
O43678	NDUFA2	9606
O43679	LDB2	9606
O43680	TCF21	9606
O43681	GET3	9606
O43683	BUB1	9606
O43684	BUB3	9606
O43687	AKAP7	9606
O43688	PLPP2	9606
O43692	PI15	9606
O43699	SIGLEC6	9606
O43704	SULT1B1	9606
O43707	ACTN4	9606
O43708	GSTZ1	9606
O43709	BUD23	9606
O43711	TLX3	9606
O43715	TRIAP1	9606
O43716	GATC	9606
O43719	HTATSF1	9606
O43731	KDELR3	9606
O43734	TRAF3IP2	9606
O43736	ITM2A	9606
O43739	CYTH3	9606
O43741	PRKAB2	9606
O43745	CHP2	9606
O43747	AP1G1	9606
O43749	OR1F1	9606
O43752	STX6	9606
O43759	SYNGR1	9606
O43760	SYNGR2	9606
O43761	SYNGR3	9606
O43763	TLX2	9606
O43765	SGTA	9606
O43766	LIAS	9606
O43768	ENSA	9606
O43772	SLC25A20	9606
O43776	NARS1	9606
O43781	DYRK3	9606
O43790	KRT86	9606
O43791	SPOP	9606
O43795	MYO1B	9606
O43805	SSNA1	9606
O43808	SLC25A17	9606
O43809	NUDT21	9606
O43812	DUX1	9606
O43813	LANCL1	9606
O43815	STRN	9606
O43818	RRP9	9606
O43819	SCO2	9606
O43820	HYAL3	9606
O43822	CFAP410	9606
O43823	AKAP8	9606
O43824	GTPBP6	9606
O43825	B3GALT2	9606
O43826	SLC37A4	9606
O43827	ANGPTL7	9606
O43829	ZBTB14	9606
O43837	IDH3B	9606
O43847	NRDC	9606
O43852	CALU	9606
O43854	EDIL3	9606
O43861	ATP9B	9606
O43865	AHCYL1	9606
O43866	CD5L	9606
O43868	SLC28A2	9606
O43869	OR2T1	9606
O43889	CREB3	9606
O43895	XPNPEP2	9606
O43896	KIF1C	9606
O43897	TLL1	9606
O43900	PRICKLE3	9606
O43903	GAS2	9606
O43908	KLRC4	9606
O43909	EXTL3	9606
O43913	ORC5	9606
O43914	TYROBP	9606
O43915	VEGFD	9606
O43916	CHST1	9606
O43918	AIRE	9606
O43920	NDUFS5	9606
O43921	EFNA2	9606
O43924	PDE6D	9606
O43927	CXCL13	9606
O43929	ORC4	9606
O43933	PEX1	9606
O43934	MFSD11	9606
O54689	Ccr6	10090
O54692	Zw10	10090
O54693	Eda	10090
O54707	Klrd1	10090
O54709	Klrk1	10090
O54714	Pias3	10090
O54724	Cavin1	10090
O54732	Mmp15	10090
O54734	Ddost	10090
O54743	Foxf2	10090
O54749	Cyp2j5	10090
O54750	Cyp2j6	10090
O54751	Crx	10090
O54754	Aox1	10090
O54774	Ap3d1	10090
O54775	Ccn4	10090
O54781	Srpk2	10090
O54782	Man2b2	10090
O54784	Dapk3	10090
O54785	Limk2	10090
O54786	Dffa	10090
O54788	Dffb	10090
O54790	Mafg	10090
O54791	Maff	10090
O54792	Hes2	10090
O54794	Aqp7	10090
O54798	Brs3	10090
O54799	Nmbr	10090
O54803	P2rx6	10090
O54804	Chka	10090
O54818	Tpd52l1	10090
O54819	Tfpi	10090
O54824	Il16	10090
O54825	Bysl	10090
O54826	Mllt10	10090
O54827	Atp10a	10090
O54828	Rgs9	10090
O54829	Rgs7	10090
O54830	Prl7a1	10090
O54831	Prl7a2	10090
O54833	Csnk2a2	10090
O54834	Arhgap6	10090
O54836	Zmat3	10090
O54839	Eomes	10090
O54851	Gjd2	10090
O54863	Tssk2	10090
O54864	Suv39h1	10090
O54865	Gucy1b1	10090
O54879	Hmgb3	10090
O54885	Tyrobp	10090
O54887	Tsks	10090
O54890	Itgb3	10090
O54891	Lgals6	10090
O54897	Gpr27	10090
O54901	Cd200	10090
O54904	B3galt1	10090
O54905	B3galt2	10090
O54907	Tnfsf12	10090
O54908	Dkk1	10090
O54909	Rdh16	10090
O54910	Nfkbie	10090
O54915	Nr1i2	10090
O54916	Reps1	10090
O54917	E2f6	10090
O54918	Bcl2l11	10090
O54926	Siva1	10090
O54927	Wsb1	10090
O54928	Socs5	10090
O54929	Wsb2	10090
O54931	Pakap	10090
O54940	Bnip2	10090
O54941	Smarce1	10090
O54942	Cldn5	10090
O54943	Per2	10090
O54946	Dnajb6	10090
O54949	Nlk	10090
O54950	Prkag1	10090
O54951	Sema6b	10090
O54956	Pole2	10090
O54957	Lat	10090
O54962	Banf1	10090
O54965	Rnf13	10090
O54967	Tnk2	10090
O54972	Cbfa2t3	10090
O54974	Lgals7	10090
O54982	Kcnu1	10090
O54983	Crym	10090
O54984	Get3	10090
O54988	Slk	10090
O54990	Prom1	10090
O54991	Cntnap1	10090
O54992	Mapkapk5	10090
O54998	Fkbp7	10090
O55003	Bnip3	10090
O55013	Trappc3	10090
O55017	Cacna1b	10090
O55022	Pgrmc1	10090
O55023	Impa1	10090
O55026	Entpd2	10090
O55028	Bckdk	10090
O55029	Copb2	10090
O55033	Nck2	10090
O55038	Cxcl13	10090
O55040	Nmur1	10090
O55042	Snca	10090
O55047	Tlk2	10090
O55055	Trdmt1	10090
O55057	Pde6d	10090
O55060	Tpmt	10090
O55070	Dnase1l3	10090
O55071	Cyp2b19	10090
O55074	Akap7	10090
O55082	Ptpn20	10090
O55087	Mef2b	10090
O55091	Impact	10090
O55098	Stk10	10090
O55100	Syngr1	10090
O55101	Syngr2	10090
O55102	Bloc1s1	10090
O55103	Prx	10090
O55106	Strn	10090
O55111	Dsg2	10090
O55112	Aff2	10090
O55123	Mmp10	10090
O55125	Nipsnap1	10090
O55126	Nipsnap2	10090
O55127	Cyp26a1	10090
O55128	Sap18	10090
O55131	Septin7	10090
O55134	Pcdh12	10090
O55135	Eif6	10090
O55137	Acot1	10090
O55142	Rpl35a	10090
O55143	Atp2a2	10090
O55144	Tlx3	10090
O55176	Pja1	10090
O55183	Stc1	10090
O55186	Cd59a	10090
O55187	Cbx4	10090
O55188	Dmp1	10090
O55189	Ambn	10090
O55192	Slc6a2	10090
O55196	Enam	10090
O55201	Supt5h	10090
O55203	Ldb2	10090
O55208	Figla	10090
O55222	Ilk	10090
O55225	Otog	10090
O55226	Chad	10090
O55229	Chkb	10090
O55230	Rad51d	10090
O55233	Cer1	10090
O55234	Psmb5	10090
O55236	Rngtt	10090
O55237	Cd70	10090
O55239	Nnmt	10090
O55240	Rdh5	10090
O55241	Hcrt	10090
O55242	Sigmar1	10090
O60216	RAD21	9606
O60218	AKR1B10	9606
O60220	TIMM8A	9606
O60224	SSX4; SSX4B	9606
O60225	SSX5	9606
O60229	KALRN	9606
O60231	DHX16	9606
O60232	ZNRD2	9606
O60234	GMFG	9606
O60235	TMPRSS11D	9606
O60237	PPP1R12B	9606
O60238	BNIP3L	9606
O60239	SH3BP5	9606
O60240	PLIN1	9606
O60241	ADGRB2	9606
O60242	ADGRB3	9606
O60243	HS6ST1	9606
O60244	MED14	9606
O60245	PCDH7	9606
O60248	SOX15	9606
O60256	PRPSAP2	9606
O60258	FGF17	9606
O60259	KLK8	9606
O60260	PRKN	9606
O60262	GNG7	9606
O60264	SMARCA5	9606
O60266	ADCY3	9606
O60268	KIAA0513	9606
O60269	GPRIN2	9606
O60271	SPAG9	9606
O60279	SUSD5	9606
O60281	ZNF292	9606
O60282	KIF5C	9606
O60284	ST18	9606
O60285	NUAK1	9606
O60287	URB1	9606
O60290	ZNF862	9606
O60291	MGRN1	9606
O60292	SIPA1L3	9606
O60293	ZFC3H1	9606
O60294	LCMT2	9606
O60296	TRAK2	9606
O60299	LZTS3	9606
O60303	KATNIP	9606
O60304	ZNF500	9606
O60306	AQR	9606
O60307	MAST3	9606
O60308	CEP104	9606
O60309	LRRC37A3	9606
O60312	ATP10A	9606
O60313	OPA1	9606
O60315	ZEB2	9606
O60318	MCM3AP	9606
O60320	ENTREP2	9606
O60330	PCDHGA12	9606
O60331	PIP5K1C	9606
O60333	KIF1B	9606
O60336	MAPKBP1	9606
O60337	MARCHF6	9606
O60341	KDM1A	9606
O60343	TBC1D4	9606
O60346	PHLPP1	9606
O60347	TBC1D12	9606
O60353	FZD6	9606
O60356	NUPR1	9606
O60359	CACNG3	9606
O60381	HBP1	9606
O60383	GDF9	9606
O60384	ZNF861P	9606
O60391	GRIN3B	9606
O60393	NOBOX	9606
O60397	COX7A2P2	9606
O60403	OR10H2	9606
O60404	OR10H3	9606
O60412	OR7C2	9606
O60422	ONECUT3	9606
O60423	ATP8B3	9606
O60427	FADS1	9606
O60431	OR1I1	9606
O60437	PPL	9606
O60443	GSDME	9606
O60447	EVI5	9606
O60449	LY75	9606
O60462	NRP2	9606
O60469	DSCAM	9606
O60476	MAN1A2	9606
O60477	BRINP1	9606
O60478	GPR137B	9606
O60479	DLX3	9606
O60481	ZIC3	9606
O60486	PLXNC1	9606
O60487	MPZL2	9606
O60488	ACSL4	9606
O60493	SNX3	9606
O60494	CUBN	9606
O60496	DOK2	9606
O60499	STX10	9606
O60500	NPHS1	9606
O60502	OGA	9606
O60503	ADCY9	9606
O60504	SORBS3	9606
O60506	SYNCRIP	9606
O60507	TPST1	9606
O60508	CDC40	9606
O60512	B4GALT3	9606
O60513	B4GALT4	9606
O60516	EIF4EBP3	9606
O60518	RANBP6	9606
O60519	CREBL2	9606
O60522	TDRD6	9606
O60524	NEMF	9606
O60542	PSPN	9606
O60543	CIDEA	9606
O60547	GMDS	9606
O60548	FOXD2	9606
O60551	NMT2	9606
O60563	CCNT1	9606
O60565	GREM1	9606
O60566	BUB1B	9606
O60568	PLOD3	9606
O60573	EIF4E2	9606
O60575	SPINK4	9606
O60583	CCNT2	9606
O60602	TLR5	9606
O60603	TLR2	9606
O60609	GFRA3	9606
O60610	DIAPH1	9606
O60613	SELENOF	9606
O60635	TSPAN1	9606
O60636	TSPAN2	9606
O60637	TSPAN3	9606
O60641	SNAP91	9606
O60645	EXOC3	9606
O60656	UGT1A9	9606
O60658	PDE8A	9606
O60662	KLHL41	9606
O60663	LMX1B	9606
O60664	PLIN3	9606
O60667	FCMR	9606
O60669	SLC16A7	9606
O60671	RAD1	9606
O60673	REV3L	9606
O60674	JAK2	9606
O60675	MAFK	9606
O60676	CST8	9606
O60678	PRMT3	9606
O60682	MSC	9606
O60683	PEX10	9606
O60684	KPNA6	9606
O60687	SRPX2	9606
O60688	YPEL1	9606
O60701	UGDH	9606
O60704	TPST2	9606
O60706	ABCC9	9606
O60711	LPXN	9606
O60716	CTNND1	9606
O60721	SLC24A1	9606
O60725	ICMT	9606
O60729	CDC14B	9606
O60732	MAGEC1	9606
O60733	PLA2G6	9606
O60739	EIF1B	9606
O60741	HCN1	9606
O60749	SNX2	9606
O60755	GALR3	9606
O60756	BCE1	9606
O60759	CYTIP	9606
O60760	HPGDS	9606
O60762	DPM1	9606
O60763	USO1	9606
O60765	ZNF354A	9606
O60774	FMO6P	9606
O60779	SLC19A2	9606
O60783	MRPS14	9606
O60784	TOM1	9606
O60806	TBX19	9606
O60809	PRAMEF10	9606
O60810	PRAMEF4	9606
O60811	PRAMEF2	9606
O60812	HNRNPCL1	9606
O60813	PRAMEF11	9606
O60814	H2BC12	9606
O60825	PFKFB2	9606
O60826	CCDC22	9606
O60828	PQBP1	9606
O60829	PAGE4	9606
O60830	TIMM17B	9606
O60831	PRAF2	9606
O60832	DKC1	9606
O60840	CACNA1F	9606
O60841	EIF5B	9606
O60844	ZG16	9606
O60858	TRIM13	9606
O60861	GAS7	9606
O60869	EDF1	9606
O60870	KIN	9606
O60879	DIAPH2	9606
O60880	SH2D1A	9606
O60882	MMP20	9606
O60883	GPR37L1	9606
O60884	DNAJA2	9606
O60885	BRD4	9606
O60888	CUTA	9606
O60890	OPHN1	9606
O60894	RAMP1	9606
O60895	RAMP2	9606
O60896	RAMP3	9606
O60902	SHOX2	9606
O60906	SMPD2	9606
O60907	TBL1X	9606
O60909	B4GALT2	9606
O60911	CTSV	9606
O60921	HUS1	9606
O60925	PFDN1	9606
O60927	PPP1R11	9606
O60928	KCNJ13	9606
O60930	RNASEH1	9606
O60931	CTNS	9606
O60934	NBN	9606
O60936	NOL3	9606
O60938	KERA	9606
O60939	SCN2B	9606
O60941	DTNB	9606
O60942	RNGTT	9606
O70126	Aurkb	10090
O70131	Ninj1	10090
O70133	Dhx9	10090
O70137	Alx3	10090
O70138	Mmp8	10090
O70139	Pkig	10090
O70145	Ncf2	10090
O70146	Tesk1	10090
O70152	Dpm1	10090
O70157	Top3a	10090
O70161	Pip5k1c	10090
O70165	Fcn1	10090
O70166	Stmn3	10090
O70167	Pik3c2g	10090
O70169	Prss39	10090
O70172	Pip4k2a	10090
O70174	Chrna4	10090
O70176	Adcyap1	10090
O70191	Atf5	10090
O70194	Eif3d	10090
O70200	Aif1	10090
O70201	Birc5	10090
O70209	Pdlim3	10090
O70218	Hmx1	10090
O70220	Foxq1	10090
O70228	Atp9a	10090
O70230	Znf143	10090
O70237	Gfi1b	10090
O70250	Pgam2	10090
O70251	Eef1b	10090
O70252	Hmox2	10090
O70255	Mpzl2	10090
O70258	Sgce	10090
O70263	Lnx1	10090
O70273	Ehf	10090
O70274	Ptp4a2	10090
O70279	Ess2	10090
O70281	Tpst1	10090
O70283	Wnt2b	10090
O70291	Grk4	10090
O70293	Grk6	10090
O70299	Mab21l1	10090
O70300	Pspn	10090
O70302	Cidea	10090
O70303	Cideb	10090
O70305	Atxn2	10090
O70306	Tbx15	10090
O70309	Itgb5	10090
O70310	Nmt1	10090
O70311	Nmt2	10090
O70318	Epb41l2	10090
O70324	Slc16a2	10090
O70325	Gpx4	10090
O70326	Grem1	10090
O70333	Cript	10090
O70337	Bik	10090
O70338	Rnaseh1	10090
O70340	Nptx2	10090
O70342	Npy5r	10090
O70343	Ppargc1a	10090
O70348	Dxo	10090
O70354	Ca11	10090
O70355	Btnl2	10090
O70361	Per3	10090
O70362	Gpld1	10090
O70370	Ctss	10090
O70372	Tert	10090
O70373	Xirp1	10090
O70374	Cbfa2t2	10090
O70378	Emc8	10090
O70394	Il27ra	10090
O70400	Pdlim1	10090
O70401	Tspan6	10090
O70404	Vamp8	10090
O70405	Ulk1	10090
O70410	Vmn2r1	10090
O70421	Fzd1	10090
O70422	Gtf2h4	10090
O70423	Aoc3	10090
O70433	Fhl2	10090
O70435	Psma3	10090
O70439	Stx7	10090
O70443	Gnaz	10090
O70445	Bard1	10090
O70451	Slc16a7	10090
O70456	Sfn	10090
O70458	Osmr	10090
O70460	Ccl19	10090
O70468	Mybpc3	10090
O70469	Dok2	10090
O70472	Tmem131	10090
O70475	Ugdh	10090
O70477	Pknox1	10090
O70479	Tnfaip1	10090
O70480	Vamp4	10090
O70481	Ubr1	10090
O70491	Stra6	10090
O70492	Snx3	10090
O70493	Snx12	10090
O70494	Sp3	10090
O70496	Clcn7	10090
O70497	Fcn2	10090
O70503	Hsd17b12	10090
O70507	Hcn4	10090
O70514	Fgfbp1	10090
O70546	Kdm6a	10090
O70548	Tcap	10090
O70551	Srpk1	10090
O70552	Btg4	10090
O70554	Sprr2b	10090
O70555	Sprr2d	10090
O70556	Sprr2e	10090
O70557	Sprr2f	10090
O70558	Sprr2g	10090
O70559	Sprr2h	10090
O70560	Sprr2i	10090
O70561	Sprr2j	10090
O70562	Sprr2k	10090
O70566	Diaph2	10090
O70570	Pigr	10090
O70571	Pdk4	10090
O70572	Smpd2	10090
O70576	Stag3	10090
O70577	Slc22a2	10090
O70578	Cacng1	10090
O70579	Slc25a17	10090
O70582	Alox12b	10090
O70583	Mid1	10090
O70584	Nkx2-8	10090
O70585	Dtnb	10090
O70589	Cask	10090
O70591	Pfdn2	10090
O70622	Rtn2	10090
O70624	Myoc	10090
O70628	Pde9a	10090
O71037	ERVK-19	9606
O75015	FCGR3B	9606
O75019	LILRA1	9606
O75022	LILRB3	9606
O75023	LILRB5	9606
O75027	ABCB7	9606
O75030	MITF	9606
O75031	HSF2BP	9606
O75037	KIF21B	9606
O75038	PLCH2	9606
O75044	SRGAP2	9606
O75051	PLXNA2	9606
O75052	NOS1AP	9606
O75054	IGSF3	9606
O75056	SDC3	9606
O75061	DNAJC6	9606
O75063	FAM20B	9606
O75064	DENND4B	9606
O75069	TMCC2	9606
O75071	EFCAB14	9606
O75072	FKTN	9606
O75074	LRP3	9606
O75077	ADAM23	9606
O75078	ADAM11	9606
O75081	CBFA2T3	9606
O75083	WDR1	9606
O75084	FZD7	9606
O75093	SLIT1	9606
O75094	SLIT3	9606
O75095	MEGF6	9606
O75096	LRP4	9606
O75106	AOC2	9606
O75110	ATP9A	9606
O75112	LDB3	9606
O75113	N4BP1	9606
O75116	ROCK2	9606
O75121	MFAP3L	9606
O75122	CLASP2	9606
O75123	ZNF623	9606
O75127	PTCD1	9606
O75128	COBL	9606
O75129	ASTN2	9606
O75131	CPNE3	9606
O75132	ZBED4	9606
O75140	DEPDC5	9606
O75143	ATG13	9606
O75144	ICOSLG	9606
O75145	PPFIA3	9606
O75146	HIP1R	9606
O75147	OBSL1	9606
O75150	RNF40	9606
O75151	PHF2	9606
O75152	ZC3H11A	9606
O75153	CLUH	9606
O75154	RAB11FIP3	9606
O75155	CAND2	9606
O75157	TSC22D2	9606
O75159	SOCS5	9606
O75161	NPHP4	9606
O75164	KDM4A	9606
O75165	DNAJC13	9606
O75167	PHACTR2	9606
O75170	PPP6R2	9606
O75173	ADAMTS4	9606
O75175	CNOT3	9606
O75177	SS18L1	9606
O75179	ANKRD17	9606
O75182	SIN3B	9606
O75185	ATP2C2	9606
O75190	DNAJB6	9606
O75191	XYLB	9606
O75192	PEX11A	9606
O75197	LRP5	9606
O75200	NPIPB7	9606
O75204	TMEM127	9606
O75208	COQ9	9606
O75223	GGCT	9606
O75251	NDUFS7	9606
O75264	SMIM24	9606
O75290	ZNF780A	9606
O75293	GADD45B	9606
O75298	RTN2	9606
O75306	NDUFS2	9606
O75309	CDH16	9606
O75310	UGT2B11	9606
O75311	GLRA3	9606
O75312	ZPR1	9606
O75317	USP12	9606
O75319	DUSP11	9606
O75323	NIPSNAP2	9606
O75324	SNN	9606
O75325	LRRN2	9606
O75326	SEMA7A	9606
O75330	HMMR	9606
O75333	TBX10	9606
O75334	PPFIA2	9606
O75335	PPFIA4	9606
O75339	CILP	9606
O75340	PDCD6	9606
O75342	ALOX12B	9606
O75343	GUCY1B2	9606
O75344	FKBP6	9606
O75346	ZNF253	9606
O75347	TBCA	9606
O75348	ATP6V1G1	9606
O75351	VPS4B	9606
O75352	MPDU1	9606
O75354	ENTPD6	9606
O75355	ENTPD3	9606
O75356	ENTPD5	9606
O75360	PROP1	9606
O75362	ZNF217	9606
O75363	BCAS1	9606
O75364	PITX3	9606
O75365	PTP4A3	9606
O75366	AVIL	9606
O75367	MACROH2A1	9606
O75368	SH3BGRL	9606
O75369	FLNB	9606
O75373	ZNF737	9606
O75376	NCOR1	9606
O75379	VAMP4	9606
O75380	NDUFS6	9606
O75381	PEX14	9606
O75382	TRIM3	9606
O75385	ULK1	9606
O75386	TULP3	9606
O75387	SLC43A1	9606
O75388	GPR32	9606
O75390	CS	9606
O75391	SPAG7	9606
O75394	MRPL33	9606
O75396	SEC22B	9606
O75398	DEAF1	9606
O75400	PRPF40A	9606
O75409	H2AP	9606
O75410	TACC1	9606
O75414	NME6	9606
O75417	POLQ	9606
O75419	CDC45	9606
O75420	GIGYF1	9606
O75425	MOSPD3	9606
O75426	FBXO24	9606
O75427	LRCH4	9606
O75431	MTX2	9606
O75436	VPS26A	9606
O75437	ZNF254	9606
O75438	NDUFB1	9606
O75439	PMPCB	9606
O75443	TECTA	9606
O75444	MAF	9606
O75445	USH2A	9606
O75446	SAP30	9606
O75448	MED24	9606
O75449	KATNA1	9606
O75452	RDH16	9606
O75459	PAGE1	9606
O75460	ERN1	9606
O75461	E2F6	9606
O75462	CRLF1	9606
O75467	ZNF324	9606
O75469	NR1I2	9606
O75473	LGR5	9606
O75474	FRAT2	9606
O75475	PSIP1	9606
O75477	ERLIN1	9606
O75478	TADA2A	9606
O75486	SUPT3H	9606
O75487	GPC4	9606
O75489	NDUFS3	9606
O75493	CA11	9606
O75494	SRSF10	9606
O75496	GMNN	9606
O75503	CLN5	9606
O75506	HSBP1	9606
O75508	CLDN11	9606
O75509	TNFRSF21	9606
O75521	ECI2	9606
O75525	KHDRBS3	9606
O75526	RBMXL2	9606
O75528	TADA3	9606
O75529	TAF5L	9606
O75530	EED	9606
O75531	BANF1	9606
O75533	SF3B1	9606
O75534	CSDE1	9606
O75541	ZNF821	9606
O75553	DAB1	9606
O75554	WBP4	9606
O75556	SCGB2A1	9606
O75558	STX11	9606
O75563	SKAP2	9606
O75564	JRK	9606
O75569	PRKRA	9606
O75570	MTRF1	9606
O75575	CRCP	9606
O75578	ITGA10	9606
O75581	LRP6	9606
O75582	RPS6KA5	9606
O75586	MED6	9606
O75592	MYCBP2	9606
O75593	FOXH1	9606
O75594	PGLYRP1	9606
O75596	CLEC3A	9606
O75600	GCAT	9606
O75602	SPAG6	9606
O75603	GCM2	9606
O75604	USP2	9606
O75607	NPM3	9606
O75608	LYPLA1	9606
O75610	LEFTY1	9606
O75616	ERAL1	9606
O75618	DEDD	9606
O75626	PRDM1	9606
O75628	REM1	9606
O75629	CREG1	9606
O75631	UPK3A	9606
O75635	SERPINB7	9606
O75636	FCN3	9606
O75638	CTAG2	9606
O75643	SNRNP200	9606
O75648	TRMU	9606
O75663	TIPRL	9606
O75665	OFD1	9606
O75674	TOM1L1	9606
O75676	RPS6KA4	9606
O75677	RFPL1	9606
O75678	RFPL2	9606
O75679	RFPL3	9606
O75683	SURF6	9606
O75688	PPM1B	9606
O75689	ADAP1	9606
O75690	KRTAP5-8	9606
O75691	UTP20	9606
O75694	NUP155	9606
O75695	RP2	9606
O75711	SCRG1	9606
O75712	GJB3	9606
O75715	GPX5	9606
O75716	STK16	9606
O75717	WDHD1	9606
O75718	CRTAP	9606
O75746	SLC25A12	9606
O75747	PIK3C2G	9606
O75751	SLC22A3	9606
O75752	B3GALNT1	9606
O75762	TRPA1	9606
O75764	TCEA3	9606
O75771	RAD51D	9606
O75781	PALM	9606
O75783	RHBDL1	9606
O75787	ATP6AP2	9606
O75791	GRAP2	9606
O75792	RNASEH2A	9606
O75794	CDC123	9606
O75795	UGT2B17	9606
O75800	ZMYND10	9606
O75807	PPP1R15A	9606
O75808	CAPN15	9606
O75815	BCAR3	9606
O75817	POP7	9606
O75818	RPP40	9606
O75820	ZNF189	9606
O75821	EIF3G	9606
O75822	EIF3J	9606
O75828	CBR3	9606
O75829	CNMD	9606
O75830	SERPINI2	9606
O75832	PSMD10	9606
O75838	CIB2	9606
O75840	KLF7	9606
O75841	UPK1B	9606
O75843	AP1G2	9606
O75844	ZMPSTE24	9606
O75845	SC5D	9606
O75864	PPP1R37	9606
O75865	TRAPPC6A	9606
O75871	CEACAM4	9606
O75874	IDH1	9606
O75879	GATB	9606
O75880	SCO1	9606
O75881	CYP7B1	9606
O75882	ATRN	9606
O75884	RBBP9	9606
O75886	STAM2	9606
O75888	TNFSF13	9606
O75891	ALDH1L1	9606
O75896	TUSC2	9606
O75897	SULT1C4	9606
O75899	GABBR2	9606
O75900	MMP23B	9606
O75901	RASSF9	9606
O75907	DGAT1	9606
O75908	SOAT2	9606
O75909	CCNK	9606
O75911	DHRS3	9606
O75912	DGKI	9606
O75914	PAK3	9606
O75915	ARL6IP5	9606
O75916	RGS9	9606
O75920	SERF1A; SERF1B	9606
O75923	DYSF	9606
O75925	PIAS1	9606
O75928	PIAS2	9606
O75934	BCAS2	9606
O75935	DCTN3	9606
O75936	BBOX1	9606
O75937	DNAJC8	9606
O75940	SMNDC1	9606
O75943	RAD17	9606
O75947	ATP5PD	9606
O75949	NALF2	9606
O75951	LYZL6	9606
O75952	CABYR	9606
O75953	DNAJB5	9606
O75954	TSPAN9	9606
O75955	FLOT1	9606
O75956	CDK2AP2	9606
O75962	TRIO	9606
O75964	ATP5MG	9606
O75969	AKAP3	9606
O75970	MPDZ	9606
O75971	SNAPC5	9606
O75973	C1QL1	9606
O75976	CPD	9606
O75995	SASH3	9606
O76000	OR2B3	9606
O76001	OR2J3	9606
O76002	OR2J2	9606
O76003	GLRX3	9606
O76009	KRT33A	9606
O76011	KRT34	9606
O76013	KRT36	9606
O76014	KRT37	9606
O76015	KRT38	9606
O76021	RSL1D1	9606
O76024	WFS1	9606
O76027	ANXA9	9606
O76031	CLPX	9606
O76036	NCR1	9606
O76038	SCGN	9606
O76039	CDKL5	9606
O76041	NEBL	9606
O76042	ERC2-IT1	9606
O76050	NEURL1	9606
O76054	SEC14L2	9606
O76061	STC2	9606
O76062	TM7SF2	9606
O76064	RNF8	9606
O76070	SNCG	9606
O76071	CIAO1	9606
O76074	PDE5A	9606
O76075	DFFB	9606
O76076	CCN5	9606
O76080	ZFAND5	9606
O76081	RGS20	9606
O76082	SLC22A5	9606
O76083	PDE9A	9606
O76087	GAGE7	9606
O76090	BEST1	9606
O76093	FGF18	9606
O76094	SRP72	9606
O76095	JTB	9606
O76096	CST7	9606
O76099	OR7C1	9606
O76100	OR7A10	9606
O77932	DXO	9606
O88174	Cd46	10090
O88186	Gp9	10090
O88188	Ly86	10090
O88196	Ttc3	10090
O88199	Chst3	10090
O88200	Clec11a	10090
O88207	Col5a1	10090
O88271	Cfdp1	10090
O88273	Grem2	10090
O88282	Bcl6b	10090
O88286	Wiz	10090
O88291	Znf326	10090
O88307	Sorl1	10090
O88310	Itln1	10090
O88312	Agr2	10090
O88319	Ntsr1	10090
O88322	Nid2	10090
O88324	Cd83	10090
O88327	Ctnnal1	10090
O88329	Myo1a	10090
O88335	Kcnj1	10090
O88338	Cdh16	10090
O88342	Wdr1	10090
O88343	Slc4a4	10090
O88346	Tnnt1	10090
O88351	Ikbkb	10090
O88379	Baz1a	10090
O88384	Vti1b	10090
O88393	Tgfbr3	10090
O88396	Grpel2	10090
O88398	Avil	10090
O88410	Cxcr3	10090
O88413	Tulp3	10090
O88416	Gpr33	10090
O88425	Nme6	10090
O88427	Cacna1h	10090
O88428	Papss2	10090
O88430	Ccl22	10090
O88441	Mtx2	10090
O88444	Adcy1	10090
O88445	Aurkc	10090
O88447	Klc1	10090
O88448	Klc2	10090
O88451	Rdh7	10090
O88452	Stc2	10090
O88454	Kcnk4	10090
O88455	Dhcr7	10090
O88456	Capns1	10090
O88466	Znf106	10090
O88470	Foxl2	10090
O88472	Tnfrsf17	10090
O88477	Igf2bp1	10090
O88485	Dync1i1	10090
O88487	Dync1i2	10090
O88491	Nsd1	10090
O88492	Plin4	10090
O88495	Gpr50	10090
O88502	Pde8a	10090
O88507	Cntfr	10090
O88508	Dnmt3a	10090
O88509	Dnmt3b	10090
O88512	Ap1g2	10090
O88513	Gmnn	10090
O88516	Dll3	10090
O88520	Shoc2	10090
O88522	Ikbkg	10090
O88531	Ppt1	10090
O88532	Zfr	10090
O88533	Ddc	10090
O88536	Fpr2	10090
O88537	Fpr-rs3	10090
O88543	Cops3	10090
O88544	Cops4	10090
O88545	Cops6	10090
O88551	Cldn1	10090
O88552	Cldn2	10090
O88554	Parp2	10090
O88559	Men1	10090
O88561	Slc27a3	10090
O88566	Axin2	10090
O88569	Hnrnpa2b1	10090
O88572	Lrp6	10090
O88573	Aff1	10090
O88574	Sap30	10090
O88575	Slc6a20b	10090
O88576	Slc6a18	10090
O88587	Comt	10090
O88593	Pglyrp1	10090
O88597	Becn1	10090
O88602	Cacng2	10090
O88609	Lmx1b	10090
O88621	Foxh1	10090
O88622	Parg	10090
O88623	Usp2	10090
O88627	Slc28a2	10090
O88630	Gosr1	10090
O88632	Sema3f	10090
O88634	F2rl3	10090
O88643	Pak1	10090
O88653	Lamtor3	10090
O88662	Emp2	10090
O88665	Brd7	10090
O88667	Rrad	10090
O88668	Creg1	10090
O88673	Dgka	10090
O88676	Mmp23	10090
O88685	Psmc3	10090
O88689	Pcdha4	10090
O88693	Ugcg	10090
O88696	Clpp	10090
O88697	Stk16	10090
O88700	Blm	10090
O88703	Hcn2	10090
O88704	Hcn1	10090
O88705	Hcn3	10090
O88708	Orc4	10090
O88712	Ctbp1	10090
O88713	Klrg1	10090
O88721	Avpr2	10090
O88728	Ifitm5	10090
O88735	Map7	10090
O88736	Hsd17b7	10090
O88737	Bsn	10090
O88738	Birc6	10090
O88741	Gdap1	10090
O88745	Scrg1	10090
O88746	Tom1	10090
O88783	F5	10090
O88786	Il13ra2	10090
O88792	F11r	10090
O88796	Rpp30	10090
O88799	Zan	10090
O88803	Lect2	10090
O88809	Dcx	10090
O88811	Stam2	10090
O88816	Aanat	10090
O88819	Fut9	10090
O88822	Sc5d	10090
O88824	Jtb	10090
O88829	St3gal5	10090
O88833	Cyp4a10	10090
O88834	Shd	10090
O88838	Spsb2	10090
O88839	Adam15	10090
O88842	Fgd3	10090
O88843	Cradd	10090
O88844	Idh1	10090
O88845	Akap10	10090
O88848	Arl6	10090
O88851	Rbbp9	10090
O88852	Tspyl1	10090
O88853	Galr3	10090
O88854	Galr2	10090
O88855	Ltb4r	10090
O88856	Tpst2	10090
O88866	Hunk	10090
O88870	Best1	10090
O88874	Ccnk	10090
O88875	Cd160	10090
O88876	Dhrs3	10090
O88878	Zfand5	10090
O88879	Apaf1	10090
O88888	Apba3	10090
O88890	Sh2d1a	10090
O88892	Serf1	10090
O88895	Hdac3	10090
O88898	Tp63	10090
O88904	Hipk1	10090
O88907	Pias1	10090
O88908	Soat2	10090
O88909	Slc22a8	10090
O88910	Mpp3	10090
O88932	Kcnj15	10090
O88935	Syn1	10090
O88939	Zbtb7a	10090
O88940	Msc	10090
O88942	Nfatc1	10090
O88947	F10	10090
O88951	Lin7b	10090
O88952	Lin7c	10090
O88958	Gnpda1	10090
O88962	Cyp8b1	10090
O88967	Yme1l1	10090
O88968	Tcn2	10090
O88974	Setdb1	10090
O88978	Dnaaf11	10090
O88983	Stx8	10090
O88986	Gcat	10090
O88987	Akap3	10090
O88990	Actn3	10090
O88992	C1ql1	10090
O88995	Nfkbil1	10090
O88998	Olfm1	10090
O89001	Cpd	10090
O89013	Leprot	10090
O89016	Abcd4	10090
O89017	Lgmn	10090
O89019	Invs	10090
O89020	Afm	10090
O89023	Tpp1	10090
O89026	Robo1	10090
O89029	Matn4	10090
O89032	Sh3pxd2a	10090
O89033	Cdc6	10090
O89050	Mkln1	10090
O89051	Itm2b	10090
O89053	Coro1a	10090
O89079	Cope	10090
O89084	Pde4a	10090
O89086	Rbm3	10090
O89090	Sp1	10090
O89091	Klf10	10090
O89093	Ccl20	10090
O89094	Casp14	10090
O89098	Cst7	10090
O89100	Grap2	10090
O89101	Fgf18	10090
O89103	Cd93	10090
O89104	Sypl2	10090
O89106	Fhit	10090
O89109	Kcnn4	10090
O89110	Casp8	10090
O89112	Lancl1	10090
O89113	Ier5	10090
O89114	Dnajb5	10090
O89116	Vti1a	10090
O94759	TRPM2	9606
O94760	DDAH1	9606
O94761	RECQL4	9606
O94762	RECQL5	9606
O94763	URI1	9606
O94766	B3GAT3	9606
O94768	STK17B	9606
O94769	ECM2	9606
O94772	LY6H	9606
O94776	MTA2	9606
O94777	DPM2	9606
O94778	AQP8	9606
O94779	CNTN5	9606
O94782	USP1	9606
O94788	ALDH1A2	9606
O94804	STK10	9606
O94805	ACTL6B	9606
O94806	PRKD3	9606
O94808	GFPT2	9606
O94810	RGS11	9606
O94811	TPPP	9606
O94812	BAIAP3	9606
O94813	SLIT2	9606
O94817	ATG12	9606
O94818	NOL4	9606
O94819	KBTBD11	9606
O94822	LTN1	9606
O94823	ATP10B	9606
O94826	TOMM70	9606
O94827	PLEKHG5	9606
O94829	IPO13	9606
O94830	DDHD2	9606
O94832	MYO1D	9606
O94842	TOX4	9606
O94844	RHOBTB1	9606
O94850	DDN	9606
O94851	MICAL2	9606
O94854	MACF1	9606
O94855	SEC24D	9606
O94856	NFASC	9606
O94864	SUPT7L	9606
O94868	FCHSD2	9606
O94874	UFL1	9606
O94875	SORBS2	9606
O94876	TMCC1	9606
O94880	PHF14	9606
O94885	SASH1	9606
O94886	TMEM63A	9606
O94887	FARP2	9606
O94888	UBXN7	9606
O94889	KLHL18	9606
O94892	ZNF432	9606
O94898	LRIG2	9606
O94900	TOX	9606
O94901	SUN1	9606
O94903	PLPBP	9606
O94905	ERLIN2	9606
O94906	PRPF6	9606
O94907	DKK1	9606
O94910	ADGRL1	9606
O94911	ABCA8	9606
O94913	PCF11	9606
O94915	FRYL	9606
O94916	NFAT5	9606
O94919	ENDOD1	9606
O94921	CDK14	9606
O94923	GLCE	9606
O94925	GLS	9606
O94927	HAUS5	9606
O94929	ABLIM3	9606
O94933	SLITRK3	9606
O94941	UBOX5	9606
O94952	FBXO21	9606
O94953	KDM4B	9606
O94955	RHOBTB3	9606
O94956	SLCO2B1	9606
O94964	MTCL2	9606
O94966	USP19	9606
O94967	WDR47	9606
O94972	TRIM37	9606
O94973	AP2A2	9606
O94979	SEC31A	9606
O94983	CAMTA2	9606
O94985	CLSTN1	9606
O94986	CEP152	9606
O94988	FAM13A	9606
O94989	ARHGEF15	9606
O94991	SLITRK5	9606
O94992	HEXIM1	9606
O94993	SOX30	9606
O95006	OR2F2	9606
O95007	OR6B1	9606
O95013	OR4F21	9606
O95025	SEMA3D	9606
O95045	UPP2	9606
O95047	OR2A4	9606
O95049	TJP3	9606
O95050	INMT	9606
O95057	DIRAS1	9606
O95059	RPP14	9606
O95067	CCNB2	9606
O95069	KCNK2	9606
O95070	YIF1A	9606
O95071	UBR5	9606
O95072	REC8	9606
O95073	FSBP	9606
O95076	ALX3	9606
O95081	AGFG2	9606
O95084	PRSS23	9606
O95096	NKX2-2	9606
O95104	SCAF4	9606
O95125	ZNF202	9606
O95136	S1PR2	9606
O95139	NDUFB6	9606
O95140	MFN2	9606
O95147	DUSP14	9606
O95149	SNUPN	9606
O95150	TNFSF15	9606
O95153	TSPOAP1	9606
O95154	AKR7A3	9606
O95155	UBE4B	9606
O95156	NXPH2	9606
O95157	NXPH3	9606
O95158	NXPH4	9606
O95159	ZFPL1	9606
O95163	ELP1	9606
O95164	UBL3	9606
O95166	GABARAP	9606
O95167	NDUFA3	9606
O95168	NDUFB4	9606
O95169	NDUFB8	9606
O95170	FBXW10B	9606
O95171	SCEL	9606
O95177	GAS8-AS1	9606
O95178	NDUFB2	9606
O95180	CACNA1H	9606
O95182	NDUFA7	9606
O95183	VAMP5	9606
O95185	UNC5C	9606
O95190	OAZ2	9606
O95196	CSPG5	9606
O95197	RTN3	9606
O95198	KLHL2	9606
O95199	RCBTB2	9606
O95201	ZNF205	9606
O95202	LETM1	9606
O95206	PCDH8	9606
O95208	EPN2	9606
O95210	STBD1	9606
O95214	LEPROTL1	9606
O95218	ZRANB2	9606
O95219	SNX4	9606
O95221	OR5F1	9606
O95222	OR6A2	9606
O95229	ZWINT	9606
O95231	VENTX	9606
O95232	LUC7L3	9606
O95235	KIF20A	9606
O95236	APOL3	9606
O95237	LRAT	9606
O95238	SPDEF	9606
O95239	KIF4A	9606
O95243	MBD4	9606
O95248	SBF1	9606
O95249	GOSR1	9606
O95251	KAT7	9606
O95255	ABCC6	9606
O95256	IL18RAP	9606
O95257	GADD45G	9606
O95258	SLC25A14	9606
O95259	KCNH1	9606
O95260	ATE1	9606
O95263	PDE8B	9606
O95264	HTR3B	9606
O95267	RASGRP1	9606
O95271	TNKS	9606
O95273	CCNDBP1	9606
O95274	LYPD3	9606
O95278	EPM2A	9606
O95279	KCNK5	9606
O95292	VAPB	9606
O95294	RASAL1	9606
O95295	SNAPIN	9606
O95297	MPZL1	9606
O95298	NDUFC2	9606
O95299	NDUFA10	9606
O95302	FKBP9	9606
O95319	CELF2	9606
O95336	PGLS	9606
O95340	PAPSS2	9606
O95342	ABCB11	9606
O95343	SIX3	9606
O95347	SMC2	9606
O95352	ATG7	9606
O95359	TACC2	9606
O95361	TRIM16	9606
O95363	FARS2	9606
O95365	ZBTB7A	9606
O95371	OR2C1	9606
O95372	LYPLA2	9606
O95373	IPO7	9606
O95376	ARIH2	9606
O95377	GJB5	9606
O95379	TNFAIP8	9606
O95382	MAP3K6	9606
O95388	CCN4	9606
O95389	CCN6	9606
O95390	GDF11	9606
O95391	SLU7	9606
O95393	BMP10	9606
O95394	PGM3	9606
O95395	GCNT3	9606
O95396	MOCS3	9606
O95397	PLEKHA8P1	9606
O95398	RAPGEF3	9606
O95399	UTS2	9606
O95400	CD2BP2	9606
O95402	MED26	9606
O95405	ZFYVE9	9606
O95406	CNIH1	9606
O95407	TNFRSF6B	9606
O95409	ZIC2	9606
O95411	MYO18A	9606
O95415	BRI3	9606
O95416	SOX14	9606
O95424	DEXI	9606
O95425	SVIL	9606
O95427	PIGN	9606
O95428	PAPLN	9606
O95429	BAG4	9606
O95433	AHSA1	9606
O95436	SLC34A2	9606
O95445	APOM	9606
O95447	LCA5L	9606
O95450	ADAMTS2	9606
O95452	GJB6	9606
O95453	PARN	9606
O95455	TGDS	9606
O95456	PSMG1	9606
O95460	MATN4	9606
O95461	LARGE1	9606
O95466	FMNL1	9606
O95467	GNAS	9606
O95470	SGPL1	9606
O95471	CLDN7	9606
O95473	SYNGR4	9606
O95475	SIX6	9606
O95476	CTDNEP1	9606
O95477	ABCA1	9606
O95478	NSA2	9606
O95479	H6PD	9606
O95484	CLDN9	9606
O95486	SEC24A	9606
O95487	SEC24B	9606
O95490	ADGRL2	9606
O95497	VNN1	9606
O95498	VNN2	9606
O95500	CLDN14	9606
O95502	NPTXR	9606
O95503	CBX6	9606
O95521	PRAMEF1	9606
O95522	PRAMEF12	9606
O95528	SLC2A10	9606
O95544	NADK	9606
O95551	TDP2	9606
O95561	C1orf105	9606
O95562	SFT2D2	9606
O95563	MPC2	9606
O95567	C22orf31	9606
O95568	METTL18	9606
O95571	ETHE1	9606
O95573	ACSL3	9606
O95600	KLF8	9606
O95602	POLR1A	9606
O95613	PCNT	9606
O95619	YEATS4	9606
O95620	DUS4L	9606
O95622	ADCY5	9606
O95625	ZBTB11	9606
O95626	ANP32D	9606
O95628	CNOT4	9606
O95630	STAMBP	9606
O95631	NTN1	9606
O95633	FSTL3	9606
O95639	CPSF4	9606
O95644	NFATC1	9606
O95661	DIRAS3	9606
O95665	NTSR2	9606
O95670	ATP6V1G2	9606
O95671	ASMTL	9606
O95672	ECEL1	9606
O95674	CDS2	9606
O95677	EYA4	9606
O95678	KRT75	9606
O95684	CEP43	9606
O95685	PPP1R3D	9606
O95696	BRD1	9606
O95704	APBB3	9606
O95707	POP4	9606
O95711	LY86	9606
O95714	HERC2	9606
O95715	CXCL14	9606
O95716	RAB3D	9606
O95718	ESRRB	9606
O95721	SNAP29	9606
O95727	CRTAM	9606
O95741	CPNE6	9606
O95744	PMS2P2	9606
O95747	OXSR1	9606
O95749	GGPS1	9606
O95750	FGF19	9606
O95751	LDOC1	9606
O95754	SEMA4F	9606
O95755	RAB36	9606
O95757	HSPA4L	9606
O95758	PTBP3	9606
O95759	TBC1D8	9606
O95760	IL33	9606
O95772	STARD3NL	9606
O95777	LSM8	9606
O95780	ZNF682	9606
O95782	AP2A1	9606
O95785	WIZ	9606
O95786	RIGI	9606
O95789	ZMYM6	9606
O95793	STAU1	9606
O95800	GPR75	9606
O95801	TTC4	9606
O95803	NDST3	9606
O95807	TMEM50A	9606
O95810	CAVIN2	9606
O95813	CER1	9606
O95816	BAG2	9606
O95817	BAG3	9606
O95819	MAP4K4	9606
O95822	MLYCD	9606
O95825	CRYZL1	9606
O95831	AIFM1	9606
O95832	CLDN1	9606
O95833	CLIC3	9606
O95834	EML2	9606
O95835	LATS1	9606
O95837	GNA14	9606
O95838	GLP2R	9606
O95841	ANGPTL1	9606
O95843	GUCA1C	9606
O95847	SLC25A27	9606
O95848	NUDT14	9606
O95857	TSPAN13	9606
O95858	TSPAN15	9606
O95859	TSPAN12	9606
O95861	BPNT1	9606
O95863	SNAI1	9606
O95864	FADS2	9606
O95865	DDAH2	9606
O95866	MPIG6B	9606
O95867	LY6G6C	9606
O95868	LY6G6D	9606
O95870	ABHD16A	9606
O95872	GPANK1	9606
O95873	C6orf47	9606
O95876	WDPCP	9606
O95881	TXNDC12	9606
O95886	DLGAP3	9606
O95897	OLFM2	9606
O95900	TRUB2	9606
O95905	ECD	9606
O95907	SLC16A8	9606
O95918	OR2H2	9606
O95922	TTLL1	9606
O95925	EPPIN	9606
O95926	SYF2	9606
O95931	CBX7	9606
O95932	TGM6	9606
O95935	TBX18	9606
O95936	EOMES	9606
O95944	NCR2	9606
O95947	TBX6	9606
O95948	ONECUT2	9606
O95954	FTCD	9606
O95965	ITGBL1	9606
O95967	EFEMP2	9606
O95968	SCGB1D1	9606
O95969	SCGB1D2	9606
O95970	LGI1	9606
O95971	CD160	9606
O95972	BMP15	9606
O95976	IGSF6	9606
O95977	S1PR4	9606
O95980	RECK	9606
O95983	MBD3	9606
O95985	TOP3B	9606
O95988	TCL1B	9606
O95989	NUDT3	9606
O95990	FAM107A	9606
O95992	CH25H	9606
O95994	AGR2	9606
O95995	DRC4	9606
O95996	APC2	9606
O95997	PTTG1	9606
O95998	IL18BP	9606
O95999	BCL10	9606
O96000	NDUFB10	9606
O96001	PPP1R17	9606
O96002	CXorf1	9606
O96004	HAND1	9606
O96005	CLPTM1	9606
O96006	ZBED1	9606
O96007	MOCS2	9606
O96008	TOMM40	9606
O96009	NAPSA	9606
O96011	PEX11B	9606
O96013	PAK4	9606
O96014	WNT11	9606
O96015	DNAL4	9606
O96017	CHEK2	9606
O96018	APBA3	9606
O96019	ACTL6A	9606
O96020	CCNE2	9606
O96024	B3GALT4	9606
O96028	NSD2	9606
O96033	MOCS2	9606
O97980	HMHB1	9606
P00015	Cyct	10090
P00156	MT-CYB	9606
P00158	Mt-Cyb	10090
P00167	CYB5A	9606
P00184	Cyp1a1	10090
P00186	Cyp1a2	10090
P00325	ADH1B	9606
P00326	ADH1C	9606
P00329	Adh1	10090
P00338	LDHA	9606
P00342	Ldhc	10090
P00352	ALDH1A1	9606
P00367	GLUD1	9606
P00374	DHFR	9606
P00375	Dhfr	10090
P00387	CYB5R3	9606
P00390	GSR	9606
P00395	MT-CO1	9606
P00397	Mtco1	10090
P00403	MT-CO2	9606
P00405	Mt-co2	10090
P00414	MT-CO3	9606
P00416	mt-Co3	10090
P00439	PAH	9606
P00441	SOD1	9606
P00450	CP	9606
P00451	F8	9606
P00480	OTC	9606
P00488	F13A1	9606
P00491	PNP	9606
P00492	HPRT1	9606
P00493	Hprt1	10090
P00505	GOT2	9606
P00519	ABL1	9606
P00520	Abl1	10090
P00533	EGFR	9606
P00536	Mos	10090
P00540	MOS	9606
P00558	PGK1	9606
P00568	AK1	9606
P00683	Rnase1	10090
P00687	Amy1	10090
P00688	Amy2a5	10090
P00709	LALBA	9606
P00734	F2	9606
P00736	C1R	9606
P00738	HP	9606
P00739	HPR	9606
P00740	F9	9606
P00742	F10	9606
P00746	CFD	9606
P00747	PLG	9606
P00748	F12	9606
P00749	PLAU	9606
P00750	PLAT	9606
P00751	CFB	9606
P00755	Klk1b1	10090
P00756	Klk1b3	10090
P00757	Klk1b4	10090
P00796	Ren2	10090
P00797	REN	9606
P00813	ADA	9606
P00846	MT-ATP6	9606
P00848	Mtatp6	10090
P00860	Odc1	10090
P00915	CA1	9606
P00918	CA2	9606
P00920	Ca2	10090
P00966	ASS1	9606
P00973	OAS1	9606
P00995	SPINK1	9606
P01008	SERPINC1	9606
P01009	SERPINA1	9606
P01011	SERPINA3	9606
P01019	AGT	9606
P01023	A2M	9606
P01024	C3	9606
P01027	C3	10090
P01029	C4b	10090
P01031	C5	9606
P01033	TIMP1	9606
P01034	CST3	9606
P01036	CST4	9606
P01037	CST1	9606
P01040	CSTA	9606
P01042	KNG1	9606
P01100	FOS	9606
P01101	Fos	10090
P01106	MYC	9606
P01108	Myc	10090
P01111	NRAS	9606
P01112	HRAS	9606
P01116	KRAS	9606
P01127	PDGFB	9606
P01130	LDLR	9606
P01132	Egf	10090
P01133	EGF	9606
P01135	TGFA	9606
P01137	TGFB1	9606
P01138	NGF	9606
P01139	Ngf	10090
P01148	GNRH1	9606
P01160	NPPA	9606
P01173	Wap	10090
P01178	OXT	9606
P01185	AVP	9606
P01189	POMC	9606
P01193	Pomc	10090
P01210	PENK	9606
P01213	PDYN	9606
P01215	CGA	9606
P01216	Cga	10090
P01222	TSHB	9606
P01225	FSHB	9606
P01229	LHB	9606
P01236	PRL	9606
P01241	GH1	9606
P01242	GH2	9606
P01258	CALCA	9606
P01266	TG	9606
P01270	PTH	9606
P01275	GCG	9606
P01282	VIP	9606
P01286	GHRH	9606
P01298	PPY	9606
P01303	NPY	9606
P01308	INS	9606
P01325	Ins1	10090
P01326	Ins2	10090
P01344	IGF2	9606
P01350	GAST	9606
P01374	LTA	9606
P01375	TNF	9606
P01563	IFNA2	9606
P01566	IFNA10	9606
P01567	IFNA7	9606
P01568	IFNA21	9606
P01569	IFNA5	9606
P01570	IFNA14	9606
P01571	IFNA17	9606
P01572	Ifna1	10090
P01573	Ifna2	10090
P01574	IFNB1	9606
P01575	Ifnb1	10090
P01579	IFNG	9606
P01580	Ifng	10090
P01582	Il1a	10090
P01583	IL1A	9606
P01584	IL1B	9606
P01586	Il3	10090
P01587	Csf2	10090
P01588	EPO	9606
P01589	IL2RA	9606
P01590	Il2ra	10090
P01591	JCHAIN	9606
P01592	Jchain	10090
P01593	IGKV1D-33	9606
P01594	IGKV1-33	9606
P01597	IGKV1-39	9606
P01599	IGKV1-17	9606
P01601	IGKV1D-16	9606
P01602	IGKV1-5	9606
P01611	IGKV1D-12	9606
P01614	IGKV2D-40	9606
P01615	IGKV2D-28	9606
P01619	IGKV3-20	9606
P01624	IGKV3-15	9606
P01627	Igkv2-112	10090
P01632	Igkv7-33	10090
P01633	Igkv6-17	10090
P01635	Igkv12-41	10090
P01639	Igkv9-120	10090
P01641	Igkv9-129	10090
P01642	Igkv5-48	10090
P01650	Igkv11-125	10090
P01699	IGLV1-44	9606
P01700	IGLV1-47	9606
P01701	IGLV1-51	9606
P01703	IGLV1-40	9606
P01704	IGLV2-14	9606
P01705	IGLV2-23	9606
P01706	IGLV2-11	9606
P01709	IGLV2-8	9606
P01714	IGLV3-19	9606
P01715	IGLV3-1	9606
P01717	IGLV3-25	9606
P01718	IGLV3-27	9606
P01721	IGLV6-57	9606
P01730	CD4	9606
P01731	Cd8a	10090
P01732	CD8A	9606
P01733	TRBV12-3	9606
P01737	TRAV8-4	9606
P01742	IGHV1-69	9606
P01743	IGHV1-46	9606
P01749	Ighv1-61	10090
P01754	Ighv1-62-3	10090
P01758	Igh-VJ558	10090
P01762	IGHV3-11	9606
P01763	IGHV3-48	9606
P01764	IGHV3-23	9606
P01766	IGHV3-13	9606
P01767	IGHV3-53	9606
P01768	IGHV3-30	9606
P01772	IGHV3-33	9606
P01780	IGHV3-7	9606
P01782	IGHV3-9	9606
P01814	IGHV2-70	9606
P01817	IGHV2-5	9606
P01821	Ighv2-4	10090
P01824	IGHV4-39	9606
P01825	IGHV4-59	9606
P01831	Thy1	10090
P01833	PIGR	9606
P01834	IGKC	9606
P01837	Igkc	10090
P01844	Iglc2	10090
P01845	Iglc3	10090
P01848	TRAC	9606
P01849	Trac	10090
P01850	TRBC1	9606
P01854	IGHE	9606
P01857	IGHG1	9606
P01859	IGHG2	9606
P01860	IGHG3	9606
P01861	IGHG4	9606
P01863	Ighg	10090
P01865	Ighg2a	10090
P01867	Ighg2b	10090
P01868	Ighg1	10090
P01869	Ighg1	10090
P01871	IGHM	9606
P01872	Ighm	10090
P01876	IGHA1	9606
P01877	IGHA2	9606
P01880	IGHD	9606
P01887	B2m	10090
P01889	HLA-B	9606
P01893	HLA-H	9606
P01895	H2-D1	10090
P01897	H2-L	10090
P01898	H2-Q10	10090
P01899	H2-D1	10090
P01900	H2-D1	10090
P01901	H2-K1	10090
P01902	H2-K1	10090
P01903	HLA-DRA	9606
P01904	H2-Ea	10090
P01906	HLA-DQA2	9606
P01909	HLA-DQA1	9606
P01910	H2-Aa	10090
P01911	HLA-DRB1	9606
P01920	HLA-DQB1	9606
P01921	H2-Ab1	10090
P01942	Hba	10090
P02008	HBZ	9606
P02042	HBD	9606
P02088	Hbb-b1	10090
P02089	Hbb-b2	10090
P02100	HBE1	9606
P02104	Hbb-y	10090
P02144	MB	9606
P02301	H3-5	10090
P02319	Prm1	10090
P02340	Tp53	10090
P02452	COL1A1	9606
P02458	COL2A1	9606
P02461	COL3A1	9606
P02462	COL4A1	9606
P02463	Col4a1	10090
P02468	Lamc1	10090
P02469	Lamb1	10090
P02489	CRYAA	9606
P02511	CRYAB	9606
P02525	Cryba1	10090
P02533	KRT14	9606
P02535	Krt10	10090
P02538	KRT6A	9606
P02545	LMNA	9606
P02549	SPTA1	9606
P02585	TNNC2	9606
P02647	APOA1	9606
P02649	APOE	9606
P02652	APOA2	9606
P02654	APOC1	9606
P02655	APOC2	9606
P02656	APOC3	9606
P02664	Csn1s2b	10090
P02671	FGA	9606
P02675	FGB	9606
P02679	FGG	9606
P02686	MBP	9606
P02689	PMP2	9606
P02708	CHRNA1	9606
P02716	Chrnd	10090
P02724	GYPA	9606
P02730	SLC4A1	9606
P02741	CRP	9606
P02743	APCS	9606
P02745	C1QA	9606
P02746	C1QB	9606
P02747	C1QC	9606
P02748	C9	9606
P02749	APOH	9606
P02750	LRG1	9606
P02751	FN1	9606
P02753	RBP4	9606
P02760	AMBP	9606
P02762	Mup6	10090
P02763	ORM1	9606
P02765	AHSG	9606
P02766	TTR	9606
P02768	ALB	9606
P02771	AFP	9606
P02772	Afp	10090
P02774	GC	9606
P02775	PPBP	9606
P02776	PF4	9606
P02778	CXCL10	9606
P02786	TFRC	9606
P02787	TF	9606
P02788	LTF	9606
P02790	HPX	9606
P02792	FTL	9606
P02794	FTH1	9606
P02795	MT2A	9606
P02798	Mt2	10090
P02802	Mt1	10090
P02808	STATH	9606
P02810	PRH1; PRH2	9606
P02812	PRB2	9606
P02814	SMR3B	9606
P02815	Mucl2	10090
P02816	Pip	10090
P02818	BGLAP	9606
P02830	Hoxa7	10090
P02831	Hoxa3	10090
P03372	ESR1	9606
P03886	MT-ND1	9606
P03888	Mtnd1	10090
P03891	MT-ND2	9606
P03893	mt-Nd2	10090
P03897	MT-ND3	9606
P03899	mt-Nd3	10090
P03901	MT-ND4L	9606
P03903	Mtnd4l	10090
P03905	MT-ND4	9606
P03911	Mtnd4	10090
P03915	MT-ND5	9606
P03921	Mtnd5	10090
P03923	MT-ND6	9606
P03925	Mtnd6	10090
P03928	MT-ATP8	9606
P03930	Mtatp8	10090
P03940	Cyp21	10090
P03950	ANG	9606
P03951	F11	9606
P03952	KLKB1	9606
P03953	Cfd	10090
P03956	MMP1	9606
P03958	Ada	10090
P03966	Mycn	10090
P03971	AMH	9606
P03973	SLPI	9606
P03975	Iap	10090
P03978	Tcrg-V1	10090
P03979	TRGV3	9606
P03986	TRGC2	9606
P03991	H2-K1	10090
P03995	Gfap	10090
P03999	OPN1SW	9606
P04000	OPN1LW	9606
P04001	OPN1MW	9606
P04003	C4BPA	9606
P04004	VTN	9606
P04035	HMGCR	9606
P04040	CAT	9606
P04049	RAF1	9606
P04053	DNTT	9606
P04054	PLA2G1B	9606
P04062	GBA1	9606
P04066	FUCA1	9606
P04070	PROC	9606
P04071	Klk1b16	10090
P04075	ALDOA	9606
P04080	CSTB	9606
P04083	ANXA1	9606
P04085	PDGFA	9606
P04090	RLN2	9606
P04095	Prl2c2	10090
P04104	Krt1	10090
P04114	APOB	9606
P04117	Fabp4	10090
P04118	CLPS	9606
P04141	CSF2	9606
P04150	NR3C1	9606
P04155	TFF1	9606
P04156	PRNP	9606
P04179	SOD2	9606
P04180	LCAT	9606
P04181	OAT	9606
P04183	TK1	9606
P04184	Tk1	10090
P04186	Cfb	10090
P04187	Gzmb	10090
P04196	HRG	9606
P04198	MYCN	9606
P04201	MAS1	9606
P04202	Tgfb1	10090
P04211	IGLV7-43	9606
P04216	THY1	9606
P04217	A1BG	9606
P04223	H2-K1	10090
P04227	H2-Aa	10090
P04228	H2-Aa	10090
P04230	H2-Eb1	10090
P04231	H2-Eb1	10090
P04233	CD74	9606
P04234	CD3D	9606
P04235	Cd3d	10090
P04247	Mb	10090
P04259	KRT6B	9606
P04264	KRT1	9606
P04271	S100B	9606
P04275	VWF	9606
P04278	SHBG	9606
P04279	SEMG1	9606
P04280	PRB1	9606
P04342	Crygd	10090
P04344	Crygb	10090
P04345	Cryga	10090
P04350	TUBB4A	9606
P04351	Il2	10090
P04370	Mbp	10090
P04401	Il5	10090
P04406	GAPDH	9606
P04424	ASL	9606
P04426	Wnt1	10090
P04430	IGKV1-16	9606
P04432	IGKV1D-39	9606
P04433	IGKV3-11	9606
P04435	TRBV7-9	9606
P04437	TRAV29DV5	9606
P04439	HLA-A	9606
P04440	HLA-DPB1	9606
P04441	Cd74	10090
P04443	Hbb-bh0	10090
P04444	Hbb-bh1	10090
P04553	PRM1	9606
P04554	PRM2	9606
P04626	ERBB2	9606
P04627	Araf	10090
P04628	WNT1	9606
P04629	NTRK1	9606
P04632	CAPNS1	9606
P04637	TP53	9606
P04731	MT1A	9606
P04732	MT1E	9606
P04733	MT1F	9606
P04746	AMY2A	9606
P04756	Chrna1	10090
P04760	Chrng	10090
P04768	Prl2c3	10090
P04769	Prl7d1	10090
P04792	HSPB1	9606
P04798	CYP1A1	9606
P04808	RLN1	9606
P04818	TYMS	9606
P04839	CYBB	9606
P04843	RPN1	9606
P04844	RPN2	9606
P04899	GNAI2	9606
P04908	H2AC4; H2AC8	9606
P04918	Saa3	10090
P04919	Slc4a1	10090
P04920	SLC4A2	9606
P04921	GYPC	9606
P04925	Prnp	10090
P04938	Mup11	10090
P04939	Mup3	10090
P05000	IFNW1	9606
P05013	IFNA6	9606
P05014	IFNA4	9606
P05015	IFNA16	9606
P05017	Igf1	10090
P05019	IGF1	9606
P05023	ATP1A1	9606
P05026	ATP1B1	9606
P05060	CHGB	9606
P05062	ALDOB	9606
P05063	Aldoc	10090
P05064	Aldoa	10090
P05067	APP	9606
P05089	ARG1	9606
P05090	APOD	9606
P05091	ALDH2	9606
P05093	CYP17A1	9606
P05106	ITGB3	9606
P05107	ITGB2	9606
P05108	CYP11A1	9606
P05109	S100A8	9606
P05111	INHA	9606
P05112	IL4	9606
P05113	IL5	9606
P05114	HMGN1	9606
P05120	SERPINB2	9606
P05121	SERPINE1	9606
P05125	Nppa	10090
P05129	PRKCG	9606
P05132	Prkaca	10090
P05141	SLC25A5	9606
P05142	Prh1	10090
P05143	Prp2	10090
P05154	SERPINA5	9606
P05155	SERPING1	9606
P05156	CFI	9606
P05160	F13B	9606
P05161	ISG15	9606
P05162	LGALS2	9606
P05164	MPO	9606
P05165	PCCA	9606
P05166	PCCB	9606
P05177	CYP1A2	9606
P05181	CYP2E1	9606
P05186	ALPL	9606
P05187	ALPP	9606
P05198	EIF2S1	9606
P05201	Got1	10090
P05202	Got2	10090
P05204	HMGN2	9606
P05208	Cela2a	10090
P05213	Tuba1b	10090
P05214	Tuba3a; Tuba3b	10090
P05230	FGF1	9606
P05231	IL6	9606
P05305	EDN1	9606
P05362	ICAM1	9606
P05366	Saa1	10090
P05367	Saa2	10090
P05386	RPLP1	9606
P05387	RPLP2	9606
P05388	RPLP0	9606
P05408	SCG5	9606
P05412	JUN	9606
P05413	FABP3	9606
P05423	POLR3D	9606
P05451	REG1A	9606
P05452	CLEC3B	9606
P05455	SSB	9606
P05480	Src	10090
P05496	ATP5MC1	9606
P05524	Fgf3	10090
P05531	Xlr	10090
P05532	Kit	10090
P05533	Ly6a	10090
P05538	HLA-DQB2	9606
P05543	SERPINA7	9606
P05546	SERPIND1	9606
P05549	TFAP2A	9606
P05555	Itgam	10090
P05556	ITGB1	9606
P05622	Pdgfrb	10090
P05627	Jun	10090
P05771	PRKCB	9606
P05783	KRT18	9606
P05784	Krt18	10090
P05787	KRT8	9606
P05813	CRYBA1	9606
P05814	CSN2	9606
P05937	CALB1	9606
P05976	MYL1	9606
P05977	Myl1	10090
P05981	HPN	9606
P05997	COL5A2	9606
P06028	GYPB	9606
P06126	CD1A	9606
P06127	CD5	9606
P06132	UROD	9606
P06133	UGT2B4	9606
P06151	Ldha	10090
P06213	INSR	9606
P06239	LCK	9606
P06240	Lck	10090
P06241	FYN	9606
P06276	BCHE	9606
P06280	GLA	9606
P06281	Ren1	10090
P06307	CCK	9606
P06310	IGKV2-30	9606
P06312	IGKV4-1	9606
P06315	IGKV5-2	9606
P06325	Tcrg-V1	10090
P06327	Ighv1-84	10090
P06328	Ighv1-72	10090
P06331	IGHV4-34	9606
P06332	Cd4	10090
P06336	IGHE	10090
P06339	H2-T23	10090
P06340	HLA-DOA	9606
P06342	H2-Ab1	10090
P06343	H2-Ab1	10090
P06345	H2-Ab1	10090
P06346	H2-Ab1	10090
P06396	GSN	9606
P06400	RB1	9606
P06401	PGR	9606
P06454	PTMA	9606
P06467	Hbz	10090
P06493	CDK1	9606
P06537	Nr3c1	10090
P06576	ATP5F1B	9606
P06681	C2	9606
P06683	C9	10090
P06684	C5	10090
P06702	S100A9	9606
P06703	S100A6	9606
P06727	APOA4	9606
P06728	Apoa4	10090
P06729	CD2	9606
P06730	EIF4E	9606
P06731	CEACAM5	9606
P06732	CKM	9606
P06733	ENO1	9606
P06734	FCER2	9606
P06737	PYGL	9606
P06744	GPI	9606
P06745	Gpi	10090
P06746	POLB	9606
P06748	NPM1	9606
P06753	TPM3	9606
P06756	ITGAV	9606
P06795	Abcb1b	10090
P06796	Csn3	10090
P06797	Ctsl	10090
P06798	Hoxa4	10090
P06799	Ifna7	10090
P06800	Ptprc	10090
P06801	Me1	10090
P06802	Enpp1	10090
P06803	Pim1	10090
P06804	Tnf	10090
P06837	Gap43	10090
P06850	CRH	9606
P06858	LPL	9606
P06865	HEXA	9606
P06869	Plau	10090
P06870	KLK1	9606
P06876	Myb	10090
P06879	Prl	10090
P06880	Gh1	10090
P06881	CALCA	9606
P06899	H2BC11	9606
P06909	Cfh	10090
P07091	S100a4	10090
P07093	SERPINE2	9606
P07098	LIPF	9606
P07099	EPHX1	9606
P07101	TH	9606
P07108	DBI	9606
P07141	Csf1	10090
P07146	Prss2	10090
P07147	Tyrp1	10090
P07148	FABP1	9606
P07195	LDHB	9606
P07196	NEFL	9606
P07197	NEFM	9606
P07199	CENPB	9606
P07202	TPO	9606
P07203	GPX1	9606
P07204	THBD	9606
P07205	PGK2	9606
P07214	Sparc	10090
P07225	PROS1	9606
P07237	P4HB	9606
P07288	KLK3	9606
P07305	H1-0	9606
P07306	ASGR1	9606
P07307	ASGR2	9606
P07309	Ttr	10090
P07310	Ckm	10090
P07311	ACYP1	9606
P07315	CRYGC	9606
P07316	CRYGB	9606
P07320	CRYGD	9606
P07321	Epo	10090
P07327	ADH1A	9606
P07332	FES	9606
P07333	CSF1R	9606
P07339	CTSD	9606
P07349	Ifna5	10090
P07350	Ifna6	10090
P07351	Ifna4	10090
P07355	ANXA2	9606
P07356	Anxa2	10090
P07357	C8A	9606
P07358	C8B	9606
P07359	GP1BA	9606
P07360	C8G	9606
P07361	Orm2	10090
P07384	CAPN1	9606
P07437	TUBB	9606
P07438	MT1B	9606
P07451	CA3	9606
P07476	IVL	9606
P07477	PRSS1	9606
P07478	PRSS2	9606
P07492	GRP	9606
P07498	CSN3	9606
P07510	CHRNG	9606
P07550	ADRB2	9606
P07585	DCN	9606
P07602	PSAP	9606
P07607	Tyms	10090
P07628	Klk1b8	10090
P07686	HEXB	9606
P07711	CTSL	9606
P07724	Alb	10090
P07737	PFN1	9606
P07738	BPGM	9606
P07741	APRT	9606
P07742	Rrm1	10090
P07743	Bpifa2	10090
P07744	Krt4	10090
P07750	Il4	10090
P07758	Serpina1a	10090
P07759	Serpina3k	10090
P07766	CD3E	9606
P07814	EPRS1	9606
P07858	CTSB	9606
P07864	LDHC	9606
P07900	HSP90AA1	9606
P07901	Hsp90aa1	10090
P07902	GALT	9606
P07903	Ercc1	10090
P07910	HNRNPC	9606
P07911	UMOD	9606
P07919	UQCRH	9606
P07934	Phkg1	10090
P07942	LAMB1	9606
P07947	YES1	9606
P07948	LYN	9606
P07949	RET	9606
P07951	TPM2	9606
P07954	FH	9606
P07978	Prm2	10090
P07988	SFTPB	9606
P07992	ERCC1	9606
P07996	THBS1	9606
P07998	RNASE1	9606
P08003	Pdia4	10090
P08030	Aprt	10090
P08032	Spta1	10090
P08034	GJB1	9606
P08042	Zfp1	10090
P08043	Zfp2	10090
P08046	Egr1	10090
P08047	SP1	9606
P08048	ZFY	9606
P08069	IGF1R	9606
P08071	Ltf	10090
P08074	Cbr2	10090
P08100	RHO	9606
P08101	Fcgr2	10090
P08103	Hck	10090
P08113	Hsp90b1	10090
P08118	MSMB	9606
P08121	Col3a1	10090
P08122	Col4a2	10090
P08123	COL1A2	9606
P08133	ANXA6	9606
P08134	RHOC	9606
P08138	NGFR	9606
P08151	GLI1	9606
P08152	Egr2	10090
P08172	CHRM2	9606
P08173	CHRM4	9606
P08174	CD55	9606
P08183	ABCB1	9606
P08185	SERPINA6	9606
P08195	SLC3A2	9606
P08207	S100a10	10090
P08217	CELA2A	9606
P08218	CELA2B	9606
P08226	Apoe	10090
P08228	Sod1	10090
P08235	NR3C2	9606
P08236	GUSB	9606
P08237	PFKM	9606
P08238	HSP90AB1	9606
P08240	SRPRA	9606
P08243	ASNS	9606
P08246	ELANE	9606
P08247	SYP	9606
P08249	Mdh2	10090
P08253	MMP2	9606
P08254	MMP3	9606
P08263	GSTA1	9606
P08294	SOD3	9606
P08311	CTSG	9606
P08319	ADH4	9606
P08397	HMBS	9606
P08399	Phxr5	10090
P08414	Camk4	10090
P08473	MME	9606
P08476	INHBA	9606
P08493	MGP	9606
P08505	Il6	10090
P08508	Fcgr3	10090
P08514	ITGA2B	9606
P08519	LPA	9606
P08551	Nefl	10090
P08553	Nefm	10090
P08556	Nras	10090
P08559	PDHA1	9606
P08567	PLEK	9606
P08571	CD14	9606
P08572	COL4A2	9606
P08574	CYC1	9606
P08575	PTPRC	9606
P08579	SNRPB2	9606
P08581	MET	9606
P08582	MELTF	9606
P08588	ADRB1	9606
P08590	MYL3	9606
P08603	CFH	9606
P08607	C4bpa	10090
P08620	FGF4	9606
P08621	SNRNP70	9606
P08631	HCK	9606
P08637	FCGR3A	9606
P08648	ITGA5	9606
P08651	NFIC	9606
P08670	VIM	9606
P08680	Alas2	10090
P08684	CYP3A4	9606
P08686	CYP21A2	9606
P08697	SERPINF2	9606
P08700	IL3	9606
P08708	RPS17	9606
P08709	F7	9606
P08727	KRT19	9606
P08729	KRT7	9606
P08730	Krt13	10090
P08752	Gnai2	10090
P08754	GNAI3	9606
P08758	ANXA5	9606
P08775	Polr2a	10090
P08779	KRT16	9606
P08833	IGFBP1	9606
P08842	STS	9606
P08861	CELA3B	9606
P08865	RPSA	9606
P08882	Gzmc	10090
P08883	Gzmf	10090
P08884	Gzme	10090
P08887	IL6R	9606
P08905	Lyz2	10090
P08908	HTR1A	9606
P08910	ABHD2	9606
P08912	CHRM5	9606
P08913	ADRA2A	9606
P08920	Cd2	10090
P08922	ROS1	9606
P08923	Ltk	10090
P08949	NMB	9606
P08962	CD63	9606
P08F94	PKHD1	9606
P09001	MRPL3	9606
P09012	SNRPA	9606
P09016	HOXD4	9606
P09017	HOXC4	9606
P09021	Hoxa5	10090
P09022	Hoxa1	10090
P09023	Hoxb6	10090
P09024	Hoxb7	10090
P09025	Hoxc8	10090
P09026	Hoxb3	10090
P09027	Hoxd3	10090
P09036	Spink1	10090
P09038	FGF2	9606
P09041	Pgk2	10090
P09055	Itgb1	10090
P09056	Lif	10090
P09065	En1	10090
P09066	En2	10090
P09067	HOXB5	9606
P09079	Hoxb5	10090
P09084	Pax1	10090
P09086	POU2F2	9606
P09092	Hoxa6	10090
P09093	CELA3A	9606
P09103	P4hb	10090
P09104	ENO2	9606
P09105	HBQ1	9606
P09110	ACAA1	9606
P09131	SLC10A3	9606
P09132	SRP19	9606
P09172	DBH	9606
P09174	Pde6g	10090
P09210	GSTA2	9606
P09211	GSTP1	9606
P09225	Lta	10090
P09228	CST2	9606
P09234	SNRPC	9606
P09235	Ifna9	10090
P09237	MMP7	9606
P09238	MMP10	9606
P09240	Cck	10090
P09242	Alpl	10090
P09326	CD48	9606
P09327	VIL1	9606
P09341	CXCL1	9606
P09382	LGALS1	9606
P09405	Ncl	10090
P09411	Pgk1	10090
P09417	QDPR	9606
P09429	HMGB1	9606
P09430	TNP1	9606
P09450	Junb	10090
P09455	RBP1	9606
P09466	PAEP	9606
P09467	FBP1	9606
P09470	Ace	10090
P09471	GNAO1	9606
P09486	SPARC	9606
P09488	GSTM1	9606
P09493	TPM1	9606
P09496	CLTA	9606
P09497	CLTB	9606
P09525	ANXA4	9606
P09528	Fth1	10090
P09529	INHBB	9606
P09535	Igf2	10090
P09541	Myl4	10090
P09542	Myl3	10090
P09543	CNP	9606
P09544	WNT2	9606
P09564	CD7	9606
P09581	Csf1r	10090
P09586	Prl3b1	10090
P09601	HMOX1	9606
P09602	Hmgn2	10090
P09603	CSF1	9606
P09619	PDGFRB	9606
P09622	DLD	9606
P09629	HOXB7	9606
P09630	HOXC6	9606
P09631	Hoxa9	10090
P09632	Hoxb8	10090
P09633	Hoxc9	10090
P09651	HNRNPA1	9606
P09661	SNRPA1	9606
P09668	CTSH	9606
P09669	COX6C	9606
P09671	Sod2	10090
P09681	GIP	9606
P09683	SCT	9606
P09690	Chrnb1	10090
P09693	CD3G	9606
P09758	TACSTD2	9606
P09769	FGR	9606
P09793	Ctla4	10090
P09803	Cdh1	10090
P09813	Apoa2	10090
P09838	Dntt	10090
P09848	LCT	9606
P09871	C1S	9606
P09874	PARP1	9606
P09884	POLA1	9606
P09912	IFI6	9606
P09913	IFIT2	9606
P09914	IFIT1	9606
P09917	ALOX5	9606
P09919	CSF3	9606
P09920	Csf3	10090
P09922	Mx1	10090
P09923	ALPI	9606
P09925	Surf1	10090
P09926	Surf2	10090
P09936	UCHL1	9606
P09958	FURIN	9606
P09960	LTA4H	9606
P09972	ALDOC	9606
P0C024	NUDT7	9606
P0C025	NUDT17	9606
P0C027	Nudt10	10090
P0C028	Nudt11	10090
P0C090	Rc3h2	10090
P0C091	FREM3	9606
P0C092	Kcnip3	10090
P0C0A3	Chmp6	10090
P0C0E4	RAB40AL	9606
P0C0L4	C4A	9606
P0C0L5	C4B; C4B_2	9606
P0C0P6	NPS	9606
P0C0P8	Nps	10090
P0C0S5	H2AZ1	9606
P0C0S6	H2az1	10090
P0C0S8	H2AC11; H2AC13; H2AC15; H2AC16; H2AC17	9606
P0C191	Gp6	10090
P0C192	Lrrc4b	10090
P0C1H6	H2BW2	9606
P0C1P0	Pigy	10090
P0C1Q2	Pde11a	10090
P0C1S8	WEE2	9606
P0C1T1	Hoxb2	10090
P0C1V4	Tmco2	10090
P0C1Z6	TFPT	9606
P0C221	CCDC175	9606
P0C242	Ccno	10090
P0C263	SBK2	9606
P0C264	SBK3	9606
P0C2L3	FAM163B	9606
P0C2S0	CTXN2	9606
P0C2W1	FBXO45	9606
P0C2W7	CT47B1	9606
P0C2Y1	NBPF7P	9606
P0C5E4	Ptprq	10090
P0C5I1	Gpr25	10090
P0C5J1	FAM86B2	9606
P0C5J4	Gpr52	10090
P0C5K0	Sbk3	10090
P0C5K1	Sbk2	10090
P0C5K6	VENTXP1	9606
P0C5K7	CT62	9606
P0C5Y4	KRTAP1-4	9606
P0C5Y9	H2AB1	9606
P0C5Z0	H2AB2; H2AB3	9606
P0C604	OR4A8	9606
P0C605	Prkg1	10090
P0C617	OR5AL1	9606
P0C623	OR4Q2	9606
P0C626	OR5G3	9606
P0C628	OR5AC1	9606
P0C629	OR10J4	9606
P0C645	OR4E1	9606
P0C646	OR52Z1P	9606
P0C671	BNIP5	9606
P0C672	TSPAN19	9606
P0C673	Igsf11	10090
P0C6A0	ZGLP1	9606
P0C6A1	Slc2a7	10090
P0C6A2	Mamld1	10090
P0C6B2	Ptcra	10090
P0C6B7	Igsf6	10090
P0C6C1	ANKRD34C	9606
P0C6F1	Dnah2	10090
P0C6P0	NBEAP1	9606
P0C6S8	LINGO3	9606
P0C6T2	OST4	9606
P0C7A0	Khdc1b	10090
P0C7A2	FAM153B	9606
P0C7A3	Mboat4	10090
P0C7H8	KRTAP2-3	9606
P0C7H9	USP17L7	9606
P0C7I0	USP17L8	9606
P0C7I6	CCDC159	9606
P0C7L0	Wipf3	10090
P0C7L1	SPINK8	9606
P0C7M3	SFTA3	9606
P0C7M4	RHOXF2B	9606
P0C7M6	IQCF3	9606
P0C7M7	ACSM4	9606
P0C7M8	CLEC2L	9606
P0C7M9	Clec2l	10090
P0C7N1	OR8U8	9606
P0C7N4	TMEM191B	9606
P0C7N5	OR8U9	9606
P0C7N8	OR9G9	9606
P0C7N9	Psmg4	10090
P0C7P0	CISD3	9606
P0C7P1	RBMY1D	9606
P0C7P2	RFPL3S	9606
P0C7P3	SLFN14	9606
P0C7P4	UQCRFS1P1	9606
P0C7Q1	Drc12	10090
P0C7Q2	ARMS2	9606
P0C7Q5	SLC35G4	9606
P0C7Q6	SLC35G6	9606
P0C7T2	OR2T7	9606
P0C7T3	OR56A5	9606
P0C7T4	HMSD	9606
P0C7T5	ATXN1L	9606
P0C7T6	Atxn1l	10090
P0C7T7	FRMD6-AS1	9606
P0C7T8	TMEM253	9606
P0C7U0	ELFN1	9606
P0C7U1	ASAH2B	9606
P0C7U3	ZDHHC11B	9606
P0C7U9	FAM87A	9606
P0C7V0	AHI1-DT	9606
P0C7V4	FAM90A15	9606
P0C7V6	SUPT20HL2	9606
P0C7V7	SEC11B	9606
P0C7V8	DCAF8L2	9606
P0C7V9	METTL15P1	9606
P0C7W0	PRR29	9606
P0C7W3	Tor2a	10090
P0C7W6	CCDC172	9606
P0C7W8	FAM90A13	9606
P0C7W9	FAM90A14	9606
P0C7X0	FAM90A24	9606
P0C7X1	TBC1D3H	9606
P0C7X2	ZNF688	9606
P0C7X3	CCNYL3	9606
P0C7X4	FTH1P19	9606
P0C841	FAM66E	9606
P0C851	PIRT	9606
P0C853	BAALC-AS2	9606
P0C854	CECR9	9606
P0C860	MSL3B	9606
P0C862	C1QTNF9	9606
P0C864	DANCR	9606
P0C866	LINC00869	9606
P0C869	PLA2G4B	9606
P0C870	JMJD7	9606
P0C871	Pla2g4b	10090
P0C872	Jmjd7	10090
P0C874	SPATA31D3	9606
P0C875	FAM228B	9606
P0C881	RSPH10B	9606
P0C8B4	Gon7	10090
P0C8F1	PATE4	9606
P0C8K7	Smim1	10090
P0CAP1	MYZAP	9606
P0CAP2	POLR2M	9606
P0CAT3	TLX1NB	9606
P0CAX8	Tagap1	10090
P0CB33	ZNF735	9606
P0CB38	PABPC4L	9606
P0CB42	Alkbh1	10090
P0CB47	UBTFL1	9606
P0CB48	UBTFL6	9606
P0CC03	Sult6b1	10090
P0CE67	LINC02877	9606
P0CE71	OCM2	9606
P0CE72	OCM	9606
P0CF51	TRGC1	9606
P0CF74	IGLC6	9606
P0CF75	EBLN1	9606
P0CF97	FAM200B	9606
P0CG00	ZSCAN5DP	9606
P0CG01	GKN3P	9606
P0CG04	IGLC1	9606
P0CG08	GPHRB	9606
P0CG09	C2cd4d	10090
P0CG12	DERPC	9606
P0CG13	CHTF8	9606
P0CG14	Derpc	10090
P0CG15	Chtf8	10090
P0CG20	PRR35	9606
P0CG21	NHLRC4	9606
P0CG22	DHRS4L1	9606
P0CG23	ZNF853	9606
P0CG24	ZNF883	9606
P0CG29	GSTT2	9606
P0CG30	GSTT2B	9606
P0CG31	ZNF286B	9606
P0CG32	ZCCHC18	9606
P0CG33	GOLGA6D	9606
P0CG34	TMSB15A	9606
P0CG35	TMSB15B	9606
P0CG36	CFC1B	9606
P0CG37	CFC1	9606
P0CG38	POTEI	9606
P0CG39	POTEJ	9606
P0CG40	SP9	9606
P0CG41	CTAGE8	9606
P0CG42	FAM157B	9606
P0CG43	FAM157C	9606
P0CG47	UBB	9606
P0CG48	UBC	9606
P0CG49	Ubb	10090
P0CG50	Ubc	10090
P0CH98	FAM106C	9606
P0CH99	ZNF705D	9606
P0CI00	ZNF705B	9606
P0CI01	SPDYE6	9606
P0CI25	TRIM49	9606
P0CI26	TRIM49C	9606
P0CJ68	MTRNR2L1	9606
P0CJ69	MTRNR2L2	9606
P0CJ70	MTRNR2L3	9606
P0CJ71	MTRNR2L4	9606
P0CJ72	MTRNR2L5	9606
P0CJ73	MTRNR2L6	9606
P0CJ74	MTRNR2L7	9606
P0CJ75	MTRNR2L8	9606
P0CJ76	MTRNR2L9	9606
P0CJ77	MTRNR2L10	9606
P0CJ78	ZNF865	9606
P0CJ79	ZNF888	9606
P0CJ85	DUX4L2	9606
P0CJ86	DUX4L3	9606
P0CJ87	DUX4L4	9606
P0CJ88	DUX4L5	9606
P0CJ89	DUX4L6	9606
P0CJ90	DUX4L7	9606
P0CJ92	GOLGA8H	9606
P0CK96	SLC35E2B	9606
P0CK97	SLC35E2A	9606
P0CL69	Znf703	10090
P0CL80	GAGE12F	9606
P0CL81	GAGE12G	9606
P0CL82	GAGE12I	9606
P0CL83	STAG3L1	9606
P0CL84	STAG3L2	9606
P0CL85	STAG3L3	9606
P0CV98	TSPY3	9606
P0CV99	TSPY4	9606
P0CW00	TSPY8	9606
P0CW01	TSPY10	9606
P0CW02	Ly6c1	10090
P0CW03	Ly6c2	10090
P0CW18	PRSS56	9606
P0CW19	LIMS3	9606
P0CW20	LIMS4	9606
P0CW21	SPART-AS1	9606
P0CW23	AKAIN1	9606
P0CW24	PNMA6A	9606
P0CW27	CCDC166	9606
P0CW70	Dpy19l2	10090
P0CZ25	DNAH10OS	9606
P0DH78	RNF224	9606
P0DI80	ERLN	9606
P0DI81	TRAPPC2	9606
P0DI82	TRAPPC2B	9606
P0DI83	RAB34	9606
P0DI97	Nrxn1	10090
P0DJ07	PET100	9606
P0DJ93	SMIM13	9606
P0DJD0	RGPD1	9606
P0DJD1	RGPD2	9606
P0DJD3	RBMY1A1	9606
P0DJD4	RBMY1C	9606
P0DJD7	PGA4	9606
P0DJD8	PGA3	9606
P0DJD9	PGA5	9606
P0DJE0	Pet100	10090
P0DJF2	Pet117	10090
P0DJF3	Tmem95	10090
P0DJG4	SPMAP2L	9606
P0DJH9	RD3L	9606
P0DJI6	Fcor	10090
P0DJI8	SAA1	9606
P0DJI9	SAA2	9606
P0DJJ0	SRGAP2C	9606
P0DJR0	GIMD1	9606
P0DKB5	TPBGL	9606
P0DKB6	MPC1L	9606
P0DKL9	ARL14EPL	9606
P0DKV0	SPATA31C1	9606
P0DKX0	ZNF728	9606
P0DKX4	SMIM18	9606
P0DL12	SMIM17	9606
P0DM35	MT1HL1	9606
P0DM40	Fer1l5	10090
P0DM63	NPIPA8	9606
P0DM65	Becn2	10090
P0DMB1	PRR23D2	9606
P0DMB2	C8orf88	9606
P0DMC3	APELA	9606
P0DMC4	Apela	10090
P0DME0	SETSIP	9606
P0DML2	CSH1	9606
P0DML3	CSH2	9606
P0DMM9	SULT1A3	9606
P0DMN0	SULT1A4	9606
P0DMN7	Amd1	10090
P0DMP1	MTRNR2L12	9606
P0DMP2	SRGAP2B	9606
P0DMQ5	INAFM2	9606
P0DMQ9	C8orf89	9606
P0DMR1	HNRNPCL4	9606
P0DMR2	SCGB1C2	9606
P0DMR3	ATXN8OS	9606
P0DMR5	Tdpoz1	10090
P0DMR6	Gm9125	10090
P0DMS8	ADORA3	9606
P0DMS9	TMIGD3	9606
P0DMT0	MRLN	9606
P0DMU2	OR8G3	9606
P0DMU7	CT45A6	9606
P0DMU8	CT45A5	9606
P0DMU9	CT45A10	9606
P0DMV0	CT45A7	9606
P0DMV1	CT45A8	9606
P0DMV2	CT45A9	9606
P0DMV8	HSPA1A	9606
P0DMV9	HSPA1B	9606
P0DMW2	NLRP2B	9606
P0DMW3	SMIM10L1	9606
P0DMW4	SMIM10L2A	9606
P0DMW5	SMIM10L2B	9606
P0DN25	C1GALT1C1L	9606
P0DN26	PPIAL4F	9606
P0DN34	Ndufb1	10090
P0DN37	PPIAL4G	9606
P0DN77	OPN1MW2	9606
P0DN78	OPN1MW3	9606
P0DN80	OR5H8	9606
P0DN81	OR13C7	9606
P0DN82	OR12D1	9606
P0DN83	Strit1	10090
P0DN84	STRIT1	9606
P0DN86	CGB3; CGB5; CGB8	9606
P0DN87	CGB7	9606
P0DN89	Tmem254	10090
P0DO92	CDIPTOSP	9606
P0DO97	CCDC192	9606
P0DOV1	Ifi211	10090
P0DOV2	Ifi204	10090
P0DOY1	Dnmt3c	10090
P0DOY2	IGLC2	9606
P0DOY3	IGLC3	9606
P0DOY5	IGHD1-1	9606
P0DP01	IGHV1-8	9606
P0DP02	IGHV3-30-3	9606
P0DP03	IGHV3-30-5	9606
P0DP04	IGHV3-43D	9606
P0DP06	IGHV4-30-4	9606
P0DP07	IGHV4-31	9606
P0DP08	IGHV4-38-2	9606
P0DP09	IGKV1-13	9606
P0DP23	CALM1	9606
P0DP24	CALM2	9606
P0DP25	CALM3	9606
P0DP26	Calm1	10090
P0DP27	Calm2	10090
P0DP28	Calm3	10090
P0DP42	TMEM225B	9606
P0DP43	Catspere	10090
P0DP57	SLURP2	9606
P0DP58	LYNX1	9606
P0DP59	Slurp2	10090
P0DP60	Lynx1	10090
P0DP71	FAM236C	9606
P0DP72	VSIG10L2	9606
P0DP73	DEFB130B	9606
P0DP74	DEFB130A	9606
P0DP75	MED14OS	9606
P0DP91	ERCC6	9606
P0DP99	Stmp1	10090
P0DPA2	VSIG8	9606
P0DPA3	SNHG28	9606
P0DPB3	SCHIP1	9606
P0DPB4	Schip1	10090
P0DPB5	POLR1D	9606
P0DPB6	POLR1D	9606
P0DPD5	ZNF723	9606
P0DPD6	ECE2	9606
P0DPD7	EEF1AKMT4	9606
P0DPD8	EEF1AKMT4-ECE2	9606
P0DPD9	Eef1akmt4-Ece2	10090
P0DPE0	Eef1akmt4	10090
P0DPE3	TMDD1	9606
P0DPF2	NBPF20	9606
P0DPF3	NBPF9	9606
P0DPF4	TRAV35	9606
P0DPF6	CDRT15P3	9606
P0DPF7	TRBV6-3	9606
P0DPH7	TUBA3C	9606
P0DPH8	TUBA3D	9606
P0DPH9	CXorf51B	9606
P0DPI2	GATD3	9606
P0DPI3	CENPVL2	9606
P0DPI4	TRBD1	9606
P0DPK2	H3Y1	9606
P0DPK3	NOTCH2NLB	9606
P0DPK4	NOTCH2NLC	9606
P0DPK5	H3Y2	9606
P0DPP9	ETDB	9606
P0DPQ3	PRR20G	9606
P0DPQ6	DDIT3	9606
P0DPR3	TRDD1	9606
P0DQD5	NPY4R2	9606
P0DQW0	ZC3H11C	9606
P0DQW1	SMIM46	9606
P0DSE1	TRA	9606
P0DSE2	TRB	9606
P0DSN6	TAS2R33	9606
P0DSN7	IGKV1D-37	9606
P0DSO1	FAM246C	9606
P0DSO2	SCYGR9	9606
P0DSO3	GAGE4	9606
P0DTA3	SPDYE11	9606
P0DTE0	TAS2R36	9606
P0DTE1	IGHV3-38-3	9606
P0DTE2	IGHV8-51-1	9606
P0DTE4	UGT2A1	9606
P0DTE5	UGT2A2	9606
P0DTE7	AMY1B	9606
P0DTE8	AMY1C	9606
P0DTF9	PTTG1IP2	9606
P0DTL4	LY6S	9606
P0DTL5	TMEM276	9606
P0DTL6	ZFTRAF1	9606
P0DTU3	TRA	9606
P0DTU4	TRB	9606
P0DTW1	GAGE1	9606
P0DTW3	IGHV1-38-4	9606
P0DUB6	AMY1A	9606
P0DUD1	SPDYE8	9606
P0DUD2	SPDYE17	9606
P0DUD3	SPDYE14	9606
P0DUD4	SPDYE15	9606
P0DUH7	HRURF	9606
P0DUQ1	PRAMEF15	9606
P0DUQ2	PRAMEF9	9606
P0DUX0	SPDYE10	9606
P0DUX1	SPDYE12	9606
P0DV60	LCE7A	9606
P0DV73	FAM90A16	9606
P0DV74	FAM90A17	9606
P0DV75	FAM90A18	9606
P0DV76	FAM90A19	9606
P0DV77	TPRX2	9606
P0DV79	SPDYE18	9606
P0DW11	TAF11L6	9606
P0DW12	TAF11L7	9606
P0DW13	TAF11L8	9606
P0DW14	TAF11L10	9606
P0DW27	Rbm10	10090
P0DW28	RBM10	9606
P0DW81	MARCHF6-DT	9606
P0DW85	H2BN1	9606
P0DW86	Tmem276	10090
P0DW87	Zftraf1	10090
P0DX00	GOLGA6L24	9606
P0DX01	GOLGA6L25	9606
P0DX02	GOLGA6L26	9606
P0DX04	TMSB15C	9606
P0DX52	GOLGA8F	9606
P0DX53	GOLGA8G	9606
P0DXC1	SRSP	9606
P0DXC3	NPIPA6	9606
P0DY26	DEFB109D	9606
P0DY27	DEFB109C	9606
P0DY56	IFNA1	9606
P0DY57	RASAL2-AS1	9606
P10070	GLI2	9606
P10071	GLI3	9606
P10072	ZNF875	9606
P10073	ZSCAN22	9606
P10074	ZBTB48	9606
P10075	GLI4	9606
P10076	Zfp26	10090
P10077	Zfp27	10090
P10078	Zfp28	10090
P10082	PYY	9606
P10085	Myod1	10090
P10092	CALCB	9606
P10107	Anxa1	10090
P10109	FDX1	9606
P10114	RAP2A	9606
P10124	SRGN	9606
P10126	Eef1a1	10090
P10144	GZMB	9606
P10145	CXCL8	9606
P10146	Ccl1	10090
P10147	CCL3	9606
P10148	Ccl2	10090
P10153	RNASE2	9606
P10155	RO60	9606
P10163	PRB4	9606
P10166	Mycl	10090
P10168	Il7	10090
P10176	COX8A	9606
P10242	MYB	9606
P10243	MYBL1	9606
P10244	MYBL2	9606
P10253	GAA	9606
P10265	ERVK-10	9606
P10266	ERVK-10	9606
P10275	AR	9606
P10276	RARA	9606
P10284	Hoxb4	10090
P10287	Cdh3	10090
P10300	Cd8b	10090
P10301	RRAS	9606
P10321	HLA-C	9606
P10323	ACR	9606
P10398	ARAF	9606
P10400	Pol	10090
P10412	H1-4	9606
P10415	BCL2	9606
P10417	Bcl2	10090
P10451	SPP1	9606
P10493	Nid1	10090
P10515	DLAT	9606
P10518	Alad	10090
P10523	SAG	9606
P10586	PTPRF	9606
P10588	NR2F6	9606
P10589	NR2F1	9606
P10598	Csn2	10090
P10599	TXN	9606
P10600	TGFB3	9606
P10601	Ppy	10090
P10605	Ctsb	10090
P10606	COX5B	9606
P10619	CTSA	9606
P10620	MGST1	9606
P10628	Hoxd4	10090
P10629	Hoxc6	10090
P10630	Eif4a2	10090
P10632	CYP2C8	9606
P10635	CYP2D6	9606
P10636	MAPT	9606
P10637	Mapt	10090
P10639	Txn	10090
P10643	C7	9606
P10644	PRKAR1A	9606
P10645	CHGA	9606
P10646	TFPI	9606
P10648	Gsta2	10090
P10649	Gstm1	10090
P10696	ALPG	9606
P10711	Tcea1	10090
P10720	PF4V1	9606
P10721	KIT	9606
P10745	RBP3	9606
P10746	UROS	9606
P10747	CD28	9606
P10749	Il1b	10090
P10751	Zfp11	10090
P10754	Zfp13	10090
P10755	Zfp14	10090
P10761	Zp3	10090
P10767	FGF6	9606
P10768	ESD	9606
P10809	HSPD1	9606
P10810	Cd14	10090
P10820	Prf1	10090
P10826	RARB	9606
P10827	THRA	9606
P10828	THRB	9606
P10833	Rras	10090
P10852	Slc3a2	10090
P10853	H2bc7; H2bc11; H2bc13; H2bc15	10090
P10854	H2bc14	10090
P10855	Ccl3	10090
P10856	Tnp1	10090
P10889	Cxcl2	10090
P10909	CLU	9606
P10911	MCF2	9606
P10912	GHR	9606
P10914	IRF1	9606
P10915	HAPLN1	9606
P10916	MYL2	9606
P10922	H1-0	10090
P10923	Spp1	10090
P10925	Zfy1	10090
P10966	CD8B	9606
P10997	IAPP	9606
P11021	HSPA5	9606
P11031	Sub1	10090
P11032	Gzma	10090
P11033	Gzmd	10090
P11034	Mcpt1	10090
P11047	LAMC1	9606
P11049	CD37	9606
P11055	MYH3	9606
P11086	PNMT	9606
P11087	Col1a1	10090
P11088	Flg	10090
P11103	Parp1	10090
P11117	ACP2	9606
P11137	MAP2	9606
P11142	HSPA8	9606
P11150	LIPC	9606
P11152	Lpl	10090
P11157	Rrm2	10090
P11161	EGR2	9606
P11166	SLC2A1	9606
P11168	SLC2A2	9606
P11169	SLC2A3	9606
P11171	EPB41	9606
P11172	UMPS	9606
P11177	PDHB	9606
P11182	DBT	9606
P11214	Plat	10090
P11215	ITGAM	9606
P11216	PYGB	9606
P11217	PYGM	9606
P11226	MBL2	9606
P11229	CHRM1	9606
P11230	CHRNB1	9606
P11233	RALA	9606
P11234	RALB	9606
P11245	NAT2	9606
P11247	Mpo	10090
P11260	Lire1	10090
P11274	BCR	9606
P11276	Fn1	10090
P11277	SPTB	9606
P11279	LAMP1	9606
P11308	ERG	9606
P11309	PIM1	9606
P11310	ACADM	9606
P11344	Tyr	10090
P11352	Gpx1	10090
P11362	FGFR1	9606
P11369	Pol	10090
P11370	Fv4	10090
P11378	Tnp2	10090
P11387	TOP1	9606
P11388	TOP2A	9606
P11403	Fgf4	10090
P11404	Fabp3	10090
P11413	G6PD	9606
P11416	Rara	10090
P11438	Lamp1	10090
P11440	Cdk1	10090
P11441	UBL4A	9606
P11464	PSG1	9606
P11465	PSG2	9606
P11473	VDR	9606
P11474	ESRRA	9606
P11477	Defa1	10090
P11487	FGF3	9606
P11488	GNAT1	9606
P11498	PC	9606
P11499	Hsp90ab1	10090
P11509	CYP2A6	9606
P11511	CYP19A1	9606
P11531	Dmd	10090
P11532	DMD	9606
P11586	MTHFD1	9606
P11588	Mup1	10090
P11589	Mup2	10090
P11590	Mup4	10090
P11591	Mup5	10090
P11597	CETP	9606
P11609	Cd1d1	10090
P11610	Cd1d2	10090
P11627	L1cam	10090
P11672	Lcn2	10090
P11678	EPX	9606
P11679	Krt8	10090
P11680	Cfp	10090
P11684	SCGB1A1	9606
P11686	SFTPC	9606
P11688	Itga5	10090
P11712	CYP2C9	9606
P11714	Cyp2d9	10090
P11717	IGF2R	9606
P11725	Otc	10090
P11766	ADH5	9606
P11798	Camk2a	10090
P11801	PSKH1	9606
P11802	CDK4	9606
P11831	SRF	9606
P11835	Itgb2	10090
P11836	MS4A1	9606
P11844	CRYGA	9606
P11859	Agt	10090
P11862	Gas2	10090
P11881	Itpr1	10090
P11908	PRPS2	9606
P11911	Cd79a	10090
P11912	CD79A	9606
P11926	ODC1	9606
P11928	Oas1a	10090
P11930	Nudt19	10090
P11940	PABPC1	9606
P11942	Cd3g	10090
P11983	Tcp1	10090
P11985	Dynlt2	10090
P12004	PCNA	9606
P12018	VPREB1	9606
P12023	App	10090
P12025	Mdk	10090
P12032	Timp1	10090
P12034	FGF5	9606
P12035	KRT3	9606
P12036	NEFH	9606
P12074	COX6A1	9606
P12081	HARS1	9606
P12104	FABP2	9606
P12107	COL11A1	9606
P12109	COL6A1	9606
P12110	COL6A2	9606
P12111	COL6A3	9606
P12235	SLC25A4	9606
P12236	SLC25A6	9606
P12242	Ucp1	10090
P12246	Apcs	10090
P12259	F5	9606
P12265	Gusb	10090
P12268	IMPDH2	9606
P12270	TPR	9606
P12271	RLBP1	9606
P12272	PTHLH	9606
P12273	PIP	9606
P12277	CKB	9606
P12314	FCGR1A	9606
P12318	FCGR2A	9606
P12319	FCER1A	9606
P12367	Prkar2a	10090
P12382	Pfkl	10090
P12388	Serpinb2	10090
P12399	Ctla2a	10090
P12400	Ctla2b	10090
P12429	ANXA3	9606
P12524	MYCL	9606
P12525	MYCLP1	9606
P12532	CKMT1A; CKMT1B	9606
P12544	GZMA	9606
P12643	BMP2	9606
P12644	BMP4	9606
P12645	BMP3	9606
P12656	Tshb	10090
P12657	Chrm1	10090
P12658	Calb1	10090
P12660	Pcp2	10090
P12672	Rapsn	10090
P12694	BCKDHA	9606
P12710	Fabp1	10090
P12724	RNASE3	9606
P12755	SKI	9606
P12757	SKIL	9606
P12787	Cox5a	10090
P12790	Cyp2b9	10090
P12791	Cyp2b10	10090
P12804	Fgl2	10090
P12813	Nr4a1	10090
P12814	ACTN1	9606
P12815	Pdcd6	10090
P12821	ACE	9606
P12829	MYL4	9606
P12830	CDH1	9606
P12838	DEFA4	9606
P12849	Prkar1b	10090
P12850	Cxcl1	10090
P12872	MLN	9606
P12882	MYH1	9606
P12883	MYH7	9606
P12931	SRC	9606
P12955	PEPD	9606
P12956	XRCC6	9606
P12960	Cntn1	10090
P12961	Scg5	10090
P12968	Iapp	10090
P12970	Rpl7a	10090
P12979	Myog	10090
P12980	LYL1	9606
P13010	XRCC5	9606
P13011	Scd2	10090
P13020	Gsn	10090
P13051	UNG	9606
P13056	NR2C1	9606
P13073	COX4I1	9606
P13164	IFITM1	9606
P13196	ALAS1	9606
P13224	GP1BB	9606
P13232	IL7	9606
P13236	CCL4	9606
P13284	IFI30	9606
P13297	Msx1	10090
P13346	Fosb	10090
P13349	MYF5	9606
P13366	Gzmg	10090
P13372	Vpreb1a	10090
P13373	Vpreb1b	10090
P13378	HOXD8	9606
P13379	Cd5	10090
P13385	CRIPTO	9606
P13405	Rb1	10090
P13412	Tnni2	10090
P13438	Tpbpa	10090
P13439	Umps	10090
P13473	LAMP2	9606
P13489	RNH1	9606
P13497	BMP1	9606
P13498	CYBA	9606
P13500	CCL2	9606
P13501	CCL5	9606
P13504	Il1r1	10090
P13516	Scd1	10090
P13521	SCG2	9606
P13533	MYH6	9606
P13535	MYH8	9606
P13541	Myh3	10090
P13542	Myh8	10090
P13562	Gnrh1	10090
P13569	CFTR	9606
P13584	CYP4B1	9606
P13591	NCAM1	9606
P13595	Ncam1	10090
P13597	Icam1	10090
P13598	ICAM2	9606
P13609	Srgn	10090
P13611	VCAN	9606
P13612	ITGA4	9606
P13631	RARG	9606
P13634	Ca1	10090
P13637	ATP1A3	9606
P13639	EEF2	9606
P13640	MT1G	9606
P13645	KRT10	9606
P13646	KRT13	9606
P13647	KRT5	9606
P13667	PDIA4	9606
P13671	C6	9606
P13674	P4HA1	9606
P13675	Ssty1	10090
P13682	ZNF35	9606
P13686	ACP5	9606
P13688	CEACAM1	9606
P13693	TPT1	9606
P13705	Msh3	10090
P13707	Gpd1	10090
P13716	ALAD	9606
P13725	OSM	9606
P13726	F3	9606
P13727	PRG2	9606
P13745	Gsta1	10090
P13747	HLA-E	9606
P13762	HLA-DRB4	9606
P13765	HLA-DOB	9606
P13796	LCP1	9606
P13797	PLS3	9606
P13798	APEH	9606
P13804	ETFA	9606
P13805	TNNT1	9606
P13807	GYS1	9606
P13808	Slc4a2	10090
P13861	PRKAR2A	9606
P13864	Dnmt1	10090
P13866	SLC5A1	9606
P13928	ANXA8	9606
P13929	ENO3	9606
P13942	COL11A2	9606
P13945	ADRB3	9606
P13984	GTF2F2	9606
P13985	HRES1	9606
P13987	CD59	9606
P13994	YJU2B	9606
P13995	MTHFD2	9606
P14060	HSD3B1	9606
P14061	HSD17B1	9606
P14069	S100a6	10090
P14091	CTSE	9606
P14094	Atp1b1	10090
P14097	Ccl4	10090
P14106	C1qb	10090
P14115	Rpl27a	10090
P14131	Rps16	10090
P14136	GFAP	9606
P14138	EDN3	9606
P14142	Slc2a4	10090
P14148	Rpl7	10090
P14151	SELL	9606
P14152	Mdh1	10090
P14174	MIF	9606
P14206	Rpsa	10090
P14207	FOLR2	9606
P14209	CD99	9606
P14210	HGF	9606
P14211	Calr	10090
P14220	Gypa	10090
P14222	PRF1	9606
P14231	Atp1b2	10090
P14234	Fgr	10090
P14246	Slc2a2	10090
P14314	PRKCSH	9606
P14316	IRF2	9606
P14317	HCLS1	9606
P14324	FDPS	9606
P14373	TRIM27	9606
P14384	CPM	9606
P14404	Mecom	10090
P14406	COX7A2	9606
P14410	SI	9606
P14415	ATP1B2	9606
P14416	DRD2	9606
P14426	H2-D1	10090
P14427	H2-D1	10090
P14428	H2-K1	10090
P14429	H2-Q7	10090
P14430	H2-Q8	10090
P14431	H2-Q9	10090
P14432	H2-T3	10090
P14434	H2-Aa	10090
P14435	H2-Aa	10090
P14436	H2-Aa	10090
P14437	H2-Aa	10090
P14438	H2-Aa	10090
P14439	H2-Ea	10090
P14483	H2-Ab1	10090
P14543	NID1	9606
P14550	AKR1A1	9606
P14555	PLA2G2A	9606
P14576	Srp54	10090
P14598	NCF1	9606
P14602	Hspb1	10090
P14616	INSRR	9606
P14618	PKM	9606
P14621	ACYP2	9606
P14625	HSP90B1	9606
P14635	CCNB1	9606
P14649	MYL6B	9606
P14651	HOXB3	9606
P14652	HOXB2	9606
P14653	HOXB1	9606
P14672	SLC2A4	9606
P14678	SNRPB	9606
P14679	TYR	9606
P14685	Psmd3	10090
P14719	Il1rl1	10090
P14733	Lmnb1	10090
P14735	IDE	9606
P14753	Epor	10090
P14770	GP9	9606
P14778	IL1R1	9606
P14780	MMP9	9606
P14784	IL2RB	9606
P14824	Anxa6	10090
P14847	Crp	10090
P14854	COX6B1	9606
P14859	POU2F1	9606
P14866	HNRNPL	9606
P14867	GABRA1	9606
P14868	DARS1	9606
P14869	Rplp0	10090
P14873	Map1b	10090
P14901	Hmox1	10090
P14902	IDO1	9606
P14920	DAO	9606
P14921	ETS1	9606
P14923	JUP	9606
P14927	UQCRB	9606
P15018	LIF	9606
P15036	ETS2	9606
P15037	Ets2	10090
P15056	BRAF	9606
P15066	Jund	10090
P15085	CPA1	9606
P15086	CPB1	9606
P15088	CPA3	9606
P15089	Cpa3	10090
P15090	FABP4	9606
P15104	GLUL	9606
P15105	Glul	10090
P15116	Cdh2	10090
P15119	Mcpt2	10090
P15121	AKR1B1	9606
P15144	ANPEP	9606
P15151	PVR	9606
P15153	RAC2	9606
P15169	CPN1	9606
P15170	GSPT1	9606
P15172	MYOD1	9606
P15173	MYOG	9606
P15208	Insr	10090
P15209	Ntrk2	10090
P15247	Il9	10090
P15248	IL9	9606
P15259	PGAM2	9606
P15260	IFNGR1	9606
P15261	Ifngr1	10090
P15265	Smcp	10090
P15289	ARSA	9606
P15291	B4GALT1	9606
P15306	Thbd	10090
P15307	Rel	10090
P15309	ACP3	9606
P15311	EZR	9606
P15313	ATP6V1B1	9606
P15314	Irf1	10090
P15327	Bpgm	10090
P15328	FOLR1	9606
P15331	Prph	10090
P15336	ATF2	9606
P15374	UCHL3	9606
P15375	Myf6	10090
P15379	Cd44	10090
P15382	KCNE1	9606
P15388	Kcnc1	10090
P15391	CD19	9606
P15392	Cyp2a4	10090
P15407	FOSL1	9606
P15408	FOSL2	9606
P15409	Rho	10090
P15421	GYPE	9606
P15428	HPGD	9606
P15498	VAV1	9606
P15499	Prph2	10090
P15501	Sbp	10090
P15502	ELN	9606
P15508	Sptb	10090
P15509	CSF2RA	9606
P15514	AREG	9606
P15515	HTN1	9606
P15516	HTN3	9606
P15529	CD46	9606
P15530	Cd79b	10090
P15531	NME1	9606
P15532	Nme1	10090
P15533	Trim30a	10090
P15535	B4galt1	10090
P15538	CYP11B1	9606
P15539	Cyp11b2	10090
P15559	NQO1	9606
P15586	GNS	9606
P15620	Znf271	10090
P15621	ZNF44	9606
P15622	ZNF250	9606
P15626	Gstm2	10090
P15655	Fgf2	10090
P15656	Fgf5	10090
P15692	VEGFA	9606
P15702	Spn	10090
P15735	PHKG2	9606
P15806	Tcf3	10090
P15812	CD1E	9606
P15813	CD1D	9606
P15814	IGLL1	9606
P15822	HIVEP1	9606
P15848	ARSB	9606
P15863	PAX1	9606
P15864	H1-2	10090
P15880	RPS2	9606
P15882	CHN1	9606
P15884	TCF4	9606
P15907	ST6GAL1	9606
P15918	RAG1	9606
P15919	Rag1	10090
P15920	Atp6v0a2	10090
P15923	TCF3	9606
P15924	DSP	9606
P15927	RPA2	9606
P15941	MUC1	9606
P15945	Klk1b5	10090
P15946	Klk1b11	10090
P15947	Klk1	10090
P15948	Klk1b22	10090
P15949	Klk1b9	10090
P15954	COX7C	9606
P15972	Phxr2	10090
P15973	Phxr1	10090
P15974	Phxr4	10090
P15975	Usp53	10090
P15976	GATA1	9606
P16014	Chgb	10090
P16015	Ca3	10090
P16035	TIMP2	9606
P16043	Ghrh	10090
P16045	Lgals1	10090
P16050	ALOX15	9606
P16054	Prkce	10090
P16056	Met	10090
P16066	NPR1	9606
P16070	CD44	9606
P16083	NQO2	9606
P16092	Fgfr1	10090
P16104	H2AX	9606
P16109	SELP	9606
P16110	Lgals3	10090
P16112	ACAN	9606
P16118	PFKFB1	9606
P16125	Ldhb	10090
P16144	ITGB4	9606
P16150	SPN	9606
P16152	CBR1	9606
P16157	ANK1	9606
P16219	ACADS	9606
P16220	CREB1	9606
P16233	PNLIP	9606
P16234	PDGFRA	9606
P16254	Srp14	10090
P16260	SLC25A16	9606
P16277	Blk	10090
P16278	GLB1	9606
P16283	Slc4a3	10090
P16284	PECAM1	9606
P16294	F9	10090
P16297	Il2rb	10090
P16298	PPP3CB	9606
P16301	Lcat	10090
P16305	Gabra6	10090
P16330	Cnp	10090
P16331	Pah	10090
P16332	Mmut	10090
P16333	NCK1	9606
P16372	Zfp58	10090
P16373	Zfp59	10090
P16374	Zfp60	10090
P16381	D1Pas1	10090
P16382	Il4r	10090
P16383	GCFC2	9606
P16388	Kcna1	10090
P16389	KCNA2	9606
P16390	Kcna3	10090
P16401	H1-5	9606
P16402	H1-3	9606
P16403	H1-2	9606
P16406	Enpep	10090
P16410	CTLA4	9606
P16415	ZNF823	9606
P16422	EPCAM	9606
P16435	POR	9606
P16442	ABO	9606
P16444	DPEP1	9606
P16452	EPB42	9606
P16455	MGMT	9606
P16460	Ass1	10090
P16471	PRLR	9606
P16473	TSHR	9606
P16499	PDE6A	9606
P16519	PCSK2	9606
P16520	GNB3	9606
P16546	Sptan1	10090
P16562	CRISP2	9606
P16563	Crisp2	10090
P16581	SELE	9606
P16591	FER	9606
P16615	ATP2A2	9606
P16619	CCL3L1; CCL3L3	9606
P16627	Hspa1l	10090
P16646	Pmp22	10090
P16662	UGT2B7	9606
P16671	CD36	9606
P16675	Ctsa	10090
P16858	Gapdh	10090
P16860	NPPB	9606
P16870	CPE	9606
P16871	IL7R	9606
P16872	Il7r	10090
P16879	Fes	10090
P16882	Ghr	10090
P16885	PLCG2	9606
P16930	FAH	9606
P16949	STMN1	9606
P16951	Atf2	10090
P16989	YBX3	9606
P17010	ZFX	9606
P17012	Zfx	10090
P17014	ZNF12	9606
P17017	ZNF14	9606
P17019	ZNF708	9606
P17020	ZNF16	9606
P17021	ZNF17	9606
P17022	ZNF18	9606
P17023	ZNF19	9606
P17024	ZNF20	9606
P17025	ZNF182	9606
P17026	ZNF22	9606
P17027	ZNF23	9606
P17028	ZNF24	9606
P17029	ZKSCAN1	9606
P17030	ZNF25	9606
P17031	ZNF26	9606
P17032	ZNF37A	9606
P17035	ZNF28	9606
P17036	ZNF3	9606
P17038	ZNF43	9606
P17039	ZNF30	9606
P17040	ZSCAN20	9606
P17041	ZNF32	9606
P17047	Lamp2	10090
P17050	NAGA	9606
P17066	HSPA6	9606
P17081	RHOQ	9606
P17095	Hmga1	10090
P17096	HMGA1	9606
P17097	ZNF7	9606
P17098	ZNF8	9606
P17125	Tgfb3	10090
P17141	Zfp37	10090
P17152	TMEM11	9606
P17156	Hspa2	10090
P17174	GOT1	9606
P17181	IFNAR1	9606
P17182	Eno1	10090
P17183	Eno2	10090
P17208	Pou4f1	10090
P17213	BPI	9606
P17225	Ptbp1	10090
P17252	PRKCA	9606
P17257	Fam167b	10090
P17275	JUNB	9606
P17301	ITGA2	9606
P17302	GJA1	9606
P17342	NPR3	9606
P17405	SMPD1	9606
P17426	Ap2a1	10090
P17427	Ap2a2	10090
P17433	Spi1	10090
P17439	Gba1	10090
P17480	UBTF	9606
P17481	HOXB8	9606
P17482	HOXB9	9606
P17483	HOXB4	9606
P17509	HOXB6	9606
P17515	Cxcl10	10090
P17516	AKR1C4	9606
P17532	Tph1	10090
P17533	Defa29	10090
P17534	Defa-rs2	10090
P17535	JUND	9606
P17538	CTRB1	9606
P17540	CKMT2	9606
P17542	TAL1	9606
P17544	ATF7	9606
P17553	Wnt3	10090
P17563	Selenbp1	10090
P17564	Ppp1r15a	10090
P17568	NDUFB7	9606
P17600	SYN1	9606
P17612	PRKACA	9606
P17643	TYRP1	9606
P17655	CAPN2	9606
P17658	KCNA6	9606
P17661	DES	9606
P17665	Cox7c	10090
P17676	CEBPB	9606
P17677	GAP43	9606
P17679	Gata1	10090
P17693	HLA-G	9606
P17706	PTPN2	9606
P17707	AMD1	9606
P17710	Hk1	10090
P17717	Ugt2b17	10090
P17735	TAT	9606
P17742	Ppia	10090
P17751	Tpi1	10090
P17752	TPH1	9606
P17787	CHRNB2	9606
P17809	Slc2a1	10090
P17812	CTPS1	9606
P17813	ENG	9606
P17844	DDX5	9606
P17858	PFKL	9606
P17861	XBP1	9606
P17879	Hspa1b	10090
P17892	Pnliprp2	10090
P17897	Lyz1	10090
P17900	GM2A	9606
P17918	Pcna	10090
P17919	Hoxb1	10090
P17927	CR1	9606
P17931	LGALS3	9606
P17932	Rpl32-ps	10090
P17936	IGFBP3	9606
P17947	SPI1	9606
P17948	FLT1	9606
P17950	Ier2	10090
P17980	PSMC3	9606
P17981	Art2a	10090
P17987	TCP1	9606
P18031	PTPN1	9606
P18052	Ptpra	10090
P18054	ALOX12	9606
P18065	IGFBP2	9606
P18074	ERCC2	9606
P18075	BMP7	9606
P18077	RPL35A	9606
P18084	ITGB5	9606
P18085	ARF4	9606
P18089	ADRA2B	9606
P18111	Cdx1	10090
P18121	Prl3d1	10090
P18124	RPL7	9606
P18146	EGR1	9606
P18155	Mthfd2	10090
P18165	Loricrin	10090
P18181	Cd48	10090
P18206	VCL	9606
P18242	Ctsd	10090
P18283	GPX2	9606
P18293	Npr1	10090
P18337	Sell	10090
P18340	Cxcl9	10090
P18405	SRD5A1	9606
P18406	Ccn1	10090
P18419	Svs4	10090
P18428	LBP	9606
P18433	PTPRA	9606
P18440	NAT1	9606
P18468	H2-Eb1	10090
P18469	H2-Eb1	10090
P18505	GABRB1	9606
P18507	GABRG2	9606
P18509	ADCYAP1	9606
P18510	IL1RN	9606
P18531	Ighv3-6	10090
P18533	Ighv3-5	10090
P18545	PDE6G	9606
P18564	ITGB6	9606
P18572	Bsg	10090
P18577	RHCE	9606
P18581	Slc7a2	10090
P18583	SON	9606
P18608	Hmgn1	10090
P18615	NELFE	9606
P18621	RPL17	9606
P18627	LAG3	9606
P18653	Rps6ka1	10090
P18654	Rps6ka3	10090
P18669	PGAM1	9606
P18754	RCC1	9606
P18760	Cfl1	10090
P18761	Ca6	10090
P18762	Adrb2	10090
P18825	ADRA2C	9606
P18826	Phka1	10090
P18827	SDC1	9606
P18828	Sdc1	10090
P18846	ATF1	9606
P18847	ATF3	9606
P18848	ATF4	9606
P18850	ATF6	9606
P18858	LIG1	9606
P18859	ATP5PF	9606
P18872	Gnao1	10090
P18887	XRCC1	9606
P18893	Il10	10090
P18894	Dao	10090
P18911	Rarg	10090
P19001	Krt19	10090
P19012	KRT15	9606
P19013	KRT4	9606
P19021	PAM	9606
P19022	CDH2	9606
P19070	Cr2	10090
P19075	TSPAN8	9606
P19086	GNAZ	9606
P19087	GNAT2	9606
P19091	Ar	10090
P19096	Fasn	10090
P19099	CYP11B2	9606
P19105	MYL12A	9606
P19113	HDC	9606
P19123	Tnnc1	10090
P19137	Lama1	10090
P19157	Gstp1	10090
P19174	PLCG1	9606
P19182	Ifrd1	10090
P19221	F2	10090
P19224	UGT1A6	9606
P19228	Csn1s1	10090
P19235	EPOR	9606
P19237	TNNI1	9606
P19246	Nefh	10090
P19253	Rpl13a	10090
P19256	CD58	9606
P19258	Mpv17	10090
P19320	VCAM1	9606
P19324	Serpinh1	10090
P19338	NCL	9606
P19367	HK1	9606
P19387	POLR2C	9606
P19388	POLR2E	9606
P19397	CD53	9606
P19404	NDUFV2	9606
P19419	ELK1	9606
P19426	Nelfe	10090
P19429	TNNI3	9606
P19437	Ms4a1	10090
P19438	TNFRSF1A	9606
P19440	GGT1	9606
P19447	ERCC3	9606
P19467	Muc13	10090
P19473	Trap1a	10090
P19474	TRIM21	9606
P19484	TFEB	9606
P19525	EIF2AK2	9606
P19526	FUT1	9606
P19532	TFE3	9606
P19536	Cox5b	10090
P19544	WT1	9606
P19622	EN2	9606
P19623	SRM	9606
P19634	SLC9A1	9606
P19639	Gstm3	10090
P19652	ORM2	9606
P19783	Cox4i1	10090
P19784	CSNK2A2	9606
P19785	Esr1	10090
P19788	Mgp	10090
P19793	RXRA	9606
P19801	AOC1	9606
P19823	ITIH2	9606
P19827	ITIH1	9606
P19835	CEL	9606
P19838	NFKB1	9606
P19875	CXCL2	9606
P19876	CXCL3	9606
P19878	NCF2	9606
P19883	FST	9606
P19957	PI3	9606
P19961	AMY2B	9606
P19971	TYMP	9606
P19973	Lsp1	10090
P20020	ATP2B1	9606
P20023	CR2	9606
P20029	Hspa5	10090
P20033	Pdgfa	10090
P20036	HLA-DPA1	9606
P20042	EIF2S2	9606
P20060	Hexb	10090
P20061	TCN1	9606
P20062	TCN2	9606
P20065	Tmsb4x	10090
P20067	Id1	10090
P20073	ANXA7	9606
P20108	Prdx3	10090
P20109	Il13	10090
P20132	SDS	9606
P20138	CD33	9606
P20142	PGC	9606
P20151	KLK2	9606
P20152	Vim	10090
P20155	SPINK2	9606
P20160	AZU1	9606
P20181	Ntf3	10090
P20226	TBP	9606
P20231	TPSB2	9606
P20239	Zp2	10090
P20248	CCNA2	9606
P20263	Pou5f1	10090
P20264	POU3F3	9606
P20265	POU3F2	9606
P20273	CD22	9606
P20290	BTF3	9606
P20292	ALOX5AP	9606
P20293	Tbxt	10090
P20309	CHRM3	9606
P20333	TNFRSF1B	9606
P20334	Tnfrsf9	10090
P20336	RAB3A	9606
P20337	RAB3B	9606
P20338	RAB4A	9606
P20339	RAB5A	9606
P20340	RAB6A	9606
P20352	F3	10090
P20357	Map2	10090
P20366	TAC1	9606
P20382	PMCH	9606
P20393	NR1D1	9606
P20396	TRH	9606
P20443	Sag	10090
P20444	Prkca	10090
P20472	PVALB	9606
P20489	Fcer1a	10090
P20490	Ms4a2	10090
P20491	Fcer1g	10090
P20585	MSH3	9606
P20591	MX1	9606
P20592	MX2	9606
P20594	NPR2	9606
P20612	Gnat1	10090
P20615	Hoxb9	10090
P20618	PSMB1	9606
P20645	M6PR	9606
P20648	ATP4A	9606
P20662	Zfy2	10090
P20664	Prim1	10090
P20671	H2AC7	9606
P20674	COX5A	9606
P20693	Fcer2	10090
P20700	LMNB1	9606
P20701	ITGAL	9606
P20702	ITGAX	9606
P20711	DDC	9606
P20718	GZMH	9606
P20719	HOXA5	9606
P20722	Bmp6	10090
P20742	PZP	9606
P20749	BCL3	9606
P20764	Igll1	10090
P20774	OGN	9606
P20782	Chrne	10090
P20783	NTF3	9606
P20794	MAK	9606
P20800	EDN2	9606
P20801	Tnnc2	10090
P20807	CAPN3	9606
P20809	IL11	9606
P20810	CAST	9606
P20813	CYP2B6	9606
P20815	CYP3A5	9606
P20823	HNF1A	9606
P20826	Kitlg	10090
P20827	EFNA1	9606
P20839	IMPDH1	9606
P20848	SERPINA2	9606
P20849	COL9A1	9606
P20851	C4BPB	9606
P20852	Cyp2a5	10090
P20853	CYP2A7	9606
P20863	Gdf1	10090
P20908	COL5A1	9606
P20916	MAG	9606
P20917	Mag	10090
P20918	Plg	10090
P20929	NEB	9606
P20930	FLG	9606
P20933	AGA	9606
P20934	Evi2a	10090
P20936	RASA1	9606
P20937	Klra1	10090
P20941	PDC	9606
P20962	PTMS	9606
P20963	CD247	9606
P21107	Tpm3	10090
P21108	PRPS1L1	9606
P21126	Ubl4a	10090
P21127	CDK11B	9606
P21128	ENDOU	9606
P21129	Slc10a3	10090
P21145	MAL	9606
P21180	C2	10090
P21183	Il5ra	10090
P21217	FUT3	9606
P21237	Bdnf	10090
P21246	PTN	9606
P21266	GSTM3	9606
P21271	Myo5b	10090
P21274	Bmp2	10090
P21275	Bmp4	10090
P21278	Gna11	10090
P21279	Gnaq	10090
P21281	ATP6V1B2	9606
P21283	ATP6V1C1	9606
P21291	CSRP1	9606
P21300	Akr1b7	10090
P21333	FLNA	9606
P21359	NF1	9606
P21397	MAOA	9606
P21399	ACO1	9606
P21439	ABCB4	9606
P21440	Abcb4	10090
P21447	Abcb1a	10090
P21452	TACR2	9606
P21453	S1PR1	9606
P21460	Cst3	10090
P21462	FPR1	9606
P21506	ZNF10	9606
P21549	AGXT	9606
P21550	Eno3	10090
P21552	Wnt2	10090
P21554	CNR1	9606
P21570	Ang	10090
P21579	SYT1	9606
P21580	TNFAIP3	9606
P21583	KITLG	9606
P21589	NT5E	9606
P21614	Gc	10090
P21619	Lmnb2	10090
P21658	Fgf6	10090
P21661	Pcsk2	10090
P21673	SAT1	9606
P21675	TAF1	9606
P21695	GPD1	9606
P21709	EPHA1	9606
P21728	DRD1	9606
P21729	Grpr	10090
P21730	C5AR1	9606
P21731	TBXA2R	9606
P21741	MDK	9606
P21754	ZP3	9606
P21757	MSR1	9606
P21761	Trhr	10090
P21765	Gpx5	10090
P21781	FGF7	9606
P21784	Rag2	10090
P21796	VDAC1	9606
P21802	FGFR2	9606
P21803	Fgfr2	10090
P21810	BGN	9606
P21812	Mcpt4	10090
P21815	IBSP	9606
P21817	RYR1	9606
P21836	Ache	10090
P21841	Sftpc	10090
P21843	Mcpt3	10090
P21844	Cma1	10090
P21845	Tpsb2	10090
P21854	CD72	9606
P21855	Cd72	10090
P21860	ERBB3	9606
P21912	SDHB	9606
P21917	DRD4	9606
P21918	DRD5	9606
P21926	CD9	9606
P21941	MATN1	9606
P21952	Pou3f1	10090
P21953	BCKDHB	9606
P21956	Mfge8	10090
P21958	Tap1	10090
P21964	COMT	9606
P21980	TGM2	9606
P21981	Tgm2	10090
P21995	Emb	10090
P22001	KCNA3	9606
P22003	BMP5	9606
P22004	BMP6	9606
P22005	Penk	10090
P22033	MMUT	9606
P22059	OSBP	9606
P22061	PCMT1	9606
P22079	LPO	9606
P22083	FUT4	9606
P22087	FBL	9606
P22090	RPS4Y1	9606
P22091	Tal1	10090
P22102	GART	9606
P22105	TNXB	9606
P22223	CDH3	9606
P22227	Zfp42	10090
P22234	PAICS	9606
P22272	Il6ra	10090
P22301	IL10	9606
P22303	ACHE	9606
P22304	IDS	9606
P22307	SCP2	9606
P22309	UGT1A1	9606
P22310	UGT1A4	9606
P22314	UBA1	9606
P22315	Fech	10090
P22339	Gadd45b	10090
P22352	GPX3	9606
P22361	Hnf1a	10090
P22362	CCL1	9606
P22366	Myd88	10090
P22387	Edn1	10090
P22389	Edn2	10090
P22392	NME2	9606
P22413	ENPP1	9606
P22415	USF1	9606
P22437	Ptgs1	10090
P22455	FGFR4	9606
P22459	KCNA4	9606
P22460	KCNA5	9606
P22466	GAL	9606
P22492	H1-6	9606
P22518	Clk1	10090
P22528	SPRR1B	9606
P22531	SPRR2E	9606
P22532	SPRR2D	9606
P22557	ALAS2	9606
P22561	Wt1	10090
P22570	FDXR	9606
P22599	Serpina1b	10090
P22605	Rarb	10090
P22607	FGFR3	9606
P22612	PRKACG	9606
P22626	HNRNPA2B1	9606
P22646	Cd3e	10090
P22670	RFX1	9606
P22674	CCNO	9606
P22676	CALB2	9606
P22680	CYP7A1	9606
P22681	CBL	9606
P22682	Cbl	10090
P22692	IGFBP4	9606
P22694	PRKACB	9606
P22695	UQCRC2	9606
P22723	Gabrg2	10090
P22724	Wnt4	10090
P22725	Wnt5a	10090
P22726	Wnt5b	10090
P22727	Wnt6	10090
P22732	SLC2A5	9606
P22735	TGM1	9606
P22736	NR4A1	9606
P22748	CA4	9606
P22749	GNLY	9606
P22760	AADAC	9606
P22777	Serpine1	10090
P22792	CPN2	9606
P22794	EVI2A	9606
P22830	FECH	9606
P22858	Pthlh	10090
P22888	LHCGR	9606
P22891	PROZ	9606
P22892	Ap1g1	10090
P22893	Zfp36	10090
P22894	MMP8	9606
P22897	MRC1	9606
P22907	Hmbs	10090
P22914	CRYGS	9606
P22933	Gabrd	10090
P22935	Crabp2	10090
P23025	XPA	9606
P23083	IGHV1-2	9606
P23109	AMPD1	9606
P23116	Eif3a	10090
P23141	CES1	9606
P23142	FBLN1	9606
P23188	Furin	10090
P23193	TCEA1	9606
P23198	Cbx3	10090
P23204	Ppara	10090
P23219	PTGS1	9606
P23229	ITGA6	9606
P23242	Gja1	10090
P23246	SFPQ	9606
P23249	Mov10	10090
P23258	TUBG1	9606
P23275	Or2c1	10090
P23276	KEL	9606
P23280	CA6	9606
P23284	PPIB	9606
P23297	S100A1	9606
P23298	Prkch	10090
P23299	Kcne1	10090
P23327	HRC	9606
P23336	Ggta1	10090
P23352	ANOS1	9606
P23359	Bmp7	10090
P23368	ME2	9606
P23378	GLDC	9606
P23381	WARS1	9606
P23396	RPS3	9606
P23409	MYF6	9606
P23415	GLRA1	9606
P23416	GLRA2	9606
P23434	GCSH	9606
P23435	CBLN1	9606
P23440	Pde6b	10090
P23443	RPS6KB1	9606
P23458	JAK1	9606
P23463	Hoxd8	10090
P23467	PTPRB	9606
P23468	PTPRD	9606
P23469	PTPRE	9606
P23470	PTPRG	9606
P23471	PTPRZ1	9606
P23475	Xrcc6	10090
P23490	LORICRIN	9606
P23492	Pnp	10090
P23497	SP100	9606
P23506	Pcmt1	10090
P23508	MCC	9606
P23510	TNFSF4	9606
P23511	NFYA	9606
P23515	OMG	9606
P23526	AHCY	9606
P23527	H2BC17	9606
P23528	CFL1	9606
P23560	BDNF	9606
P23578	Acr	10090
P23582	NPPC	9606
P23588	EIF4B	9606
P23589	Ca5a	10090
P23591	Gfus	10090
P23610	F8A1; F8A2; F8A3	9606
P23611	Irf8	10090
P23634	ATP2B4	9606
P23677	ITPKA	9606
P23683	Evx1	10090
P23708	Nfya	10090
P23738	Hdc	10090
P23743	DGKA	9606
P23759	PAX7	9606
P23760	PAX3	9606
P23763	VAMP1	9606
P23769	GATA2	9606
P23771	GATA3	9606
P23772	Gata3	10090
P23780	Glb1	10090
P23786	CPT2	9606
P23798	Pcgf2	10090
P23804	Mdm2	10090
P23812	Hoxd12	10090
P23813	Hoxd11	10090
P23818	Gria1	10090
P23819	Gria2	10090
P23881	Tcea3	10090
P23906	Irf2	10090
P23919	DTYMK	9606
P23921	RRM1	9606
P23927	Cryab	10090
P23942	PRPH2	9606
P23945	FSHR	9606
P23946	CMA1	9606
P23949	Zfp36l2	10090
P23950	Zfp36l1	10090
P23953	Ces1c	10090
P23975	SLC6A2	9606
P23979	Htr3a	10090
P24001	IL32	9606
P24043	LAMA2	9606
P24046	GABRR1	9606
P24063	Itgal	10090
P24071	FCAR	9606
P24158	PRTN3	9606
P24161	Cd247	10090
P24270	Cat	10090
P24278	ZBTB25	9606
P24288	Bcat1	10090
P24298	GPT	9606
P24310	COX7A1	9606
P24311	COX7B	9606
P24347	MMP11	9606
P24369	Ppib	10090
P24383	Wnt7a	10090
P24385	CCND1	9606
P24386	CHM	9606
P24387	CRHBP	9606
P24390	KDELR1	9606
P24394	IL4R	9606
P24399	Znf239	10090
P24452	Capg	10090
P24456	Cyp2d10	10090
P24457	Cyp2d11	10090
P24462	CYP3A7	9606
P24468	NR2F2	9606
P24472	Gsta4	10090
P24522	GADD45A	9606
P24526	Pmp2	10090
P24527	Lta4h	10090
P24529	Th	10090
P24530	EDNRB	9606
P24534	EEF1B2	9606
P24539	ATP5PB	9606
P24547	Impdh2	10090
P24549	Aldh1a1	10090
P24557	TBXAS1	9606
P24588	AKAP5	9606
P24592	IGFBP6	9606
P24593	IGFBP5	9606
P24604	Tec	10090
P24610	Pax3	10090
P24622	Cryaa	10090
P24638	Acp2	10090
P24666	ACP1	9606
P24668	M6pr	10090
P24699	Myf5	10090
P24721	Asgr2	10090
P24723	PRKCH	9606
P24752	ACAT1	9606
P24788	Cdk11b	10090
P24807	Cd24	10090
P24815	Hsd3b1	10090
P24821	TNC	9606
P24822	Iap	10090
P24823	Alpg	10090
P24844	MYL9	9606
P24855	DNASE1	9606
P24860	Ccnb1	10090
P24863	CCNC	9606
P24864	CCNE1	9606
P24903	CYP2F1	9606
P24928	POLR2A	9606
P24941	CDK2	9606
P25021	HRH2	9606
P25024	CXCR1	9606
P25025	CXCR2	9606
P25054	APC	9606
P25063	CD24	9606
P25067	COL8A2	9606
P25085	Il1rn	10090
P25089	FPR3	9606
P25090	FPR2	9606
P25092	GUCY2C	9606
P25098	GRK2	9606
P25100	ADRA1D	9606
P25101	EDNRA	9606
P25103	TACR1	9606
P25105	PTAFR	9606
P25106	ACKR3	9606
P25116	F2R	9606
P25118	Tnfrsf1a	10090
P25119	Tnfrsf1b	10090
P25189	MPZ	9606
P25205	MCM3	9606
P25206	Mcm3	10090
P25208	NFYB	9606
P25233	Ndn	10090
P25311	AZGP1	9606
P25318	Col8a2	10090
P25322	Ccnd1	10090
P25325	MPST	9606
P25391	LAMA1	9606
P25398	RPS12	9606
P25425	Pou2f1	10090
P25440	BRD2	9606
P25444	Rps2	10090
P25445	FAS	9606
P25446	Fas	10090
P25490	YY1	9606
P25685	DNAJB1	9606
P25686	DNAJB2	9606
P25688	Uox	10090
P25705	ATP5F1A	9606
P25713	MT3	9606
P25774	CTSS	9606
P25785	Timp2	10090
P25786	PSMA1	9606
P25787	PSMA2	9606
P25788	PSMA3	9606
P25789	PSMA4	9606
P25791	LMO2	9606
P25799	Nfkb1	10090
P25800	LMO1	9606
P25801	Lmo2	10090
P25815	S100P	9606
P25874	UCP1	9606
P25911	Lyn	10090
P25916	Bmi1	10090
P25918	Cd19	10090
P25929	NPY1R	9606
P25940	COL5A3	9606
P25942	CD40	9606
P25962	Adrb3	10090
P25963	NFKBIA	9606
P25976	Ubtf	10090
P26006	ITGA3	9606
P26010	ITGB7	9606
P26011	Itgb7	10090
P26012	ITGB8	9606
P26022	PTX3	9606
P26038	MSN	9606
P26039	Tln1	10090
P26040	Ezr	10090
P26041	Msn	10090
P26043	Rdx	10090
P26045	PTPN3	9606
P26048	Gabra2	10090
P26049	Gabra3	10090
P26149	Hsd3b2	10090
P26150	Hsd3b3	10090
P26151	Fcgr1	10090
P26187	Mgmt	10090
P26196	DDX6	9606
P26231	Ctnna1	10090
P26232	CTNNA2	9606
P26262	Klkb1	10090
P26323	Fli1	10090
P26339	Chga	10090
P26350	Ptma	10090
P26358	DNMT1	9606
P26361	Cftr	10090
P26367	PAX6	9606
P26368	U2AF2	9606
P26369	U2af2	10090
P26371	KRTAP5-9	9606
P26373	RPL13	9606
P26374	CHML	9606
P26378	ELAVL4	9606
P26436	ACRV1	9606
P26439	HSD3B2	9606
P26440	IVD	9606
P26441	CNTF	9606
P26443	Glud1	10090
P26447	S100A4	9606
P26450	Pik3r1	10090
P26516	Psmd7	10090
P26572	MGAT1	9606
P26583	HMGB2	9606
P26599	PTBP1	9606
P26618	Pdgfra	10090
P26638	Sars1	10090
P26639	TARS1	9606
P26640	VARS1	9606
P26641	EEF1G	9606
P26645	Marcks	10090
P26651	ZFP36	9606
P26678	PLN	9606
P26687	Twist1	10090
P26715	KLRC1	9606
P26717	KLRC2	9606
P26718	KLRK1	9606
P26842	CD27	9606
P26883	Fkbp1a	10090
P26885	FKBP2	9606
P26927	MST1	9606
P26928	Mst1	10090
P26951	IL3RA	9606
P26952	Il3ra	10090
P26954	Csf2rb2	10090
P26955	Csf2rb	10090
P26992	CNTFR	9606
P26998	CRYBB3	9606
P27005	S100a8	10090
P27037	ACVR2A	9606
P27038	Acvr2a	10090
P27040	Acvr2b	10090
P27046	Man2a1	10090
P27048	Snrpb	10090
P27090	Tgfb2	10090
P27105	STOM	9606
P27106	Amh	10090
P27144	AK4	9606
P27169	PON1	9606
P27216	ANXA13	9606
P27338	MAOB	9606
P27348	YWHAQ	9606
P27352	CBLIF	9606
P27361	MAPK3	9606
P27448	MARK3	9606
P27449	ATP6V0C	9606
P27467	Wnt3a	10090
P27469	G0S2	9606
P27482	CALML3	9606
P27487	DPP4	9606
P27512	Cd40	10090
P27539	GDF1	9606
P27540	ARNT	9606
P27544	CERS1	9606
P27545	Cers1	10090
P27546	Map4	10090
P27548	Cd40lg	10090
P27573	Mpz	10090
P27577	Ets1	10090
P27600	Gna12	10090
P27601	Gna13	10090
P27612	Plaa	10090
P27635	RPL10	9606
P27641	Xrcc5	10090
P27656	Lipc	10090
P27658	COL8A1	9606
P27659	Rpl3	10090
P27661	H2ax	10090
P27664	Pde6a	10090
P27671	Rasgrf1	10090
P27681	Gabrg3	10090
P27694	RPA1	9606
P27695	APEX1	9606
P27699	Crem	10090
P27701	CD82	9606
P27707	DCK	9606
P27708	CAD	9606
P27773	Pdia3	10090
P27782	Lef1	10090
P27784	Ccl6	10090
P27786	Cyp17a1	10090
P27790	Cenpb	10090
P27792	Lyl1	10090
P27797	CALR	9606
P27808	Mgat1	10090
P27811	Klrb1a	10090
P27812	Klrb1b	10090
P27814	Klrb1c	10090
P27815	PDE4A	9606
P27816	MAP4	9606
P27824	CANX	9606
P27870	Vav1	10090
P27889	Hnf1b	10090
P27918	CFP	9606
P27930	IL1R2	9606
P27931	Il1r2	10090
P27986	PIK3R1	9606
P27987	ITPKB	9606
P28028	Braf	10090
P28033	Cebpb	10090
P28039	AOAH	9606
P28047	Wnt7b	10090
P28062	PSMB8	9606
P28063	Psmb8	10090
P28065	PSMB9	9606
P28066	PSMA5	9606
P28067	HLA-DMA	9606
P28068	HLA-DMB	9606
P28069	POU1F1	9606
P28070	PSMB4	9606
P28072	PSMB6	9606
P28074	PSMB5	9606
P28076	Psmb9	10090
P28078	H2-DMa	10090
P28161	GSTM2	9606
P28184	Mt3	10090
P28221	HTR1D	9606
P28222	HTR1B	9606
P28223	HTR2A	9606
P28229	Gjc1	10090
P28230	Gjb1	10090
P28231	Gjb3	10090
P28235	Gja4	10090
P28236	Gja8	10090
P28271	Aco1	10090
P28288	ABCD3	9606
P28289	TMOD1	9606
P28290	ITPRID2	9606
P28293	Ctsg	10090
P28300	LOX	9606
P28301	Lox	10090
P28309	Defa2	10090
P28310	Defa3	10090
P28311	Defa4	10090
P28312	Defa5	10090
P28322	Etv4	10090
P28324	ELK4	9606
P28325	CST5	9606
P28328	PEX2	9606
P28329	CHAT	9606
P28330	ACADL	9606
P28331	NDUFS1	9606
P28332	ADH6	9606
P28334	Htr1b	10090
P28335	HTR2C	9606
P28336	NMBR	9606
P28340	POLD1	9606
P28347	TEAD1	9606
P28352	Apex1	10090
P28356	HOXD9	9606
P28357	Hoxd9	10090
P28358	HOXD10	9606
P28359	Hoxd10	10090
P28360	MSX1	9606
P28370	SMARCA1	9606
P28472	GABRB3	9606
P28474	Adh5	10090
P28476	GABRR2	9606
P28481	Col2a1	10090
P28482	MAPK1	9606
P28562	DUSP1	9606
P28563	Dusp1	10090
P28566	HTR1E	9606
P28571	Slc6a9	10090
P28574	Max	10090
P28575	Ipp	10090
P28649	Cyp19a1	10090
P28650	Adss1	10090
P28651	Ca8	10090
P28652	Camk2b	10090
P28653	Bgn	10090
P28654	Dcn	10090
P28656	Nap1l1	10090
P28658	Atxn10	10090
P28659	Celf1	10090
P28660	Nckap1	10090
P28661	Septin4	10090
P28662	Bri3	10090
P28663	Napb	10090
P28665	Mug1	10090
P28666	Mug2	10090
P28667	Marcksl1	10090
P28676	GCA	9606
P28698	MZF1	9606
P28700	Rxra	10090
P28702	RXRB	9606
P28704	Rxrb	10090
P28705	Rxrg	10090
P28715	ERCC5	9606
P28738	Kif5c	10090
P28740	Kif2a	10090
P28741	Kif3a	10090
P28749	RBL1	9606
P28776	Ido1	10090
P28798	Grn	10090
P28799	GRN	9606
P28825	Mep1a	10090
P28827	PTPRM	9606
P28828	Ptprm	10090
P28838	LAP3	9606
P28843	Dpp4	10090
P28845	HSD11B1	9606
P28862	Mmp3	10090
P28867	Prkcd	10090
P28906	CD34	9606
P28907	CD38	9606
P28908	TNFRSF8	9606
P29016	CD1B	9606
P29017	CD1C	9606
P29033	GJB2	9606
P29034	S100A2	9606
P29037	Tbp	10090
P29074	PTPN4	9606
P29083	GTF2E1	9606
P29084	GTF2E2	9606
P29120	PCSK1	9606
P29121	Pcsk4	10090
P29122	PCSK6	9606
P29144	TPP2	9606
P29218	IMPA1	9606
P29268	Ccn2	10090
P29274	ADORA2A	9606
P29275	ADORA2B	9606
P29279	CCN2	9606
P29317	EPHA2	9606
P29319	Epha3	10090
P29320	EPHA3	9606
P29322	EPHA8	9606
P29323	EPHB2	9606
P29341	Pabpc1	10090
P29350	PTPN6	9606
P29351	Ptpn6	10090
P29352	Ptpn22	10090
P29353	SHC1	9606
P29371	TACR3	9606
P29372	MPG	9606
P29373	CRABP2	9606
P29374	ARID4A	9606
P29375	KDM5A	9606
P29376	LTK	9606
P29377	S100G	9606
P29387	Gnb4	10090
P29391	Ftl1	10090
P29400	COL4A5	9606
P29401	TKT	9606
P29416	Hexa	10090
P29452	Casp1	10090
P29459	IL12A	9606
P29460	IL12B	9606
P29466	CASP1	9606
P29474	NOS3	9606
P29475	NOS1	9606
P29477	Nos2	10090
P29508	SERPINB3	9606
P29533	Vcam1	10090
P29536	LMOD1	9606
P29558	RBMS1	9606
P29590	PML	9606
P29594	Casp2	10090
P29595	Nedd8	10090
P29597	TYK2	9606
P29621	Serpina3c	10090
P29622	SERPINA4	9606
P29692	EEF1D	9606
P29699	Ahsg	10090
P29728	OAS2	9606
P29752	Lalba	10090
P29754	Agtr1a	10090
P29755	Agtr1b	10090
P29758	Oat	10090
P29762	CRABP1	9606
P29788	Vtn	10090
P29803	PDHA2	9606
P29812	Dct	10090
P29965	CD40LG	9606
P29966	MARCKS	9606
P29972	AQP1	9606
P29973	CNGA1	9606
P29974	Cnga1	10090
P29992	GNA11	9606
P30038	ALDH4A1	9606
P30039	PBLD	9606
P30040	ERP29	9606
P30041	PRDX6	9606
P30043	BLVRB	9606
P30044	PRDX5	9606
P30046	DDT	9606
P30047	GCHFR	9606
P30048	PRDX3	9606
P30049	ATP5F1D	9606
P30050	RPL12	9606
P30051	Tead1	10090
P30084	ECHS1	9606
P30085	CMPK1	9606
P30086	PEBP1	9606
P30101	PDIA3	9606
P30115	Gsta3	10090
P30153	PPP2R1A	9606
P30154	PPP2R1B	9606
P30203	CD6	9606
P30204	Msr1	10090
P30260	CDC27	9606
P30273	FCER1G	9606
P30275	Ckmt1	10090
P30276	Ccnb2	10090
P30279	CCND2	9606
P30280	Ccnd2	10090
P30281	CCND3	9606
P30282	Ccnd3	10090
P30285	Cdk4	10090
P30291	WEE1	9606
P30301	MIP	9606
P30304	CDC25A	9606
P30305	CDC25B	9606
P30306	Cdc25b	10090
P30307	CDC25C	9606
P30355	Alox5ap	10090
P30405	PPIF	9606
P30408	TM4SF1	9606
P30411	BDKRB2	9606
P30412	Ppic	10090
P30414	NKTR	9606
P30415	Nktr	10090
P30416	Fkbp4	10090
P30419	NMT1	9606
P30511	HLA-F	9606
P30518	AVPR2	9606
P30519	HMOX2	9606
P30520	ADSS2	9606
P30530	AXL	9606
P30531	SLC6A1	9606
P30532	CHRNA5	9606
P30533	LRPAP1	9606
P30536	TSPO	9606
P30542	ADORA1	9606
P30545	Adra2b	10090
P30548	Tacr1	10090
P30549	Tacr2	10090
P30550	GRPR	9606
P30554	Mas1	10090
P30556	AGTR1	9606
P30557	Ptger3	10090
P30558	F2r	10090
P30559	OXTR	9606
P30561	Ahr	10090
P30566	ADSL	9606
P30613	PKLR	9606
P30622	CLIP1	9606
P30626	SRI	9606
P30658	Cbx2	10090
P30677	Gna14	10090
P30678	Gna15	10090
P30679	GNA15	9606
P30681	Hmgb2	10090
P30711	GSTT1	9606
P30728	Drd3	10090
P30730	Lhcgr	10090
P30731	Gpr83	10090
P30740	SERPINB1	9606
P30793	GCH1	9606
P30825	SLC7A1	9606
P30837	ALDH1B1	9606
P30838	ALDH3A1	9606
P30872	SSTR1	9606
P30873	Sstr1	10090
P30874	SSTR2	9606
P30875	Sstr2	10090
P30876	POLR2B	9606
P30882	Ccl5	10090
P30926	CHRNB4	9606
P30933	Svs5	10090
P30935	Sstr3	10090
P30939	HTR1F	9606
P30953	OR1E1	9606
P30954	OR10J1	9606
P30966	Htr5a	10090
P30968	GNRHR	9606
P30987	Tbxa2r	10090
P30988	CALCR	9606
P30989	NTSR1	9606
P30990	NTS	9606
P30993	C5ar1	10090
P30999	Ctnnd1	10090
P31001	Des	10090
P31025	LCN1	9606
P31040	SDHA	9606
P31041	Cd28	10090
P31146	CORO1A	9606
P31150	GDI1	9606
P31151	S100A7	9606
P31152	MAPK4	9606
P31153	MAT2A	9606
P31213	SRD5A2	9606
P31230	Aimp1	10090
P31240	Pdgfb	10090
P31245	Hoxa2	10090
P31249	HOXD3	9606
P31254	Uba1y	10090
P31257	Hoxc10	10090
P31260	HOXA10	9606
P31266	Rbpj	10090
P31267	HOXA6	9606
P31268	HOXA7	9606
P31269	HOXA9	9606
P31270	HOXA11	9606
P31271	HOXA13	9606
P31273	HOXC8	9606
P31274	HOXC9	9606
P31275	HOXC12	9606
P31276	HOXC13	9606
P31277	HOXD11	9606
P31310	Hoxa10	10090
P31311	Hoxa11	10090
P31313	Hoxc11	10090
P31314	TLX1	9606
P31315	Gsx1	10090
P31316	Gsx2	10090
P31321	PRKAR1B	9606
P31323	PRKAR2B	9606
P31324	Prkar2b	10090
P31327	CPS1	9606
P31350	RRM2	9606
P31358	CD52	9606
P31360	Pou3f2	10090
P31361	Pou3f3	10090
P31362	Pou2f3	10090
P31371	FGF9	9606
P31387	Htr5b	10090
P31391	SSTR4	9606
P31415	CASQ1	9606
P31428	Dpep1	10090
P31431	SDC4	9606
P31482	Pla2g2a	10090
P31483	TIA1	9606
P31512	FMO4	9606
P31513	FMO3	9606
P31532	Saa4	10090
P31629	HIVEP2	9606
P31639	SLC5A2	9606
P31641	SLC6A6	9606
P31644	GABRA5	9606
P31645	SLC6A4	9606
P31648	Slc6a1	10090
P31649	Slc6a13	10090
P31650	Slc6a11	10090
P31651	Slc6a12	10090
P31689	DNAJA1	9606
P31695	Notch4	10090
P31725	S100a9	10090
P31749	AKT1	9606
P31750	Akt1	10090
P31751	AKT2	9606
P31785	IL2RG	9606
P31786	Dbi	10090
P31809	Ceacam1	10090
P31930	UQCRC1	9606
P31937	HIBADH	9606
P31938	Map2k1	10090
P31939	ATIC	9606
P31941	APOBEC3A	9606
P31942	HNRNPH3	9606
P31943	HNRNPH1	9606
P31944	CASP14	9606
P31946	YWHAB	9606
P31947	SFN	9606
P31948	STIP1	9606
P31949	S100A11	9606
P31955	Areg	10090
P31994	FCGR2B	9606
P31995	FCGR2C	9606
P31996	Cd68	10090
P31997	CEACAM8	9606
P32004	L1CAM	9606
P32019	INPP5B	9606
P32020	Scp2	10090
P32037	Slc2a3	10090
P32043	Hoxc5	10090
P32067	Ssb	10090
P32082	Ghrhr	10090
P32114	Pax2	10090
P32115	Pax4	10090
P32119	PRDX2	9606
P32121	ARRB2	9606
P32189	GK	9606
P32211	Chrm4	10090
P32233	Drg1	10090
P32238	CCKAR	9606
P32239	CCKBR	9606
P32240	Ptger4	10090
P32241	VIPR1	9606
P32242	OTX1	9606
P32243	OTX2	9606
P32245	MC4R	9606
P32246	CCR1	9606
P32247	BRS3	9606
P32248	CCR7	9606
P32249	GPR183	9606
P32261	Serpinc1	10090
P32297	CHRNA3	9606
P32298	GRK4	9606
P32299	Bdkrb2	10090
P32300	Oprd1	10090
P32302	CXCR5	9606
P32304	Htr7	10090
P32314	FOXN2	9606
P32320	CDA	9606
P32321	DCTD	9606
P32322	PYCR1	9606
P32418	SLC8A1	9606
P32442	Meox1	10090
P32443	Meox2	10090
P32455	GBP1	9606
P32456	GBP2	9606
P32507	Nectin2	10090
P32519	ELF1	9606
P32648	Vip	10090
P32745	SSTR3	9606
P32754	HPD	9606
P32766	Cst8	10090
P32780	GTF2H1	9606
P32848	Pvalb	10090
P32856	STX2	9606
P32881	IFNA8	9606
P32883	Kras	10090
P32921	Wars1	10090
P32926	DSG3	9606
P32927	CSF2RB	9606
P32929	CTH	9606
P32942	ICAM3	9606
P32958	Rom1	10090
P32969	RPL9; RPL9P7; RPL9P8; RPL9P9	9606
P32970	CD70	9606
P32971	TNFSF8	9606
P32972	Tnfsf8	10090
P33032	MC5R	9606
P33033	Mc3r	10090
P33076	CIITA	9606
P33121	ACSL1	9606
P33146	Cdh15	10090
P33151	CDH5	9606
P33173	Kif1a	10090
P33174	Kif4	10090
P33175	Kif5a	10090
P33176	KIF5B	9606
P33215	Nedd1	10090
P33240	CSTF2	9606
P33241	LSP1	9606
P33242	Nr5a1	10090
P33260	CYP2C18	9606
P33261	CYP2C19	9606
P33267	Cyp2f2	10090
P33316	DUT	9606
P33402	GUCY1A2	9606
P33434	Mmp2	10090
P33435	Mmp13	10090
P33527	ABCC1	9606
P33534	Oprk1	10090
P33552	CKS2	9606
P33587	Proc	10090
P33609	Pola1	10090
P33610	Prim2	10090
P33611	Pola2	10090
P33622	Apoc3	10090
P33680	Guca2a	10090
P33681	CD80	9606
P33763	S100A5	9606
P33764	S100A3	9606
P33766	Fpr1	10090
P33778	H2BC3	9606
P33896	Ifnar1	10090
P33897	ABCD1	9606
P33908	MAN1A1	9606
P33947	KDELR2	9606
P33981	TTK	9606
P33991	MCM4	9606
P33992	MCM5	9606
P33993	MCM7	9606
P34022	Ranbp1	10090
P34056	Tfap2a	10090
P34057	Rcvrn	10090
P34059	GALNS	9606
P34096	RNASE4	9606
P34130	NTF4	9606
P34152	Ptk2	10090
P34741	SDC2	9606
P34810	CD68	9606
P34820	BMP8B	9606
P34821	Bmp8a	10090
P34884	Mif	10090
P34896	SHMT1	9606
P34897	SHMT2	9606
P34902	Il2rg	10090
P34903	GABRA3	9606
P34910	EVI2B	9606
P34913	EPHX2	9606
P34914	Ephx2	10090
P34925	RYK	9606
P34927	Asgr1	10090
P34928	Apoc1	10090
P34931	HSPA1L	9606
P34932	HSPA4	9606
P34947	GRK5	9606
P34949	MPI	9606
P34960	Mmp12	10090
P34968	Htr2c	10090
P34969	HTR7	9606
P34971	Adrb1	10090
P34972	CNR2	9606
P34981	TRHR	9606
P34982	OR1D2	9606
P34983	Or8g18	10090
P34984	Or2a7	10090
P34985	Or8c8	10090
P34986	Or6b9	10090
P34995	PTGER1	9606
P34998	CRHR1	9606
P35030	PRSS3	9606
P35052	GPC1	9606
P35070	BTC	9606
P35080	PFN2	9606
P35123	Usp4	10090
P35125	USP6	9606
P35173	Stfa3	10090
P35174	Stfa2	10090
P35175	Stfa1	10090
P35212	GJA4	9606
P35218	CA5A	9606
P35219	CA8	9606
P35221	CTNNA1	9606
P35222	CTNNB1	9606
P35225	IL13	9606
P35226	BMI1	9606
P35227	PCGF2	9606
P35228	NOS2	9606
P35230	Reg3b	10090
P35232	PHB1	9606
P35235	Ptpn11	10090
P35236	PTPN7	9606
P35237	SERPINB6	9606
P35240	NF2	9606
P35241	RDX	9606
P35242	Sftpa1	10090
P35243	RCVRN	9606
P35244	RPA3	9606
P35247	SFTPD	9606
P35249	RFC4	9606
P35250	RFC2	9606
P35251	RFC1	9606
P35268	RPL22	9606
P35269	GTF2F1	9606
P35270	SPR	9606
P35276	Rab3d	10090
P35278	Rab5c	10090
P35279	Rab6a	10090
P35282	Rab21	10090
P35283	Rab12	10090
P35285	Rab22a	10090
P35288	Rab23	10090
P35290	Rab24	10090
P35292	Rab17	10090
P35293	Rab18	10090
P35294	Rab19	10090
P35295	Rab20	10090
P35318	ADM	9606
P35321	SPRR1A	9606
P35325	SPRR2B	9606
P35326	SPRR2A	9606
P35329	Cd22	10090
P35330	Icam2	10090
P35343	Cxcr2	10090
P35346	SSTR5	9606
P35347	Crhr1	10090
P35348	ADRA1A	9606
P35354	PTGS2	9606
P35363	Htr2a	10090
P35367	HRH1	9606
P35368	ADRA1B	9606
P35372	OPRM1	9606
P35374	Agtr2	10090
P35375	Ptger1	10090
P35377	Oprl1	10090
P35378	Fshr	10090
P35383	P2ry2	10090
P35385	Hspb7	10090
P35396	Ppard	10090
P35398	RORA	9606
P35408	PTGER4	9606
P35410	MAS1L	9606
P35412	Gpr12	10090
P35413	Gpr3	10090
P35414	APLNR	9606
P35419	Tpo	10090
P35428	Hes1	10090
P35436	Grin2a	10090
P35438	Grin1	10090
P35441	Thbs1	10090
P35442	THBS2	9606
P35443	THBS4	9606
P35452	HOXD12	9606
P35453	HOXD13	9606
P35454	Oxt	10090
P35455	Avp	10090
P35456	Plaur	10090
P35459	Ly6d	10090
P35460	Ly6f	10090
P35461	Ly6g	10090
P35462	DRD3	9606
P35475	IDUA	9606
P35486	Pdha1	10090
P35487	Pdha2	10090
P35492	Hal	10090
P35498	SCN1A	9606
P35499	SCN4A	9606
P35503	UGT1A3	9606
P35504	UGT1A5	9606
P35505	Fah	10090
P35520	CBS	9606
P35523	CLCN1	9606
P35527	KRT9	9606
P35542	SAA4	9606
P35546	Ret	10090
P35548	MSX2	9606
P35550	Fbl	10090
P35555	FBN1	9606
P35556	FBN2	9606
P35557	GCK	9606
P35558	PCK1	9606
P35561	Kcnj2	10090
P35564	Canx	10090
P35568	IRS1	9606
P35569	Irs1	10090
P35573	AGL	9606
P35575	G6PC1	9606
P35576	G6pc1	10090
P35579	MYH9	9606
P35580	MYH10	9606
P35582	Foxa1	10090
P35583	Foxa2	10090
P35584	Foxa3	10090
P35585	Ap1m1	10090
P35590	TIE1	9606
P35601	Rfc1	10090
P35606	COPB2	9606
P35609	ACTN2	9606
P35610	SOAT1	9606
P35611	ADD1	9606
P35612	ADD2	9606
P35613	BSG	9606
P35625	TIMP3	9606
P35626	GRK3	9606
P35637	FUS	9606
P35638	DDIT3	9606
P35639	Ddit3	10090
P35658	NUP214	9606
P35659	DEK	9606
P35663	CYLC1	9606
P35670	ATP7B	9606
P35680	HNF1B	9606
P35689	Ercc5	10090
P35700	Prdx1	10090
P35710	Sox5	10090
P35711	SOX5	9606
P35712	SOX6	9606
P35713	SOX18	9606
P35716	SOX11	9606
P35737	H2-DMb1	10090
P35749	MYH11	9606
P35754	GLRX	9606
P35761	Ttk	10090
P35762	Cd81	10090
P35789	ZNF93	9606
P35790	CHKA	9606
P35802	Gpm6a	10090
P35803	Gpm6b	10090
P35813	PPM1A	9606
P35821	Ptpn1	10090
P35822	Ptprk	10090
P35831	Ptpn12	10090
P35846	Folr1	10090
P35858	IGFALS	9606
P35869	AHR	9606
P35900	KRT20	9606
P35908	KRT2	9606
P35913	PDE6B	9606
P35914	HMGCL	9606
P35916	FLT4	9606
P35917	Flt4	10090
P35918	Kdr	10090
P35922	Fmr1	10090
P35951	Ldlr	10090
P35968	KDR	9606
P35969	Flt1	10090
P35979	Rpl12	10090
P35980	Rpl18	10090
P35991	Btk	10090
P35998	PSMC2	9606
P36021	SLC16A2	9606
P36222	CHI3L1	9606
P36268	GGT2P	9606
P36269	GGT5	9606
P36363	Fgf7	10090
P36368	Egfbp2	10090
P36369	Klk1b26	10090
P36371	Tap2	10090
P36382	GJA5	9606
P36383	GJC1	9606
P36402	TCF7	9606
P36404	ARL2	9606
P36405	ARL3	9606
P36406	TRIM23	9606
P36423	Tbxas1	10090
P36507	MAP2K2	9606
P36508	ZNF76	9606
P36536	Sar1a	10090
P36537	UGT2B10	9606
P36542	ATP5F1C	9606
P36543	ATP6V1E1	9606
P36544	CHRNA7	9606
P36551	CPOX	9606
P36552	Cpox	10090
P36575	ARR3	9606
P36578	RPL4	9606
P36639	NUDT1	9606
P36776	LONP1	9606
P36871	PGM1	9606
P36873	PPP1CC	9606
P36888	FLT3	9606
P36894	BMPR1A	9606
P36895	Bmpr1a	10090
P36896	ACVR1B	9606
P36897	TGFBR1	9606
P36898	Bmpr1b	10090
P36915	GNL1	9606
P36916	Gnl1	10090
P36941	LTBR	9606
P36952	SERPINB5	9606
P36954	POLR2I	9606
P36955	SERPINF1	9606
P36956	SREBF1	9606
P36957	DLST	9606
P36959	GMPR	9606
P36969	GPX4	9606
P36980	CFHR2	9606
P36993	Ppm1b	10090
P37023	ACVRL1	9606
P37040	Por	10090
P37058	HSD17B3	9606
P37059	HSD17B2	9606
P37088	SCNN1A	9606
P37108	SRP14	9606
P37172	Acvr1	10090
P37173	TGFBR2	9606
P37198	NUP62	9606
P37217	Cd69	10090
P37231	PPARG	9606
P37235	HPCAL1	9606
P37237	Fgf8	10090
P37238	Pparg	10090
P37242	Thrb	10090
P37268	FDFT1	9606
P37275	ZEB1	9606
P37287	PIGA	9606
P37288	AVPR1A	9606
P37802	TAGLN2	9606
P37804	Tagln	10090
P37837	TALDO1	9606
P37840	SNCA	9606
P37889	Fbln2	10090
P37913	Lig1	10090
P38060	Hmgcl	10090
P38117	ETFB	9606
P38159	RBMX	9606
P38398	BRCA1	9606
P38405	GNAL	9606
P38432	COIL	9606
P38435	GGCX	9606
P38484	IFNGR2	9606
P38532	Hsf1	10090
P38533	Hsf2	10090
P38567	SPAM1	9606
P38570	ITGAE	9606
P38571	LIPA	9606
P38575	Upk2	10090
P38585	Ttl	10090
P38606	ATP6V1A	9606
P38646	HSPA9	9606
P38647	Hspa9	10090
P38649	Abo	10090
P38919	EIF4A3	9606
P38935	IGHMBP2	9606
P38936	CDKN1A	9606
P39019	RPS19	9606
P39023	RPL3	9606
P39038	Cdh4	10090
P39039	Mbl1	10090
P39053	Dnm1	10090
P39054	Dnm2	10090
P39059	COL15A1	9606
P39060	COL18A1	9606
P39061	Col18a1	10090
P39086	GRIK1	9606
P39087	Grik2	10090
P39098	Man1a2	10090
P39210	MPV17	9606
P39428	Traf1	10090
P39429	Traf2	10090
P39447	Tjp1	10090
P39654	Alox15	10090
P39655	Alox12	10090
P39656	DDOST	9606
P39687	ANP32A	9606
P39688	Fyn	10090
P39689	Cdkn1a	10090
P39748	FEN1	9606
P39749	Fen1	10090
P39876	Timp3	10090
P39877	PLA2G5	9606
P39880	CUX1	9606
P39900	MMP12	9606
P39905	GDNF	9606
P40121	CAPG	9606
P40123	CAP2	9606
P40124	Cap1	10090
P40126	DCT	9606
P40142	Tkt	10090
P40145	ADCY8	9606
P40189	IL6ST	9606
P40197	GP5	9606
P40198	CEACAM3	9606
P40199	CEACAM6	9606
P40200	CD96	9606
P40201	Chd1	10090
P40205	MYCNOS	9606
P40222	TXLNA	9606
P40223	Csf3r	10090
P40224	Cxcl12	10090
P40225	THPO	9606
P40226	Thpo	10090
P40227	CCT6A	9606
P40237	Cd82	10090
P40238	MPL	9606
P40240	Cd9	10090
P40259	CD79B	9606
P40261	NNMT	9606
P40305	IFI27	9606
P40306	PSMB10	9606
P40313	CTRL	9606
P40336	Vps26a	10090
P40337	VHL	9606
P40338	Vhl	10090
P40394	ADH7	9606
P40424	PBX1	9606
P40425	PBX2	9606
P40426	PBX3	9606
P40429	RPL13A	9606
P40616	ARL1	9606
P40617	ARL4A	9606
P40630	Tfam	10090
P40645	Sox6	10090
P40646	Sox7	10090
P40692	MLH1	9606
P40694	Ighmbp2	10090
P40749	Syt4	10090
P40753	Nppb	10090
P40763	STAT3	9606
P40764	Dlx2	10090
P40818	USP8	9606
P40855	PEX19	9606
P40879	SLC26A3	9606
P40925	MDH1	9606
P40926	MDH2	9606
P40933	IL15	9606
P40935	Pnmt	10090
P40936	Inmt	10090
P40937	RFC5	9606
P40938	RFC3	9606
P40939	HADHA	9606
P40967	PMEL	9606
P41002	CCNF	9606
P41047	Faslg	10090
P41091	EIF2S3	9606
P41105	Rpl28	10090
P41133	Id3	10090
P41134	ID1	9606
P41136	Id2	10090
P41139	Id4	10090
P41143	OPRD1	9606
P41145	OPRK1	9606
P41146	OPRL1	9606
P41149	Mc5r	10090
P41155	Ltb	10090
P41158	Elk4	10090
P41159	LEP	9606
P41160	Lep	10090
P41161	ETV5	9606
P41162	ETV3	9606
P41163	Etv2	10090
P41164	Etv1	10090
P41180	CASR	9606
P41181	AQP2	9606
P41182	BCL6	9606
P41183	Bcl6	10090
P41208	CETN2	9606
P41209	Cetn1	10090
P41212	ETV6	9606
P41214	EIF2D	9606
P41216	Acsl1	10090
P41217	CD200	9606
P41218	MNDA	9606
P41219	PRPH	9606
P41220	RGS2	9606
P41221	WNT5A	9606
P41222	PTGDS	9606
P41223	BUD31	9606
P41225	SOX3	9606
P41226	UBA7	9606
P41227	NAA10	9606
P41229	KDM5C	9606
P41230	Kdm5c	10090
P41231	P2RY2	9606
P41233	Abca1	10090
P41234	Abca2	10090
P41235	HNF4A	9606
P41236	PPP1R2	9606
P41238	APOBEC1	9606
P41240	CSK	9606
P41241	Csk	10090
P41242	Matk	10090
P41245	Mmp9	10090
P41247	PNPLA4	9606
P41250	GARS1	9606
P41251	Slc11a1	10090
P41252	IARS1	9606
P41271	NBL1	9606
P41272	Cd27	10090
P41273	TNFSF9	9606
P41274	Tnfsf9	10090
P41279	MAP3K8	9606
P41317	Mbl2	10090
P41438	Slc19a1	10090
P41439	FOLR3	9606
P41440	SLC19A1	9606
P41539	Tac1	10090
P41567	EIF1	9606
P41586	ADCYAP1R1	9606
P41587	VIPR2	9606
P41588	Vipr2	10090
P41593	Pth1r	10090
P41594	GRM5	9606
P41595	HTR2B	9606
P41597	CCR2	9606
P41731	Cd63	10090
P41732	TSPAN7	9606
P41743	PRKCI	9606
P41778	Pbx1	10090
P41968	MC3R	9606
P41969	Elk1	10090
P41970	ELK3	9606
P41971	Elk3	10090
P42025	ACTR1B	9606
P42081	CD86	9606
P42082	Cd86	10090
P42125	Eci1	10090
P42126	ECI1	9606
P42127	ASIP	9606
P42128	Foxk1	10090
P42166	TMPO	9606
P42167	TMPO	9606
P42208	Septin2	10090
P42209	Septin1	10090
P42224	STAT1	9606
P42225	Stat1	10090
P42226	STAT6	9606
P42227	Stat3	10090
P42228	Stat4	10090
P42229	STAT5A	9606
P42230	Stat5a	10090
P42232	Stat5b	10090
P42261	GRIA1	9606
P42262	GRIA2	9606
P42263	GRIA3	9606
P42285	MTREX	9606
P42330	AKR1C3	9606
P42331	ARHGAP25	9606
P42336	PIK3CA	9606
P42337	Pik3ca	10090
P42338	PIK3CB	9606
P42345	MTOR	9606
P42356	PI4KA	9606
P42357	HAL	9606
P42566	EPS15	9606
P42567	Eps15	10090
P42568	MLLT3	9606
P42574	CASP3	9606
P42575	CASP2	9606
P42580	Nkx1-2	10090
P42581	Hmx3	10090
P42582	Nkx2-5	10090
P42586	Nkx2-2	10090
P42658	DPP6	9606
P42669	Pura	10090
P42677	RPS27	9606
P42679	MATK	9606
P42680	TEC	9606
P42681	TXK	9606
P42682	Txk	10090
P42684	ABL2	9606
P42685	FRK	9606
P42694	HELZ	9606
P42695	NCAPD3	9606
P42696	RBM34	9606
P42701	IL12RB1	9606
P42702	LIFR	9606
P42703	Lifr	10090
P42704	LRPPRC	9606
P42765	ACAA2	9606
P42766	RPL35	9606
P42768	WAS	9606
P42771	CDKN2A	9606
P42772	CDKN2B	9606
P42773	CDKN2C	9606
P42785	PRCP	9606
P42830	CXCL5	9606
P42857	NSG1	9606
P42858	HTT	9606
P42859	Htt	10090
P42866	Oprm1	10090
P42867	Dpagt1	10090
P42892	ECE1	9606
P42898	MTHFR	9606
P42925	Pxmp2	10090
P42932	Cct8	10090
P43003	SLC1A3	9606
P43004	SLC1A2	9606
P43005	SLC1A1	9606
P43006	Slc1a2	10090
P43007	SLC1A4	9606
P43021	Nodal	10090
P43023	Cox6a2	10090
P43024	Cox6a1	10090
P43025	Clec3b	10090
P43026	GDF5	9606
P43027	Gdf5	10090
P43028	Gdf6	10090
P43029	Gdf7	10090
P43034	PAFAH1B1	9606
P43080	GUCA1A	9606
P43081	Guca1a	10090
P43088	PTGFR	9606
P43115	PTGER3	9606
P43116	PTGER2	9606
P43117	Ptgfr	10090
P43119	PTGIR	9606
P43120	Hhex	10090
P43121	MCAM	9606
P43135	Nr2f2	10090
P43136	Nr2f6	10090
P43137	Reg1	10090
P43142	Ackr5	10090
P43146	DCC	9606
P43155	CRAT	9606
P43166	CA7	9606
P43220	GLP1R	9606
P43234	CTSO	9606
P43235	CTSK	9606
P43241	Cdx2	10090
P43243	MATR3	9606
P43246	MSH2	9606
P43247	Msh2	10090
P43250	GRK6	9606
P43251	BTD	9606
P43252	Ptgir	10090
P43267	Sox15	10090
P43268	ETV4	9606
P43274	H1-4	10090
P43275	H1-1	10090
P43276	H1-5	10090
P43277	H1-3	10090
P43300	Egr3	10090
P43304	GPD2	9606
P43307	SSR1	9606
P43308	SSR2	9606
P43320	CRYBB2	9606
P43345	Tlx1	10090
P43346	Dck	10090
P43351	RAD52	9606
P43352	Rad52	10090
P43353	ALDH3B1	9606
P43354	NR4A2	9606
P43355	MAGEA1	9606
P43356	MAGEA2; MAGEA2B	9606
P43357	MAGEA3	9606
P43358	MAGEA4	9606
P43359	MAGEA5P	9606
P43360	MAGEA6	9606
P43361	MAGEA8	9606
P43362	MAGEA9; MAGEA9B	9606
P43363	MAGEA10	9606
P43364	MAGEA11	9606
P43365	MAGEA12	9606
P43366	MAGEB1	9606
P43378	PTPN9	9606
P43403	ZAP70	9606
P43404	Zap70	10090
P43405	SYK	9606
P43406	Itgav	10090
P43407	Sdc2	10090
P43430	Mcpt8	10090
P43431	Il12a	10090
P43432	Il12b	10090
P43487	RANBP1	9606
P43488	Tnfsf4	10090
P43489	TNFRSF4	9606
P43490	NAMPT	9606
P43626	KIR2DL1	9606
P43627	KIR2DL2	9606
P43628	KIR2DL3	9606
P43629	KIR3DL1	9606
P43630	KIR3DL2	9606
P43631	KIR2DS2	9606
P43632	KIR2DS4	9606
P43652	AFM	9606
P43657	LPAR6	9606
P43680	Sox18	10090
P43681	CHRNA4	9606
P43686	PSMC4	9606
P43687	Hmx2	10090
P43688	Nkx2-6	10090
P43694	GATA4	9606
P43699	NKX2-1	9606
P43883	Plin2	10090
P43897	TSFM	9606
P45376	Akr1b1	10090
P45377	Akr1b8	10090
P45378	TNNT3	9606
P45379	TNNT2	9606
P45381	ASPA	9606
P45448	Nr5a2	10090
P45452	MMP13	9606
P45481	Crebbp	10090
P45591	Cfl2	10090
P45700	Man1a1	10090
P45844	ABCG1	9606
P45877	PPIC	9606
P45878	Fkbp2	10090
P45880	VDAC2	9606
P45952	Acadm	10090
P45954	ACADSB	9606
P45973	CBX5	9606
P45974	USP5	9606
P45983	MAPK8	9606
P45984	MAPK9	9606
P45985	MAP2K4	9606
P46013	MKI67	9606
P46019	PHKA2	9606
P46020	PHKA1	9606
P46059	SLC15A1	9606
P46060	RANGAP1	9606
P46061	Rangap1	10090
P46062	Sipa1	10090
P46063	RECQL	9606
P46087	NOP2	9606
P46089	GPR3	9606
P46091	CMKLR2	9606
P46092	CCR10	9606
P46093	GPR4	9606
P46094	XCR1	9606
P46095	GPR6	9606
P46096	Syt1	10090
P46097	Syt2	10090
P46098	HTR3A	9606
P46099	Klf1	10090
P46100	ATRX	9606
P46108	CRK	9606
P46109	CRKL	9606
P46199	MTIF2	9606
P46379	BAG6	9606
P46412	Gpx3	10090
P46414	Cdkn1b	10090
P46425	Gstp2	10090
P46439	GSTM5	9606
P46459	NSF	9606
P46460	Nsf	10090
P46467	Vps4b	10090
P46471	Psmc2	10090
P46527	CDKN1B	9606
P46531	NOTCH1	9606
P46597	ASMT	9606
P46638	Rab11b	10090
P46656	Fdx1	10090
P46660	Ina	10090
P46662	Nf2	10090
P46663	BDKRB1	9606
P46664	Adss2	10090
P46684	Zic1	10090
P46686	Tulp2	10090
P46694	Ier3	10090
P46695	IER3	9606
P46718	Pdcd2	10090
P46721	SLCO1A2	9606
P46734	MAP2K3	9606
P46735	Myo1b	10090
P46736	BRCC3	9606
P46737	Brcc3	10090
P46776	RPL27A	9606
P46777	RPL5	9606
P46778	RPL21	9606
P46779	RPL28	9606
P46781	RPS9	9606
P46782	RPS5	9606
P46783	RPS10	9606
P46821	MAP1B	9606
P46926	GNPDA1	9606
P46934	NEDD4	9606
P46935	Nedd4	10090
P46937	YAP1	9606
P46938	Yap1	10090
P46939	UTRN	9606
P46940	IQGAP1	9606
P46952	HAAO	9606
P46976	GYG1	9606
P46977	STT3A	9606
P46978	Stt3a	10090
P47199	Cryz	10090
P47211	GALR1	9606
P47212	Gal	10090
P47224	RABIF	9606
P47226	Tes	10090
P47239	Pax7	10090
P47242	Pax9	10090
P47708	Rph3a	10090
P47710	CSN1S1	9606
P47712	PLA2G4A	9606
P47713	Pla2g4a	10090
P47736	RAP1GAP	9606
P47738	Aldh2	10090
P47739	Aldh3a1	10090
P47740	Aldh3a2	10090
P47741	Tnfrsf4	10090
P47743	Grm8	10090
P47746	Cnr1	10090
P47750	Tshr	10090
P47753	Capza1	10090
P47754	Capza2	10090
P47755	CAPZA2	9606
P47756	CAPZB	9606
P47757	Capzb	10090
P47758	Srprb	10090
P47759	Nsg2	10090
P47774	Ccr7	10090
P47775	GPR12	9606
P47791	Gsr	10090
P47801	Emp1	10090
P47802	Mtx1	10090
P47804	RGR	9606
P47806	Gli1	10090
P47809	Map2k4	10090
P47810	Wee1	10090
P47811	Mapk14	10090
P47813	EIF1AX	9606
P47856	Gfpt1	10090
P47857	Pfkm	10090
P47867	Scg3	10090
P47869	GABRA2	9606
P47870	GABRB2	9606
P47871	GCGR	9606
P47872	SCTR	9606
P47873	Il11	10090
P47874	OMP	9606
P47876	Igfbp1	10090
P47877	Igfbp2	10090
P47878	Igfbp3	10090
P47879	Igfbp4	10090
P47880	Igfbp6	10090
P47881	OR3A1	9606
P47883	OR3A4P	9606
P47884	OR1D4	9606
P47887	OR1E2	9606
P47888	OR3A3	9606
P47890	OR1G1	9606
P47893	OR3A2	9606
P47895	ALDH1A3	9606
P47897	QARS1	9606
P47898	HTR5A	9606
P47900	P2RY1	9606
P47901	AVPR1B	9606
P47902	CDX1	9606
P47911	Rpl6	10090
P47914	RPL29	9606
P47915	Rpl29	10090
P47928	ID4	9606
P47929	LGALS7; LGALS7B	9606
P47930	Fosl2	10090
P47931	Fst	10090
P47932	Rln1	10090
P47934	Crat	10090
P47936	Cnr2	10090
P47937	Tacr3	10090
P47939	Resp18	10090
P47941	Crkl	10090
P47944	MT4	9606
P47945	Mt4	10090
P47955	Rplp1	10090
P47962	Rpl5	10090
P47963	Rpl13	10090
P47964	Rpl36	10090
P47968	Rpia	10090
P47972	NPTX2	9606
P47974	ZFP36L2	9606
P47985	UQCRFS1	9606
P47989	XDH	9606
P47992	XCL1	9606
P47993	Xcl1	10090
P48023	FASLG	9606
P48024	Eif1	10090
P48025	Syk	10090
P48026	Sat1	10090
P48029	SLC6A8	9606
P48030	Tgfa	10090
P48031	Gbx2	10090
P48036	Anxa5	10090
P48039	MTNR1A	9606
P48047	ATP5PO	9606
P48048	KCNJ1	9606
P48050	KCNJ4	9606
P48051	KCNJ6	9606
P48052	CPA2	9606
P48058	GRIA4	9606
P48059	LIMS1	9606
P48060	GLIPR1	9606
P48061	CXCL12	9606
P48065	SLC6A12	9606
P48066	SLC6A11	9606
P48067	SLC6A9	9606
P48076	Pla2g2c	10090
P48145	NPBWR1	9606
P48146	NPBWR2	9606
P48147	PREP	9606
P48163	ME1	9606
P48165	GJA8	9606
P48167	GLRB	9606
P48168	Glrb	10090
P48169	GABRA4	9606
P48193	Epb41	10090
P48200	IREB2	9606
P48201	ATP5MC3	9606
P48230	TM4SF4	9606
P48281	Vdr	10090
P48298	Ccl11	10090
P48299	Edn3	10090
P48301	Tead2	10090
P48302	Ednrb	10090
P48304	REG1B	9606
P48307	TFPI2	9606
P48316	Gadd45a	10090
P48318	Gad1	10090
P48320	Gad2	10090
P48346	Il15	10090
P48356	Lepr	10090
P48357	LEPR	9606
P48377	Rfx1	10090
P48378	RFX2	9606
P48379	Rfx2	10090
P48380	RFX3	9606
P48381	Rfx3	10090
P48382	RFX5	9606
P48410	Abcd1	10090
P48426	PIP4K2A	9606
P48428	Tbca	10090
P48431	SOX2	9606
P48432	Sox2	10090
P48436	SOX9	9606
P48437	Prox1	10090
P48441	Idua	10090
P48443	RXRG	9606
P48444	ARCN1	9606
P48448	ALDH3B2	9606
P48449	LSS	9606
P48453	Ppp3cb	10090
P48454	PPP3CC	9606
P48455	Ppp3cc	10090
P48506	GCLC	9606
P48507	GCLM	9606
P48509	CD151	9606
P48539	PCP4	9606
P48540	Gdnf	10090
P48542	Kcnj6	10090
P48543	Kcnj9	10090
P48544	KCNJ5	9606
P48545	Kcnj5	10090
P48546	GIPR	9606
P48547	KCNC1	9606
P48549	KCNJ3	9606
P48551	IFNAR2	9606
P48552	NRIP1	9606
P48553	TRAPPC10	9606
P48556	PSMD8	9606
P48594	SERPINB4	9606
P48595	SERPINB10	9606
P48614	Wnt10b	10090
P48615	Wnt11	10090
P48634	PRRC2A	9606
P48637	GSS	9606
P48643	CCT5	9606
P48645	NMU	9606
P48651	PTDSS1	9606
P48664	SLC1A6	9606
P48668	KRT6C	9606
P48678	Lmna	10090
P48681	NES	9606
P48722	Hspa4l	10090
P48723	HSPA13	9606
P48725	Pcnt	10090
P48728	AMT	9606
P48729	CSNK1A1	9606
P48730	CSNK1D	9606
P48735	IDH2	9606
P48736	PIK3CG	9606
P48739	PITPNB	9606
P48740	MASP1	9606
P48741	HSPA7	9606
P48742	LHX1	9606
P48744	Ndp	10090
P48745	CCN3	9606
P48751	SLC4A3	9606
P48754	Brca1	10090
P48755	Fosl1	10090
P48756	Gip	10090
P48757	Gast	10090
P48758	Cbr1	10090
P48759	Ptx3	10090
P48760	Fpgs	10090
P48764	SLC9A3	9606
P48771	Cox7a2	10090
P48772	Cox8b	10090
P48774	Gstm5	10090
P48775	TDO2	9606
P48776	Tdo2	10090
P48787	Tnni3	10090
P48788	TNNI2	9606
P48794	Spam1	10090
P48960	ADGRE5	9606
P48962	Slc25a4	10090
P48964	Cdc25a	10090
P48967	Cdc25c	10090
P48972	Mybl2	10090
P48985	Atoh1	10090
P48986	Neurod6	10090
P48995	TRPC1	9606
P48997	Ivl	10090
P48999	Alox5	10090
P49003	Bmp5	10090
P49005	POLD2	9606
P49006	MARCKSL1	9606
P49019	HCAR3	9606
P49023	PXN	9606
P49025	Cit	10090
P49069	CAMLG	9606
P49070	Camlg	10090
P49116	NR2C2	9606
P49117	Nr2c2	10090
P49135	Ercc3	10090
P49137	MAPKAPK2	9606
P49138	Mapkapk2	10090
P49146	NPY2R	9606
P49182	Serpind1	10090
P49183	Dnase1	10090
P49184	DNASE1L1	9606
P49189	ALDH9A1	9606
P49190	PTH2R	9606
P49194	Rbp3	10090
P49207	RPL34	9606
P49221	TGM4	9606
P49222	Epb42	10090
P49223	SPINT3	9606
P49238	CX3CR1	9606
P49247	RPIA	9606
P49257	LMAN1	9606
P49279	SLC11A1	9606
P49281	SLC11A2	9606
P49282	Slc11a2	10090
P49286	MTNR1B	9606
P49290	Epx	10090
P49300	Clec10a	10090
P49312	Hnrnpa1	10090
P49321	NASP	9606
P49326	FMO5	9606
P49327	FASN	9606
P49335	POU3F4	9606
P49336	CDK8	9606
P49354	FNTA	9606
P49356	FNTB	9606
P49366	DHPS	9606
P49368	CCT3	9606
P49406	MRPL19	9606
P49407	ARRB1	9606
P49411	TUFM	9606
P49418	AMPH	9606
P49419	ALDH7A1	9606
P49427	CDC34	9606
P49429	Hpd	10090
P49441	INPP1	9606
P49442	Inpp1	10090
P49443	Ppm1a	10090
P49446	Ptpre	10090
P49447	CYB561	9606
P49448	GLUD2	9606
P49450	CENPA	9606
P49452	Cenpc	10090
P49454	CENPF	9606
P49458	SRP9	9606
P49459	UBE2A	9606
P49582	Chrna7	10090
P49585	PCYT1A	9606
P49586	Pcyt1a	10090
P49588	AARS1	9606
P49589	CARS1	9606
P49590	HARS2	9606
P49591	SARS1	9606
P49593	PPM1F	9606
P49615	Cdk5	10090
P49619	DGKG	9606
P49638	TTPA	9606
P49639	HOXA1	9606
P49640	EVX1	9606
P49641	MAN2A2	9606
P49642	PRIM1	9606
P49643	PRIM2	9606
P49650	P2ry1	10090
P49660	Sstr4	10090
P49662	CASP4	9606
P49674	CSNK1E	9606
P49675	STAR	9606
P49681	Npbwr1	10090
P49682	CXCR3	9606
P49683	PRLHR	9606
P49685	GPR15	9606
P49698	Hnf4a	10090
P49703	ARL4D	9606
P49710	Hcls1	10090
P49711	CTCF	9606
P49715	CEBPA	9606
P49716	CEBPD	9606
P49717	Mcm4	10090
P49718	Mcm5	10090
P49720	PSMB3	9606
P49721	PSMB2	9606
P49722	Psma2	10090
P49736	MCM2	9606
P49746	THBS3	9606
P49747	COMP	9606
P49748	ACADVL	9606
P49749	Evx2	10090
P49750	YLPM1	9606
P49753	ACOT2	9606
P49754	VPS41	9606
P49755	TMED10	9606
P49756	RBM25	9606
P49757	NUMB	9606
P49758	RGS6	9606
P49759	CLK1	9606
P49760	CLK2	9606
P49761	CLK3	9606
P49763	PGF	9606
P49764	Pgf	10090
P49765	VEGFB	9606
P49766	Vegfb	10090
P49767	VEGFC	9606
P49768	PSEN1	9606
P49769	Psen1	10090
P49770	EIF2B2	9606
P49771	FLT3LG	9606
P49772	Flt3lg	10090
P49773	HINT1	9606
P49788	RARRES1	9606
P49789	FHIT	9606
P49790	NUP153	9606
P49792	RANBP2	9606
P49795	RGS19	9606
P49796	RGS3	9606
P49798	RGS4	9606
P49802	RGS7	9606
P49810	PSEN2	9606
P49813	Tmod1	10090
P49815	TSC2	9606
P49817	Cav1	10090
P49821	NDUFV1	9606
P49840	GSK3A	9606
P49841	GSK3B	9606
P49842	WHR1	9606
P49848	TAF6	9606
P49862	KLK7	9606
P49863	GZMK	9606
P49888	SULT1E1	9606
P49891	Sult1e1	10090
P49895	DIO1	9606
P49901	SMCP	9606
P49902	NT5C2	9606
P49903	SEPHS1	9606
P49908	SELENOP	9606
P49910	ZNF165	9606
P49913	CAMP	9606
P49914	MTHFS	9606
P49915	GMPS	9606
P49916	LIG3	9606
P49917	LIG4	9606
P49918	CDKN1C	9606
P49919	Cdkn1c	10090
P49935	Ctsh	10090
P49959	MRE11	9606
P49961	ENTPD1	9606
P49962	Srp9	10090
P50052	AGTR2	9606
P50053	KHK	9606
P50096	Impdh1	10090
P50114	S100b	10090
P50120	RBP2	9606
P50135	HNMT	9606
P50136	Bckdha	10090
P50148	GNAQ	9606
P50149	Gnat2	10090
P50150	GNG4	9606
P50151	GNG10	9606
P50153	Gng4	10090
P50171	Hsd17b8	10090
P50172	Hsd11b1	10090
P50207	Hoxc13	10090
P50213	IDH3A	9606
P50219	MNX1	9606
P50220	Nkx2-1	10090
P50221	MEOX1	9606
P50222	MEOX2	9606
P50225	SULT1A1	9606
P50226	SULT1A2	9606
P50228	Cxcl5	10090
P50236	Sult2a2	10090
P50238	CRIP1	9606
P50247	Ahcy	10090
P50281	MMP14	9606
P50283	Cd7	10090
P50284	Ltbr	10090
P50285	Fmo1	10090
P50289	Acrv1	10090
P50294	Nat1	10090
P50295	Nat2	10090
P50296	Nat3	10090
P50336	PPOX	9606
P50391	NPY4R	9606
P50395	GDI2	9606
P50396	Gdi1	10090
P50402	EMD	9606
P50404	Sftpd	10090
P50405	Sftpb	10090
P50406	HTR6	9606
P50416	CPT1A	9606
P50427	Sts	10090
P50428	Arsa	10090
P50429	Arsb	10090
P50431	Shmt1	10090
P50440	GATM	9606
P50443	SLC26A2	9606
P50446	Krt6a	10090
P50452	SERPINB8	9606
P50453	SERPINB9	9606
P50454	SERPINH1	9606
P50458	LHX2	9606
P50461	CSRP3	9606
P50462	Csrp3	10090
P50479	PDLIM4	9606
P50481	Lhx3	10090
P50502	ST13	9606
P50516	Atp6v1a	10090
P50518	Atp6v1e1	10090
P50538	Mxd1	10090
P50539	MXI1	9606
P50540	Mxi1	10090
P50542	PEX5	9606
P50543	S100a11	10090
P50544	Acadvl	10090
P50548	ERF	9606
P50549	ETV1	9606
P50552	VASP	9606
P50553	ASCL1	9606
P50570	DNM2	9606
P50571	Gabrb1	10090
P50579	METAP2	9606
P50580	Pa2g4	10090
P50583	NUDT2	9606
P50586	Tub	10090
P50591	TNFSF10	9606
P50592	Tnfsf10	10090
P50607	TUB	9606
P50608	Fmod	10090
P50613	CDK7	9606
P50615	Btg3	10090
P50616	TOB1	9606
P50636	Rnf19a	10090
P50637	Tspo	10090
P50652	Fancc	10090
P50704	Defa6; Defa12	10090
P50705	Defa7	10090
P50706	Defa8	10090
P50707	Defa9	10090
P50708	Defa10	10090
P50709	Defa11	10090
P50711	Defa13	10090
P50712	Defa14	10090
P50713	Defa15	10090
P50714	Defa16	10090
P50715	Defa31	10090
P50716	Defa-rs12	10090
P50747	HLCS	9606
P50748	KNTC1	9606
P50749	RASSF2	9606
P50750	CDK9	9606
P50752	Tnnt2	10090
P50851	LRBA	9606
P50876	RNF144A	9606
P50895	BCAM	9606
P50897	PPT1	9606
P50914	RPL14	9606
P50990	CCT8	9606
P50991	CCT4	9606
P50992	Atp4b	10090
P50993	ATP1A2	9606
P50995	ANXA11	9606
P51003	PAPOLA	9606
P51114	FXR1	9606
P51116	FXR2	9606
P51124	GZMM	9606
P51125	Cast	10090
P51141	Dvl1	10090
P51148	RAB5C	9606
P51149	RAB7A	9606
P51150	Rab7a	10090
P51151	RAB9A	9606
P51153	RAB13	9606
P51157	RAB28	9606
P51159	RAB27A	9606
P51160	PDE6C	9606
P51161	FABP6	9606
P51162	Fabp6	10090
P51163	Uros	10090
P51164	ATP4B	9606
P51168	SCNN1B	9606
P51170	SCNN1G	9606
P51172	SCNN1D	9606
P51174	Acadl	10090
P51175	Ppox	10090
P51178	PLCD1	9606
P51180	Mip	10090
P51397	DAP	9606
P51398	DAP3	9606
P51410	Rpl9	10090
P51432	Plcb3	10090
P51436	Drd4	10090
P51437	Camp	10090
P51448	Rora	10090
P51449	RORC	9606
P51450	Rorc	10090
P51451	BLK	9606
P51452	DUSP3	9606
P51460	INSL3	9606
P51480	Cdkn2a	10090
P51491	Opn1sw	10090
P51504	ZNF80	9606
P51508	ZNF81	9606
P51511	MMP15	9606
P51512	MMP16	9606
P51513	NOVA1	9606
P51522	ZNF83	9606
P51523	ZNF84	9606
P51530	DNA2	9606
P51531	SMARCA2	9606
P51532	SMARCA4	9606
P51553	IDH3G	9606
P51557	Star	10090
P51569	Gla	10090
P51570	GALK1	9606
P51571	SSR4	9606
P51572	BCAP31	9606
P51575	P2RX1	9606
P51576	P2rx1	10090
P51580	TPMT	9606
P51582	P2RY4	9606
P51587	BRCA2	9606
P51589	CYP2J2	9606
P51606	RENBP	9606
P51608	MECP2	9606
P51610	HCFC1	9606
P51612	Xpc	10090
P51617	IRAK1	9606
P51636	CAV2	9606
P51637	Cav3	10090
P51642	Cntf	10090
P51648	ALDH3A2	9606
P51649	ALDH5A1	9606
P51654	GPC3	9606
P51655	Gpc4	10090
P51656	Hsd17b1	10090
P51658	Hsd17b2	10090
P51659	HSD17B4	9606
P51660	Hsd17b4	10090
P51661	Hsd11b2	10090
P51665	PSMD7	9606
P51667	Myl2	10090
P51668	UBE2D1	9606
P51670	Ccl9	10090
P51671	CCL11	9606
P51674	GPM6A	9606
P51675	Ccr1	10090
P51676	Ccr1l1	10090
P51677	CCR3	9606
P51678	Ccr3	10090
P51679	CCR4	9606
P51680	Ccr4	10090
P51681	CCR5	9606
P51682	Ccr5	10090
P51683	Ccr2	10090
P51684	CCR6	9606
P51685	CCR8	9606
P51686	CCR9	9606
P51687	SUOX	9606
P51688	SGSH	9606
P51689	ARSD	9606
P51690	ARSL	9606
P51692	STAT5B	9606
P51693	APLP1	9606
P51784	USP11	9606
P51786	ZNF157	9606
P51787	KCNQ1	9606
P51788	CLCN2	9606
P51790	CLCN3	9606
P51791	Clcn3	10090
P51793	CLCN4	9606
P51795	CLCN5	9606
P51797	CLCN6	9606
P51798	CLCN7	9606
P51800	CLCNKA	9606
P51801	CLCNKB	9606
P51805	PLXNA3	9606
P51807	Dynlt1	10090
P51808	DYNLT3	9606
P51809	VAMP7	9606
P51810	GPR143	9606
P51811	XK	9606
P51812	RPS6KA3	9606
P51813	BMX	9606
P51814	ZNF41	9606
P51815	ZNF75D	9606
P51816	AFF2	9606
P51817	PRKX	9606
P51825	AFF1	9606
P51826	AFF3	9606
P51827	Aff3	10090
P51828	ADCY7	9606
P51829	Adcy7	10090
P51830	Adcy9	10090
P51841	GUCY2F	9606
P51843	NR0B1	9606
P51854	TKTL1	9606
P51855	Gss	10090
P51857	AKR1D1	9606
P51858	HDGF	9606
P51859	Hdgf	10090
P51860	Nap1l2	10090
P51861	CDR1	9606
P51863	Atp6v0d1	10090
P51864	CRIPTO3	9606
P51865	Cripto	10090
P51878	CASP5	9606
P51879	Ocm	10090
P51880	Fabp7	10090
P51881	Slc25a5	10090
P51884	LUM	9606
P51885	Lum	10090
P51888	PRELP	9606
P51906	Slc1a1	10090
P51908	Apobec1	10090
P51910	Apod	10090
P51911	CNN1	9606
P51912	Slc1a5	10090
P51942	Matn1	10090
P51943	Ccna2	10090
P51944	Ccnf	10090
P51945	Ccng1	10090
P51946	CCNH	9606
P51948	MNAT1	9606
P51949	Mnat1	10090
P51954	Nek1	10090
P51955	NEK2	9606
P51956	NEK3	9606
P51957	NEK4	9606
P51959	CCNG1	9606
P51960	Mybl1	10090
P51965	UBE2E1	9606
P51970	NDUFA8	9606
P51991	HNRNPA3	9606
P51993	FUT6	9606
P52019	Sqle	10090
P52179	MYOM1	9606
P52187	Kcnj12	10090
P52189	Kcnj4	10090
P52194	Clgn	10090
P52196	Tst	10090
P52198	RND2	9606
P52209	PGD	9606
P52272	HNRNPM	9606
P52292	KPNA2	9606
P52293	Kpna2	10090
P52294	KPNA1	9606
P52298	NCBP2	9606
P52306	RAP1GDS1	9606
P52332	Jak1	10090
P52333	JAK3	9606
P52429	DGKE	9606
P52430	Pon1	10090
P52431	Pold1	10090
P52432	Polr1c	10090
P52434	POLR2H	9606
P52435	POLR2J	9606
P52479	Usp10	10090
P52480	Pkm	10090
P52482	Ube2e1	10090
P52483	Ube2e3	10090
P52503	Ndufs6	10090
P52564	MAP2K6	9606
P52565	ARHGDIA	9606
P52566	ARHGDIB	9606
P52569	SLC7A2	9606
P52592	S1pr2	10090
P52594	AGFG1	9606
P52597	HNRNPF	9606
P52623	Uck1	10090
P52624	Upp1	10090
P52630	STAT2	9606
P52633	Stat6	10090
P52651	Rhox5	10090
P52655	GTF2A1	9606
P52657	GTF2A2	9606
P52701	MSH6	9606
P52732	KIF11	9606
P52734	Fgd1	10090
P52735	VAV2	9606
P52736	ZNF133	9606
P52737	ZNF136	9606
P52738	ZNF140	9606
P52739	ZNF131	9606
P52740	ZNF132	9606
P52741	ZNF134	9606
P52742	ZNF135	9606
P52743	ZNF137P	9606
P52744	ZNF138	9606
P52746	ZNF142	9606
P52747	ZNF143	9606
P52756	RBM5	9606
P52757	CHN2	9606
P52758	RIDA	9606
P52760	Rida	10090
P52785	Gucy2e	10090
P52787	Cblif	10090
P52788	SMS	9606
P52789	HK2	9606
P52790	HK3	9606
P52792	Gck	10090
P52793	Efna1	10090
P52795	Efnb1	10090
P52797	EFNA3	9606
P52798	EFNA4	9606
P52799	EFNB2	9606
P52800	Efnb2	10090
P52801	Efna2	10090
P52803	EFNA5	9606
P52815	MRPL12	9606
P52823	STC1	9606
P52824	DGKQ	9606
P52825	Cpt2	10090
P52840	Sult1a1	10090
P52843	Sult2a1	10090
P52848	NDST1	9606
P52849	NDST2	9606
P52850	Ndst2	10090
P52875	Tmem165	10090
P52888	THOP1	9606
P52895	AKR1C2	9606
P52907	CAPZA1	9606
P52912	Tia1	10090
P52926	HMGA2	9606
P52927	Hmga2	10090
P52943	CRIP2	9606
P52945	PDX1	9606
P52946	Pdx1	10090
P52948	NUP98	9606
P52950	Dbx1	10090
P52951	GBX2	9606
P52952	NKX2-5	9606
P52954	LBX1	9606
P52955	Lbx1	10090
P52961	ART1	9606
P52963	Epb41l4a	10090
P53004	BLVRA	9606
P53007	SLC25A1	9606
P53026	Rpl10a	10090
P53041	PPP5C	9606
P53347	Osm	10090
P53349	Map3k1	10090
P53350	PLK1	9606
P53351	Plk2	10090
P53355	DAPK1	9606
P53365	ARFIP2	9606
P53367	ARFIP1	9606
P53368	Nudt1	10090
P53370	NUDT6	9606
P53384	NUBP1	9606
P53395	Dbt	10090
P53396	ACLY	9606
P53420	COL4A4	9606
P53539	FOSB	9606
P53564	Cux1	10090
P53566	Cebpa	10090
P53567	CEBPG	9606
P53568	Cebpg	10090
P53569	Cebpz	10090
P53582	METAP1	9606
P53597	SUCLG1	9606
P53602	MVD	9606
P53609	PGGT1B	9606
P53611	RABGGTB	9606
P53612	Rabggtb	10090
P53618	COPB1	9606
P53621	COPA	9606
P53634	CTSC	9606
P53657	Pklr	10090
P53667	LIMK1	9606
P53668	Limk1	10090
P53671	LIMK2	9606
P53672	CRYBA2	9606
P53673	CRYBA4	9606
P53674	CRYBB1	9606
P53675	CLTCL1	9606
P53677	AP3M2	9606
P53680	AP2S1	9606
P53690	Mmp14	10090
P53701	HCCS	9606
P53702	Hccs	10090
P53708	ITGA8	9606
P53762	Arnt	10090
P53776	Lhx4	10090
P53778	MAPK12	9606
P53779	MAPK10	9606
P53783	Sox1	10090
P53784	Sox3	10090
P53794	SLC5A3	9606
P53798	Fdft1	10090
P53801	PTTG1IP	9606
P53803	POLR2K	9606
P53804	TTC3	9606
P53805	RCAN1	9606
P53808	Pctp	10090
P53810	Pitpna	10090
P53811	Pitpnb	10090
P53814	SMTN	9606
P53816	PLAAT3	9606
P53985	SLC16A1	9606
P53986	Slc16a1	10090
P53990	IST1	9606
P53992	SEC24C	9606
P53994	Rab2a	10090
P53995	Anapc1	10090
P53996	Cnbp	10090
P53999	SUB1	9606
P54071	Idh2	10090
P54098	POLG	9606
P54099	Polg	10090
P54103	Dnajc2	10090
P54105	CLNS1A	9606
P54107	CRISP1	9606
P54108	CRISP3	9606
P54116	Stom	10090
P54130	Fgf9	10090
P54132	BLM	9606
P54136	RARS1	9606
P54198	HIRA	9606
P54219	SLC18A1	9606
P54227	Stmn1	10090
P54252	ATXN3	9606
P54253	ATXN1	9606
P54254	Atxn1	10090
P54257	HAP1	9606
P54259	ATN1	9606
P54265	Dmpk	10090
P54274	TERF1	9606
P54276	Msh6	10090
P54277	PMS1	9606
P54278	PMS2	9606
P54279	Pms2	10090
P54284	CACNB3	9606
P54285	Cacnb3	10090
P54289	CACNA2D1	9606
P54296	MYOM2	9606
P54310	Lipe	10090
P54315	PNLIPRP1	9606
P54317	PNLIPRP2	9606
P54320	Eln	10090
P54368	OAZ1	9606
P54369	Oaz1	10090
P54577	YARS1	9606
P54578	USP14	9606
P54615	Bglap3	10090
P54619	PRKAG1	9606
P54646	PRKAA2	9606
P54652	HSPA2	9606
P54687	BCAT1	9606
P54707	ATP12A	9606
P54709	ATP1B3	9606
P54710	FXYD2	9606
P54725	RAD23A	9606
P54726	Rad23a	10090
P54727	RAD23B	9606
P54728	Rad23b	10090
P54729	Nub1	10090
P54731	Faf1	10090
P54750	PDE1A	9606
P54751	St3gal1	10090
P54753	EPHB3	9606
P54754	Ephb3	10090
P54756	EPHA5	9606
P54760	EPHB4	9606
P54761	Ephb4	10090
P54762	EPHB1	9606
P54763	Ephb2	10090
P54764	EPHA4	9606
P54775	Psmc4	10090
P54792	DVL1P1	9606
P54793	ARSF	9606
P54797	Tango2	10090
P54802	NAGLU	9606
P54803	GALC	9606
P54818	Galc	10090
P54819	AK2	9606
P54821	PRRX1	9606
P54822	Adsl	10090
P54823	Ddx6	10090
P54826	GAS1	9606
P54829	PTPN5	9606
P54830	Ptpn5	10090
P54840	GYS2	9606
P54841	Mafb	10090
P54843	Maf	10090
P54845	NRL	9606
P54846	Nrl	10090
P54849	EMP1	9606
P54851	EMP2	9606
P54852	EMP3	9606
P54855	UGT2B15	9606
P54868	HMGCS2	9606
P54869	Hmgcs2	10090
P54886	ALDH18A1	9606
P54920	NAPA	9606
P54922	ADPRH	9606
P54923	Adprh	10090
P54987	Acod1	10090
P55000	SLURP1	9606
P55001	MFAP2	9606
P55002	Mfap2	10090
P55008	AIF1	9606
P55010	EIF5	9606
P55011	SLC12A2	9606
P55012	Slc12a2	10090
P55014	Slc12a1	10090
P55017	SLC12A3	9606
P55036	PSMD4	9606
P55039	DRG2	9606
P55040	GEM	9606
P55041	Gem	10090
P55042	RRAD	9606
P55050	Fabp2	10090
P55055	NR1H2	9606
P55056	APOC4	9606
P55058	PLTP	9606
P55060	CSE1L	9606
P55061	TMBIM6	9606
P55064	AQP5	9606
P55065	Pltp	10090
P55066	Ncan	10090
P55072	VCP	9606
P55073	DIO3	9606
P55075	FGF8	9606
P55081	MFAP1	9606
P55082	MFAP3	9606
P55083	MFAP4	9606
P55084	HADHB	9606
P55085	F2RL1	9606
P55086	F2rl1	10090
P55087	AQP4	9606
P55088	Aqp4	10090
P55089	UCN	9606
P55095	Gcg	10090
P55096	Abcd3	10090
P55097	Ctsk	10090
P55098	Pex2	10090
P55099	Tac3	10090
P55103	INHBC	9606
P55104	Inhbc	10090
P55105	Bmp8b	10090
P55107	GDF10	9606
P55144	Tyro3	10090
P55145	MANF	9606
P55157	MTTP	9606
P55160	NCKAP1L	9606
P55194	Sh3bp1	10090
P55196	AFDN	9606
P55197	MLLT10	9606
P55198	MLLT6	9606
P55199	ELL	9606
P55200	Kmt2a	10090
P55201	BRPF1	9606
P55209	NAP1L1	9606
P55210	CASP7	9606
P55211	CASP9	9606
P55212	CASP6	9606
P55249	Alox12e	10090
P55258	Rab8a	10090
P55259	GP2	9606
P55263	ADK	9606
P55264	Adk	10090
P55265	ADAR	9606
P55268	LAMB2	9606
P55271	Cdkn2b	10090
P55273	CDKN2D	9606
P55283	CDH4	9606
P55284	Cdh5	10090
P55285	CDH6	9606
P55286	CDH8	9606
P55287	CDH11	9606
P55288	Cdh11	10090
P55289	CDH12	9606
P55290	CDH13	9606
P55291	CDH15	9606
P55292	Dsc2	10090
P55302	Lrpap1	10090
P55316	FOXG1	9606
P55317	FOXA1	9606
P55318	FOXA3	9606
P55327	TPD52	9606
P55344	LIM2	9606
P55345	PRMT2	9606
P55347	PKNOX1	9606
P55735	SEC13	9606
P55769	SNU13	9606
P55771	PAX9	9606
P55772	Entpd1	10090
P55773	CCL23	9606
P55774	CCL18	9606
P55786	NPEPPS	9606
P55789	GFER	9606
P55795	HNRNPH2	9606
P55808	XG	9606
P55809	OXCT1	9606
P55821	Stmn2	10090
P55822	SH3BGR	9606
P55849	Dsc1	10090
P55850	Dsc3	10090
P55851	UCP2	9606
P55854	SUMO3	9606
P55884	EIF3B	9606
P55895	RAG2	9606
P55899	FCGRT	9606
P55916	UCP3	9606
P55937	Golga3	10090
P55957	BID	9606
P56134	ATP5MF	9606
P56135	Atp5mf	10090
P56159	GFRA1	9606
P56177	DLX1	9606
P56178	DLX5	9606
P56179	DLX6	9606
P56180	TPTE	9606
P56181	NDUFV3	9606
P56182	RRP1	9606
P56183	Rrp1	10090
P56192	MARS1	9606
P56198	Cidec	10090
P56199	ITGA1	9606
P56202	CTSW	9606
P56203	Ctsw	10090
P56211	ARPP19	9606
P56212	Arpp19	10090
P56213	Gfer	10090
P56270	MAZ	9606
P56277	CMC4	9606
P56278	MTCP1	9606
P56279	TCL1A	9606
P56280	Tcl1a	10090
P56282	POLE2	9606
P56371	Rab4a	10090
P56373	P2RX3	9606
P56375	Acyp2	10090
P56376	Acyp1	10090
P56377	AP1S2	9606
P56378	ATP5MJ	9606
P56379	Atp5mj	10090
P56380	Nudt2	10090
P56381	ATP5F1E	9606
P56382	Atp5f1e	10090
P56383	Atp5mc2	10090
P56384	Atp5mc3	10090
P56385	ATP5ME	9606
P56386	Defb1	10090
P56387	Dynlt3	10090
P56388	Cartpt	10090
P56389	Cda	10090
P56390	Cks2	10090
P56391	Cox6b1	10090
P56392	Cox7a1	10090
P56393	Cox7b	10090
P56394	Cox17	10090
P56395	Cyb5a	10090
P56399	Usp5	10090
P56400	Gp1bb	10090
P56402	Aqp2	10090
P56404	Aqp8	10090
P56450	Mc4r	10090
P56469	Cort	10090
P56470	LGALS4	9606
P56473	Agrp	10090
P56475	Gabrr1	10090
P56476	Gabrr2	10090
P56477	Irf5	10090
P56479	Galr1	10090
P56480	Atp5f1b	10090
P56481	Cckbr	10090
P56484	Ccr8	10090
P56485	Ackr3	10090
P56501	Ucp3	10090
P56524	HDAC4	9606
P56528	Cd38	10090
P56537	EIF6	9606
P56539	CAV3	9606
P56542	Dnase2	10090
P56545	CTBP2	9606
P56546	Ctbp2	10090
P56555	DSCR4	9606
P56556	NDUFA6	9606
P56557	TMEM50B	9606
P56559	ARL4C	9606
P56563	Lim2	10090
P56564	Slc1a3	10090
P56565	S100a1	10090
P56567	Csta	10090
P56581	Tdg	10090
P56589	PEX3	9606
P56593	Cyp2a12	10090
P56597	NME5	9606
P56645	PER3	9606
P56654	Cyp2c37	10090
P56655	Cyp2c38	10090
P56656	Cyp2c39	10090
P56657	Cyp2c40	10090
P56671	Maz	10090
P56677	St14	10090
P56693	SOX10	9606
P56695	Wfs1	10090
P56696	KCNQ4	9606
P56703	WNT3	9606
P56704	WNT3A	9606
P56705	WNT4	9606
P56706	WNT7B	9606
P56715	RP1	9606
P56716	Rp1	10090
P56726	Smo	10090
P56730	PRSS12	9606
P56746	CLDN15	9606
P56747	CLDN6	9606
P56748	CLDN8	9606
P56749	CLDN12	9606
P56750	CLDN17	9606
P56812	Pdcd5	10090
P56817	BACE1	9606
P56818	Bace1	10090
P56840	Tcl1b1	10090
P56841	Tcl1b2	10090
P56842	Tcl1b3	10090
P56844	Tcl1b4	10090
P56845	Tcl1b5	10090
P56851	EDDM3B	9606
P56856	CLDN18	9606
P56857	Cldn18	10090
P56873	Znrd2	10090
P56880	CLDN20	9606
P56915	GSC	9606
P56916	Gsc2	10090
P56931	E2f2	10090
P56937	HSD17B7	9606
P56942	Pmch	10090
P56945	BCAR1	9606
P56959	Fus	10090
P56960	Exosc10	10090
P56962	STX17	9606
P56974	Nrg2	10090
P56975	NRG3	9606
P56983	Tmem14a	10090
P57016	Lad1	10090
P57052	RBM11	9606
P57053	H2BC12L	9606
P57054	PIGP	9606
P57055	RIPPLY3	9606
P57057	SLC37A1	9606
P57058	HUNK	9606
P57059	SIK1	9606
P57060	RWDD2B	9606
P57071	PRDM15	9606
P57073	SOX8	9606
P57075	UBASH3A	9606
P57076	CFAP298	9606
P57077	MAP3K7CL	9606
P57078	RIPK4	9606
P57080	Usp25	10090
P57081	WDR4	9606
P57082	TBX4	9606
P57086	SCAND1	9606
P57087	JAM2	9606
P57088	TMEM33	9606
P57096	Psca	10090
P57103	SLC8A3	9606
P57105	SYNJ2BP	9606
P57110	Adamts8	10090
P57678	GEMIN4	9606
P57679	EVC	9606
P57680	Evc	10090
P57682	KLF3	9606
P57716	Ncstn	10090
P57721	PCBP3	9606
P57722	Pcbp3	10090
P57723	PCBP4	9606
P57724	Pcbp4	10090
P57725	Samsn1	10090
P57727	TMPRSS3	9606
P57729	RAB38	9606
P57730	CARD18	9606
P57735	RAB25	9606
P57737	CORO7	9606
P57738	TCTA	9606
P57739	CLDN2	9606
P57740	NUP107	9606
P57746	Atp6v1d	10090
P57748	Mmp20	10090
P57757	Ctns	10090
P57759	Erp29	10090
P57764	GSDMD	9606
P57768	SNX16	9606
P57771	RGS8	9606
P57772	EEFSEC	9606
P57773	GJA9	9606
P57774	Npy	10090
P57775	FBXW4	9606
P57776	Eef1d	10090
P57780	Actn4	10090
P57784	Snrpa1	10090
P57785	Lefty2	10090
P57787	Slc16a3	10090
P57789	KCNK10	9606
P57791	Rce1	10090
P57796	CABP4	9606
P58004	SESN2	9606
P58005	SESN3	9606
P58006	Sesn1	10090
P58012	FOXL2	9606
P58019	Cd59b	10090
P58021	Tm9sf2	10090
P58022	Loxl2	10090
P58043	Sesn2	10090
P58044	Idi1	10090
P58058	Nadk	10090
P58059	Mrps21	10090
P58062	SPINK7	9606
P58064	Mrps6	10090
P58069	Rasa2	10090
P58107	EPPK1	9606
P58137	Acot8	10090
P58158	B3gat3	10090
P58166	INHBE	9606
P58170	OR1D5	9606
P58173	OR2B6	9606
P58180	OR4D2	9606
P58181	OR10A3	9606
P58182	OR12D2	9606
P58196	Plscr4	10090
P58215	LOXL3	9606
P58242	Smpdl3b	10090
P58252	Eef2	10090
P58269	Dpf3	10090
P58281	Opa1	10090
P58283	Rnf216	10090
P58294	PROK1	9606
P58304	VSX2	9606
P58307	Hcrtr1	10090
P58308	Hcrtr2	10090
P58317	ZNF121	9606
P58321	Uchl4	10090
P58334	Klf16	10090
P58335	ANTXR2	9606
P58340	MLF1	9606
P58355	Slc45a2	10090
P58389	Ptpa	10090
P58390	Kcnn2	10090
P58391	Kcnn3	10090
P58397	ADAMTS12	9606
P58400	NRXN1	9606
P58401	NRXN2	9606
P58404	Strn4	10090
P58406	Hrh3	10090
P58417	NXPH1	9606
P58418	CLRN1	9606
P58459	Adamts10	10090
P58462	Foxp1	10090
P58463	Foxp2	10090
P58465	Ctdspl	10090
P58466	Ctdsp1	10090
P58467	Setd4	10090
P58468	Slx9	10090
P58499	FAM3B	9606
P58500	Map3k7cl	10090
P58501	Paxbp1	10090
P58505	C21orf58	9606
P58511	SMIM11	9606
P58512	LINC01547	9606
P58513	LINC00158	9606
P58544	Btbd1	10090
P58545	Btbd3	10090
P58546	MTPN	9606
P58549	FXYD7	9606
P58550	FXYD6P3	9606
P58557	YBEY	9606
P58658	EVA1C	9606
P58659	Eva1c	10090
P58660	Card10	10090
P58681	Tlr7	10090
P58682	Tlr8	10090
P58686	Bbln	10090
P58710	Gulo	10090
P58735	Slc26a1	10090
P58742	Aaas	10090
P58743	SLC26A5	9606
P58749	Tm6sf1	10090
P58750	Pim3	10090
P58753	TIRAP	9606
P58771	Tpm1	10090
P58774	Tpm2	10090
P58801	Ripk2	10090
P58802	Tbc1d10a	10090
P58854	Tubgcp3	10090
P58871	Tnks1bp1	10090
P58872	RHBDL3	9606
P58873	Rhbdl3	10090
P58876	H2BC5	9606
P58929	Gmeb2	10090
P59016	Vps33b	10090
P59017	Bcl2l13	10090
P59020	DSCR9	9606
P59022	DSCR10	9606
P59024	Fkbp14	10090
P59025	RTP1	9606
P59034	Lrrc3	10090
P59036	LINC00310	9606
P59037	LINC00313	9606
P59041	Dnajc30	10090
P59044	NLRP6	9606
P59045	NLRP11	9606
P59046	NLRP12	9606
P59047	NLRP5	9606
P59048	Pdrg1	10090
P59052	B3GALT5-AS1	9606
P59053	Kcng3	10090
P59054	Csrnp1	10090
P59055	Csrnp3	10090
P59074	CHMP4BP1	9606
P59091	LINC00315	9606
P59095	STARD6	9606
P59096	Stard6	10090
P59103	DAOA	9606
P59108	Cpne2	10090
P59110	Senp1	10090
P59111	Kcnh8	10090
P59113	Fermt1	10090
P59114	Pcif1	10090
P59158	Slc12a3	10090
P59178	L3mbtl2	10090
P59190	RAB15	9606
P59222	Scarf2	10090
P59235	Nup43	10090
P59240	Nphp4	10090
P59242	Cgn	10090
P59266	Fitm2	10090
P59267	Zdhhc2	10090
P59268	Zdhhc9	10090
P59270	B3gat2	10090
P59279	Rab2b	10090
P59280	Klhl8	10090
P59281	Arhgap39	10090
P59282	TPPP2	9606
P59325	Eif5	10090
P59326	Ythdf1	10090
P59328	Wdhd1	10090
P59383	Lrrn4	10090
P59384	Adamts15	10090
P59438	Hps5	10090
P59470	Polr3b	10090
P59481	Lman2l	10090
P59509	Adamts19	10090
P59510	ADAMTS20	9606
P59511	Adamts20	10090
P59528	Tas2r123	10090
P59529	Tas2r16	10090
P59530	Tas2r7	10090
P59532	Tas2r41	10090
P59533	TAS2R38	9606
P59534	TAS2R39	9606
P59535	TAS2R40	9606
P59536	TAS2R41	9606
P59537	TAS2R43	9606
P59538	TAS2R31	9606
P59539	TAS2R45	9606
P59540	TAS2R46	9606
P59541	TAS2R30	9606
P59542	TAS2R19	9606
P59543	TAS2R20	9606
P59544	TAS2R50	9606
P59551	TAS2R60	9606
P59598	Asxl1	10090
P59644	Inpp5j	10090
P59646	FXYD4	9606
P59648	Fxyd7	10090
P59665	DEFA1; DEFA1B	9606
P59666	DEFA3	9606
P59672	Anks1a	10090
P59708	Sf3b6	10090
P59729	Rin3	10090
P59759	Mrtfb	10090
P59764	Dock4	10090
P59768	GNG2	9606
P59773	MINAR2	9606
P59780	AP3S2	9606
P59796	GPX6	9606
P59797	SELENOV	9606
P59808	Sash1	10090
P59817	ZNF280A	9606
P59823	Il1rapl1	10090
P59826	BPIFB3	9606
P59827	BPIFB4	9606
P59861	DEFB131A	9606
P59862	Cdh26	10090
P59900	Emilin3	10090
P59901	LILRA4	9606
P59910	DNAJB13	9606
P59913	Pcmtd1	10090
P59922	OR2B8	9606
P59923	ZNF445	9606
P59941	Sirt6	10090
P59942	MCCD1	9606
P59990	KRTAP12-1	9606
P59991	KRTAP12-2	9606
P59997	Kdm2a	10090
P59998	ARPC4	9606
P59999	Arpc4	10090
P60002	ELOF1	9606
P60003	Elof1	10090
P60006	ANAPC15	9606
P60007	Anapc15	10090
P60008	H1-9P	9606
P60014	KRTAP10-10	9606
P60022	DEFB1	9606
P60033	CD81	9606
P60041	Sst	10090
P60059	SEC61G	9606
P60060	Sec61g	10090
P60122	Ruvbl1	10090
P60153	RNASE9	9606
P60154	Rnase9	10090
P60174	TPI1	9606
P60191	Rims4	10090
P60201	PLP1	9606
P60202	Plp1	10090
P60228	EIF3E	9606
P60229	Eif3e	10090
P60321	NANOS2	9606
P60322	Nanos2	10090
P60323	NANOS3	9606
P60324	Nanos3	10090
P60328	KRTAP12-3	9606
P60329	KRTAP12-4	9606
P60330	Espl1	10090
P60331	KRTAP10-1	9606
P60334	Cdo1	10090
P60335	Pcbp1	10090
P60368	KRTAP10-2	9606
P60369	KRTAP10-3	9606
P60370	KRTAP10-5	9606
P60371	KRTAP10-6	9606
P60372	KRTAP10-4	9606
P60409	KRTAP10-7	9606
P60410	KRTAP10-8	9606
P60411	KRTAP10-9	9606
P60412	KRTAP10-11	9606
P60413	KRTAP10-12	9606
P60468	SEC61B	9606
P60469	Ppfia3	10090
P60484	PTEN	9606
P60487	Pdxp	10090
P60507	ERVFC1	9606
P60508	ERVFRD-1	9606
P60509	ERVPABLB-1	9606
P60510	PPP4C	9606
P60520	GABARAPL2	9606
P60521	Gabarapl2	10090
P60568	IL2	9606
P60602	ROMO1	9606
P60603	Romo1	10090
P60604	UBE2G2	9606
P60605	Ube2g2	10090
P60606	CTXN1	9606
P60608	ERVFC1-1	9606
P60660	MYL6	9606
P60670	Nploc4	10090
P60673	PFN3	9606
P60709	ACTB	9606
P60710	Actb	10090
P60755	Mdga2	10090
P60761	Nrgn	10090
P60762	Morf4l1	10090
P60763	RAC3	9606
P60764	Rac3	10090
P60766	Cdc42	10090
P60824	Cirbp	10090
P60827	C1QTNF8	9606
P60840	Ensa	10090
P60842	EIF4A1	9606
P60843	Eif4a1	10090
P60852	ZP1	9606
P60853	Lzts1	10090
P60866	RPS20	9606
P60867	Rps20	10090
P60879	Snap25	10090
P60880	SNAP25	9606
P60882	Megf8	10090
P60891	PRPS1	9606
P60893	GPR85	9606
P60894	Gpr85	10090
P60896	SEM1	9606
P60897	Sem1	10090
P60898	Polr2i	10090
P60900	PSMA6	9606
P60903	S100A10	9606
P60904	Dnajc5	10090
P60953	CDC42	9606
P60954	Nol4	10090
P60981	DSTN	9606
P60983	GMFB	9606
P60985	KRTDAP	9606
P61006	RAB8A	9606
P61009	SPCS3	9606
P61011	SRP54	9606
P61014	Pln	10090
P61018	RAB4B	9606
P61019	RAB2A	9606
P61020	RAB5B	9606
P61021	Rab5b	10090
P61022	Chp1	10090
P61024	CKS1B	9606
P61025	Cks1b	10090
P61026	RAB10	9606
P61027	Rab10	10090
P61028	Rab8b	10090
P61073	CXCR4	9606
P61077	UBE2D3	9606
P61079	Ube2d3	10090
P61080	Ube2d1	10090
P61081	UBE2M	9606
P61082	Ube2m	10090
P61086	UBE2K	9606
P61087	Ube2k	10090
P61088	UBE2N	9606
P61089	Ube2n	10090
P61092	Siah1a	10090
P61106	RAB14	9606
P61110	Kap	10090
P61129	ZC3H6	9606
P61148	Fgf1	10090
P61158	ACTR3	9606
P61160	ACTR2	9606
P61161	Actr2	10090
P61163	ACTR1A	9606
P61164	Actr1a	10090
P61165	TMEM258	9606
P61166	Tmem258	10090
P61168	Drd2	10090
P61201	COPS2	9606
P61202	Cops2	10090
P61204	ARF3	9606
P61205	Arf3	10090
P61208	Arl4c	10090
P61211	Arl1	10090
P61213	Arl4a	10090
P61215	Ca10	10090
P61216	Taf13	10090
P61218	POLR2F	9606
P61219	Polr2f	10090
P61221	ABCE1	9606
P61222	Abce1	10090
P61224	RAP1B	9606
P61225	RAP2B	9606
P61226	Rap2b	10090
P61236	YPEL3	9606
P61237	Ypel3	10090
P61244	MAX	9606
P61247	RPS3A	9606
P61249	Pde6h	10090
P61254	RPL26	9606
P61255	Rpl26	10090
P61264	Stx1b	10090
P61266	STX1B	9606
P61278	SST	9606
P61289	PSME3	9606
P61290	Psme3	10090
P61294	Rab6b	10090
P61296	HAND2	9606
P61313	RPL15	9606
P61315	Gal3st3	10090
P61326	MAGOH	9606
P61327	Magoh	10090
P61328	FGF12	9606
P61329	Fgf12	10090
P61353	RPL27	9606
P61358	Rpl27	10090
P61364	Ostn	10090
P61366	OSTN	9606
P61371	ISL1	9606
P61372	Isl1	10090
P61375	Lhx5	10090
P61406	Smg6	10090
P61407	Tdrd6	10090
P61421	ATP6V0D1	9606
P61457	PCBD1	9606
P61458	Pcbd1	10090
P61460	Depdc5	10090
P61513	RPL37A	9606
P61514	Rpl37a	10090
P61550	ERVS71-1	9606
P61565	ERVK-21	9606
P61566	ERVK-24	9606
P61567	ERVK-7	9606
P61568	ERVK11-1	9606
P61570	ERVK-25	9606
P61571	ERVK-21	9606
P61572	ERVK-19	9606
P61573	ERVK-9	9606
P61574	HERVK_113	9606
P61575	ERVK-8	9606
P61576	HERV-K104	9606
P61578	ERVK-16	9606
P61579	ERVK-25	9606
P61580	ERVK-10	9606
P61581	ERVK-24	9606
P61582	ERVK-7	9606
P61583	ERVK-5	9606
P61586	RHOA	9606
P61587	RND3	9606
P61588	Rnd3	10090
P61599	NAA20	9606
P61600	Naa20	10090
P61601	NCALD	9606
P61604	HSPE1	9606
P61619	SEC61A1	9606
P61620	Sec61a1	10090
P61622	Itga11	10090
P61626	LYZ	9606
P61647	ST8SIA6	9606
P61750	Arf4	10090
P61758	VBP1	9606
P61759	Vbp1	10090
P61764	STXBP1	9606
P61769	B2M	9606
P61793	Lpar1	10090
P61803	DAD1	9606
P61804	Dad1	10090
P61807	Snn	10090
P61809	Cdk5r1	10090
P61812	TGFB2	9606
P61916	NPC2	9606
P61922	Abat	10090
P61923	COPZ1	9606
P61924	Copz1	10090
P61925	PKIA	9606
P61927	RPL37	9606
P61939	Serpina7	10090
P61952	GNG11	9606
P61953	Gng11	10090
P61956	SUMO2	9606
P61957	Sumo2	10090
P61960	UFM1	9606
P61961	Ufm1	10090
P61962	DCAF7	9606
P61963	Dcaf7	10090
P61964	WDR5	9606
P61965	Wdr5	10090
P61966	AP1S1	9606
P61967	Ap1s1	10090
P61968	LMO4	9606
P61969	Lmo4	10090
P61970	NUTF2	9606
P61971	Nutf2	10090
P61978	HNRNPK	9606
P61979	Hnrnpk	10090
P61981	YWHAG	9606
P61982	Ywhag	10090
P62046	Lrch1	10090
P62068	USP46	9606
P62069	Usp46	10090
P62070	RRAS2	9606
P62071	Rras2	10090
P62072	TIMM10	9606
P62073	Timm10	10090
P62075	Timm13	10090
P62077	Timm8b	10090
P62079	TSPAN5	9606
P62080	Tspan5	10090
P62081	RPS7	9606
P62082	Rps7	10090
P62136	PPP1CA	9606
P62137	Ppp1ca	10090
P62140	PPP1CB	9606
P62141	Ppp1cb	10090
P62166	NCS1	9606
P62191	PSMC1	9606
P62192	Psmc1	10090
P62195	PSMC5	9606
P62196	Psmc5	10090
P62241	RPS8	9606
P62242	Rps8	10090
P62244	RPS15A	9606
P62245	Rps15a	10090
P62249	RPS16	9606
P62253	UBE2G1	9606
P62254	Ube2g1	10090
P62256	UBE2H	9606
P62257	Ube2h	10090
P62258	YWHAE	9606
P62259	Ywhae	10090
P62263	RPS14	9606
P62264	Rps14	10090
P62266	RPS23	9606
P62267	Rps23	10090
P62269	RPS18	9606
P62270	Rps18	10090
P62273	RPS29	9606
P62274	Rps29	10090
P62277	RPS13	9606
P62280	RPS11	9606
P62281	Rps11	10090
P62301	Rps13	10090
P62304	SNRPE	9606
P62305	Snrpe	10090
P62306	SNRPF	9606
P62307	Snrpf	10090
P62308	SNRPG	9606
P62309	Snrpg	10090
P62310	LSM3	9606
P62311	Lsm3	10090
P62312	LSM6	9606
P62313	Lsm6	10090
P62314	SNRPD1	9606
P62315	Snrpd1	10090
P62316	SNRPD2	9606
P62317	Snrpd2	10090
P62318	SNRPD3	9606
P62320	Snrpd3	10090
P62322	Lsm5	10090
P62324	BTG1	9606
P62325	Btg1	10090
P62328	TMSB4X	9606
P62330	ARF6	9606
P62331	Arf6	10090
P62333	PSMC6	9606
P62334	Psmc6	10090
P62340	Tbpl1	10090
P62341	SELENOT	9606
P62342	Selenot	10090
P62380	TBPL1	9606
P62424	RPL7A	9606
P62482	Kcnab2	10090
P62484	Abi2	10090
P62487	POLR2G	9606
P62488	Polr2g	10090
P62491	RAB11A	9606
P62492	Rab11a	10090
P62495	ETF1	9606
P62500	Tsc22d1	10090
P62502	LCN6	9606
P62508	ESRRG	9606
P62509	Esrrg	10090
P62515	Pou3f4	10090
P62627	Dynlrb1	10090
P62631	Eef1a2	10090
P62633	CNBP	9606
P62683	ERVK-21	9606
P62684	HERVK_113	9606
P62685	ERVK-8	9606
P62696	Crybb2	10090
P62699	YPEL5	9606
P62700	Ypel5	10090
P62701	RPS4X	9606
P62702	Rps4x	10090
P62714	PPP2CB	9606
P62715	Ppp2cb	10090
P62717	Rpl18a	10090
P62736	ACTA2	9606
P62737	Acta2	10090
P62743	Ap2s1	10090
P62745	RHOB	9606
P62746	Rhob	10090
P62748	Hpcal1	10090
P62750	RPL23A	9606
P62751	Rpl23a	10090
P62753	RPS6	9606
P62754	Rps6	10090
P62760	VSNL1	9606
P62761	Vsnl1	10090
P62774	Mtpn	10090
P62805	H4C1; H4C2; H4C3; H4C4; H4C5; H4C6; H4C8; H4C9; H4C11; H4C12; H4C13; H4C14; H4C15; H4C16	9606
P62806	H4c1; H4c2; H4c3; H4c4; H4c6; H4c8; H4c9; H4c11; H4c12; Hist1h4m; H4c14; H4c16	10090
P62807	H2BC4; H2BC6; H2BC7; H2BC8; H2BC10	9606
P62810	Wfdc18	10090
P62812	Gabra1	10090
P62814	Atp6v1b2	10090
P62816	Hrk	10090
P62818	S100a3	10090
P62820	RAB1A	9606
P62821	Rab1a	10090
P62823	Rab3c	10090
P62826	RAN	9606
P62827	Ran	10090
P62829	RPL23	9606
P62830	Rpl23	10090
P62834	RAP1A	9606
P62835	Rap1a	10090
P62837	UBE2D2	9606
P62838	Ube2d2	10090
P62841	RPS15	9606
P62843	Rps15	10090
P62847	RPS24	9606
P62849	Rps24	10090
P62851	RPS25	9606
P62852	Rps25	10090
P62854	RPS26	9606
P62855	Rps26	10090
P62857	RPS28	9606
P62858	Rps28	10090
P62861	FAU	9606
P62862	Fau	10090
P62869	Elob	10090
P62873	GNB1	9606
P62874	Gnb1	10090
P62875	POLR2L	9606
P62876	Polr2l	10090
P62877	RBX1	9606
P62878	Rbx1	10090
P62879	GNB2	9606
P62880	Gnb2	10090
P62881	Gnb5	10090
P62888	RPL30	9606
P62889	Rpl30	10090
P62891	RPL39	9606
P62892	Rpl39	10090
P62897	Cycs	10090
P62899	RPL31	9606
P62900	Rpl31	10090
P62906	RPL10A	9606
P62908	Rps3	10090
P62910	RPL32	9606
P62911	Rpl32	10090
P62913	RPL11	9606
P62915	Gtf2b	10090
P62917	RPL8	9606
P62918	Rpl8	10090
P62932	Fbxo40	10090
P62937	PPIA	9606
P62942	FKBP1A	9606
P62945	RPL41	9606
P62947	Rpl41	10090
P62951	Blcap	10090
P62952	BLCAP	9606
P62955	CACNG7	9606
P62956	Cacng7	10090
P62960	Ybx1	10090
P62962	Pfn1	10090
P62965	Crabp1	10090
P62979	RPS27A	9606
P62983	Rps27a	10090
P62984	Uba52	10090
P62987	UBA52	9606
P62993	GRB2	9606
P62995	TRA2B	9606
P62996	Tra2b	10090
P63000	RAC1	9606
P63001	Rac1	10090
P63002	Tle5	10090
P63005	Pafah1b1	10090
P63006	Lhx1	10090
P63010	AP2B1	9606
P63011	Rab3a	10090
P63013	Prrx1	10090
P63015	Pax6	10090
P63017	Hspa8	10090
P63024	Vamp3	10090
P63027	VAMP2	9606
P63028	Tpt1	10090
P63030	Mpc1	10090
P63032	Rasd2	10090
P63034	Cyth2	10090
P63037	Dnaja1	10090
P63038	Hspd1	10090
P63040	Cplx1	10090
P63042	Stmn4	10090
P63044	Vamp2	10090
P63046	Sult4a1	10090
P63054	Pcp4	10090
P63056	Olfm3	10090
P63058	Thra	10090
P63072	Ubd	10090
P63073	Eif4e	10090
P63075	Fgf17	10090
P63078	Gng8	10090
P63080	Gabrb3	10090
P63082	Atp6v0c	10090
P63084	S100a5	10090
P63085	Mapk1	10090
P63087	Ppp1cc	10090
P63089	Ptn	10090
P63092	GNAS	9606
P63094	Gnas	10090
P63096	GNAI1	9606
P63098	PPP3R1	9606
P63101	Ywhaz	10090
P63104	YWHAZ	9606
P63115	Slc7a10	10090
P63119	ERVK-21	9606
P63120	ERVK-19	9606
P63121	HERVK_113	9606
P63122	ERVK-8	9606
P63123	ERVK-18	9606
P63124	HERV-K104	9606
P63125	ERVK-25	9606
P63126	ERVK-9	9606
P63127	ERVK-9	9606
P63128	ERVK-9	9606
P63129	ERVK-24	9606
P63130	ERVK-7	9606
P63131	ERVK-7	9606
P63132	HERVK_113	9606
P63133	ERVK-8	9606
P63135	ERVK-7	9606
P63136	ERVK-25	9606
P63137	Gabrb2	10090
P63139	Nfyb	10090
P63141	Kcna2	10090
P63143	Kcnab1	10090
P63145	ERVK-24	9606
P63146	UBE2B	9606
P63147	Ube2b	10090
P63151	PPP2R2A	9606
P63154	Crnkl1	10090
P63157	Barhl1	10090
P63158	Hmgb1	10090
P63162	SNRPN	9606
P63163	Snrpn	10090
P63165	SUMO1	9606
P63166	Sumo1	10090
P63167	DYNLL1	9606
P63168	Dynll1	10090
P63172	DYNLT1	9606
P63173	RPL38	9606
P63208	SKP1	9606
P63211	GNGT1	9606
P63213	Gng2	10090
P63215	GNG3	9606
P63216	Gng3	10090
P63218	GNG5	9606
P63220	RPS21	9606
P63239	Pcsk1	10090
P63241	EIF5A	9606
P63242	Eif5a	10090
P63244	RACK1	9606
P63248	Pkia	10090
P63250	Kcnj3	10090
P63252	KCNJ2	9606
P63254	Crip1	10090
P63260	Actg1	10090
P63261	ACTG1	9606
P63267	ACTG2	9606
P63268	Actg2	10090
P63271	Supt4h1a	10090
P63272	SUPT4H1	9606
P63276	Rps17	10090
P63277	Amelx	10090
P63279	UBE2I	9606
P63280	Ube2i	10090
P63300	Selenow	10090
P63302	SELENOW	9606
P63313	TMSB10	9606
P63316	TNNC1	9606
P63318	Prkcg	10090
P63321	Rala	10090
P63323	Rps12	10090
P63325	Rps10	10090
P63328	Ppp3ca	10090
P63330	Ppp2ca	10090
P67775	PPP2CA	9606
P67778	Phb1	10090
P67809	YBX1	9606
P67812	SEC11A	9606
P67870	CSNK2B	9606
P67871	Csnk2b	10090
P67936	TPM4	9606
P67984	Rpl22	10090
P68032	ACTC1	9606
P68033	Actc1	10090
P68036	UBE2L3	9606
P68037	Ube2l3	10090
P68040	Rack1	10090
P68104	EEF1A1	9606
P68106	FKBP1B	9606
P68133	ACTA1	9606
P68134	Acta1	10090
P68181	Prkacb	10090
P68254	Ywhaq	10090
P68363	TUBA1B	9606
P68366	TUBA4A	9606
P68368	Tuba4a	10090
P68369	Tuba1a	10090
P68371	TUBB4B	9606
P68372	Tubb4b	10090
P68373	Tuba1c	10090
P68400	CSNK2A1	9606
P68402	PAFAH1B2	9606
P68404	Prkcb	10090
P68431	H3C1; H3C2; H3C3; H3C4; H3C6; H3C7; H3C8; H3C10; H3C11; H3C12	9606
P68433	H3c1; H3c8; H3c10; H3c11	10090
P68500	Cntn5	10090
P68510	Ywhah	10090
P68543	UBXN2A	9606
P68871	HBB	9606
P69525	Tmprss9	10090
P69566	Ranbp9	10090
P69744	Trpv5	10090
P69849	NOMO3	9606
P69891	HBG1	9606
P69892	HBG2	9606
P69905	HBA1; HBA2	9606
P70120	Hes5	10090
P70121	Zhx1	10090
P70122	Sbds	10090
P70124	Serpinb5	10090
P70126	St8sia5	10090
P70158	Smpdl3a	10090
P70160	Calca	10090
P70166	Cpeb1	10090
P70168	Kpnb1	10090
P70169	Doc2b	10090
P70170	Abcc9	10090
P70172	Slc10a2	10090
P70174	Hrh1	10090
P70175	Dlg3	10090
P70178	Six5	10090
P70180	Npr3	10090
P70181	Pip5k1b	10090
P70182	Pip5k1a	10090
P70186	Epyc	10090
P70187	Slc71a1	10090
P70188	Kifap3	10090
P70190	Capza3	10090
P70191	Traf5	10090
P70193	Lrig1	10090
P70194	Clec4f	10090
P70195	Psmb7	10090
P70196	Traf6	10090
P70202	Lxn	10090
P70205	Adcyap1r1	10090
P70206	Plxna1	10090
P70207	Plxna2	10090
P70208	Plxna3	10090
P70210	Tead3	10090
P70211	Dcc	10090
P70213	Fv1	10090
P70217	Hoxd13	10090
P70218	Map4k1	10090
P70224	Gimap1	10090
P70225	Il11ra2	10090
P70227	Itpr3	10090
P70232	Chl1	10090
P70236	Map2k6	10090
P70245	Ebp	10090
P70248	Myo1f	10090
P70255	Nfic	10090
P70257	Nfix	10090
P70259	Gpr143	10090
P70261	Pald1	10090
P70263	Ptgdr	10090
P70265	Pfkfb2	10090
P70266	Pfkfb1	10090
P70268	Pkn1	10090
P70269	Ctse	10090
P70270	Rad54l	10090
P70271	Pdlim4	10090
P70274	Selenop	10090
P70275	Sema3e	10090
P70277	St6galnac2	10090
P70278	Stra8	10090
P70279	Surf6	10090
P70280	Vamp7	10090
P70281	Sycp3	10090
P70284	Tgif1	10090
P70288	Hdac2	10090
P70289	Ptprv	10090
P70290	Mpp1	10090
P70295	Aup1	10090
P70296	Pebp1	10090
P70297	Stam	10090
P70298	Cux2	10090
P70302	Stim1	10090
P70303	Ctps2	10090
P70310	Ntsr2	10090
P70312	Has2	10090
P70313	Nos3	10090
P70314	Pitx1	10090
P70315	Was	10090
P70318	Tial1	10090
P70321	Hoxb13	10090
P70323	Tbx1	10090
P70324	Tbx3	10090
P70325	Tbx4	10090
P70326	Tbx5	10090
P70327	Tbx6	10090
P70331	Mdfi	10090
P70333	Hnrnph2	10090
P70335	Rock1	10090
P70336	Rock2	10090
P70338	Gfi1	10090
P70339	Frat1	10090
P70340	Smad1	10090
P70343	Casp4	10090
P70345	Bcl2l2	10090
P70347	Tank	10090
P70348	Gcm1	10090
P70349	Hint1	10090
P70351	Ezh1	10090
P70352	Art5	10090
P70353	Nfyc	10090
P70354	Msx3	10090
P70362	Ufd1	10090
P70365	Ncoa1	10090
P70368	Sebox	10090
P70371	Terf1	10090
P70372	Elavl1	10090
P70375	F7	10090
P70377	Fgf13	10090
P70378	Fgf11	10090
P70379	Fgf14	10090
P70380	Il18	10090
P70385	Hsd17b3	10090
P70387	Hfe	10090
P70388	Rad50	10090
P70389	Igfals	10090
P70390	Shox2	10090
P70392	Rasgrf2	10090
P70396	Dlx5	10090
P70397	Dlx6	10090
P70398	Usp9x	10090
P70399	Tp53bp1	10090
P70402	Mybph	10090
P70403	Cux1	10090
P70404	Idh3g	10090
P70406	Ucp2	10090
P70407	Cdh9	10090
P70408	Cdh10	10090
P70412	Cuzd1	10090
P70414	Slc8a1	10090
P70419	Galnt3	10090
P70423	Slc7a3	10090
P70424	Erbb2	10090
P70425	Rit2	10090
P70426	Rit1	10090
P70428	Ext2	10090
P70429	Evl	10090
P70434	Irf7	10090
P70436	Dlx4	10090
P70441	Nherf1	10090
P70444	Bid	10090
P70445	Eif4ebp2	10090
P70447	Neurog2	10090
P70451	Fer	10090
P70452	Stx4	10090
P70453	Pde7a	10090
P70458	Serpina5	10090
P70459	Erf	10090
P70460	Vasp	10090
P70658	Cxcr4	10090
P70660	Neurog1	10090
P70661	Neurog3	10090
P70662	Ldb1	10090
P70663	Sparcl1	10090
P70665	Siae	10090
P70669	Phex	10090
P70670	Naca	10090
P70671	Irf3	10090
P70675	Tsx	10090
P70677	Casp3	10090
P70689	Gjb6	10090
P70691	Ugt1a2	10090
P70694	Akr1c6	10090
P70695	Fbp2	10090
P70696	H2bc1	10090
P70697	Urod	10090
P70698	Ctps1	10090
P70699	Gaa	10090
P70700	Polr1b	10090
P70701	Wnt10a	10090
P70704	Atp8a1	10090
P78310	CXADR	9606
P78312	FAM193A	9606
P78314	SH3BP2	9606
P78316	NOP14	9606
P78317	RNF4	9606
P78318	IGBP1	9606
P78324	SIRPA	9606
P78325	ADAM8	9606
P78329	CYP4F2	9606
P78330	PSPH	9606
P78332	RBM6	9606
P78333	GPC5	9606
P78334	GABRE	9606
P78337	PITX1	9606
P78344	EIF4G2	9606
P78345	RPP38	9606
P78346	RPP30	9606
P78347	GTF2I	9606
P78348	ASIC1	9606
P78352	DLG4	9606
P78356	PIP4K2B	9606
P78357	CNTNAP1	9606
P78358	CTAG1A; CTAG1B	9606
P78362	SRPK2	9606
P78363	ABCA4	9606
P78364	PHC1	9606
P78367	NKX3-2	9606
P78368	CSNK1G2	9606
P78369	CLDN10	9606
P78371	CCT2	9606
P78380	OLR1	9606
P78381	SLC35A2	9606
P78382	SLC35A1	9606
P78383	SLC35B1	9606
P78385	KRT83	9606
P78386	KRT85	9606
P78395	PRAME	9606
P78396	CCNA1	9606
P78406	RAE1	9606
P78410	BTN3A2	9606
P78411	IRX5	9606
P78412	IRX6	9606
P78413	IRX4	9606
P78414	IRX1	9606
P78415	IRX3	9606
P78417	GSTO1	9606
P78423	CX3CL1	9606
P78424	POU6F2	9606
P78426	NKX6-1	9606
P78504	JAG1	9606
P78508	KCNJ10	9606
P78509	RELN	9606
P78524	DENND2B	9606
P78527	PRKDC	9606
P78536	ADAM17	9606
P78537	BLOC1S1	9606
P78539	SRPX	9606
P78540	ARG2	9606
P78543	BTG2	9606
P78545	ELF3	9606
P78549	NTHL1	9606
P78552	IL13RA1	9606
P78556	CCL20	9606
P78559	MAP1A	9606
P78560	CRADD	9606
P78562	PHEX	9606
P78563	ADARB1	9606
P79457	Uty	10090
P79483	HLA-DRB3	9606
P79522	PRR3	9606
P79621	Ciita	10090
P80075	CCL8	9606
P80098	CCL7	9606
P80108	GPLD1	9606
P80162	CXCL6	9606
P80188	LCN2	9606
P80192	MAP3K9	9606
P80205	Otx1	10090
P80206	Otx2	10090
P80217	IFI35	9606
P80294	MT1H	9606
P80297	MT1X	9606
P80303	NUCB2	9606
P80313	Cct7	10090
P80314	Cct2	10090
P80315	Cct4	10090
P80316	Cct5	10090
P80317	Cct6a	10090
P80318	Cct3	10090
P80365	HSD11B2	9606
P80370	DLK1	9606
P80404	ABAT	9606
P80511	S100A12	9606
P80560	Ptprn2	10090
P80723	BASP1	9606
P80748	IGLV3-21	9606
P81066	Irx2	10090
P81067	Irx3	10090
P81068	Irx1	10090
P81069	Gabpb2	10090
P81117	Nucb2	10090
P81122	Irs2	10090
P81133	SIM1	9606
P81172	HAMP	9606
P81183	Ikzf2	10090
P81269	Atf1	10090
P81270	Erg	10090
P81274	GPSM2	9606
P81277	PRLH	9606
P81408	ENTREP3	9606
P81534	DEFB103A; DEFB103B	9606
P81605	DCD	9606
P81615	Ucn	10090
P81877	SSBP2	9606
P82019	Defb4	10090
P82020	Defb2	10090
P82094	TMF1	9606
P82198	Tgfbi	10090
P82251	SLC7A9	9606
P82279	CRB1	9606
P82343	Renbp	10090
P82347	Sgcd	10090
P82348	Sgcg	10090
P82349	Sgcb	10090
P82350	Sgca	10090
P82650	MRPS22	9606
P82663	MRPS25	9606
P82664	MRPS10	9606
P82673	MRPS35	9606
P82675	MRPS5	9606
P82909	KGD4	9606
P82912	MRPS11	9606
P82914	MRPS15	9606
P82921	MRPS21	9606
P82930	MRPS34	9606
P82932	MRPS6	9606
P82933	MRPS9	9606
P82970	HMGN5	9606
P82976	Gbx1	10090
P82979	SARNP	9606
P82980	RBP5	9606
P82987	ADAMTSL3	9606
P83093	Stim2	10090
P83105	HTRA4	9606
P83110	HTRA3	9606
P83111	LACTB	9606
P83369	LSM11	9606
P83436	COG7	9606
P83503	Nyx	10090
P83510	Tnik	10090
P83555	Kir3dl1	10090
P83626	Tnfrsf26	10090
P83714	Ctf2	10090
P83731	RPL24	9606
P83741	Wnk1	10090
P83859	QRFP	9606
P83861	Qrfpr	10090
P83870	Phf5a	10090
P83876	TXNL4A	9606
P83877	Txnl4a	10090
P83881	RPL36A	9606
P83882	Rpl36a	10090
P83887	Tubg1	10090
P83916	CBX1	9606
P83917	Cbx1	10090
P83940	Eloc	10090
P84022	SMAD3	9606
P84074	HPCA	9606
P84075	Hpca	10090
P84077	ARF1	9606
P84078	Arf1	10090
P84084	Arf5	10090
P84085	ARF5	9606
P84086	Cplx2	10090
P84089	Erh	10090
P84090	ERH	9606
P84091	Ap2m1	10090
P84095	RHOG	9606
P84096	Rhog	10090
P84098	RPL19	9606
P84099	Rpl19	10090
P84101	SERF2	9606
P84102	Serf2	10090
P84103	SRSF3	9606
P84104	Srsf3	10090
P84157	MXRA7	9606
P84228	H3c2; H3c3; H3c4; H3c6; H3c7; H3c13; H3c14; H3c15	10090
P84243	H3-3A; H3-3B	9606
P84244	H3-3a; H3-3b	10090
P84309	Adcy5	10090
P84444	Ccl21a	10090
P84550	SKOR1	9606
P84996	GNAS	9606
P85037	FOXK1	9606
P85094	Isoc2a	10090
P85298	ARHGAP8	9606
P85299	PRR5	9606
P85442	Vgll3	10090
P85965	Dppa5b; Dppa5c	10090
P86044	Ano9	10090
P86045	Tmem207	10090
P86046	Kcnj13	10090
P86048	Rpl10l	10090
P86049	Rbm46	10090
P86050	Tmem170b	10090
P86174	Bend4	10090
P86176	Tigit	10090
P86397	HTD2	9606
P86434	ADORA2A-AS1	9606
P86448	Trim43b	10090
P86449	Trim43c	10090
P86452	ZBED6	9606
P86478	PRR20E	9606
P86479	PRR20C	9606
P86480	PRR20D	9606
P86481	PRR20B	9606
P86496	PRR20A	9606
P86546	Bglap	10090
P86547	Bglap2	10090
P86790	CCZ1B	9606
P86791	CCZ1	9606
P86792	Ccl21b	10090
P86793	Ccl21c	10090
P87889	ERVK-10	9606
P97287	Mcl1	10090
P97288	Htr4	10090
P97290	Serping1	10090
P97291	Cdh8	10090
P97292	Hrh2	10090
P97295	Npy2r	10090
P97297	Adm	10090
P97298	Serpinf1	10090
P97299	Sfrp2	10090
P97300	Nptn	10090
P97302	Bach1	10090
P97303	Bach2	10090
P97304	Polr1d	10090
P97305	Nfatc3	10090
P97306	Stac	10090
P97309	Mesp1	10090
P97310	Mcm2	10090
P97311	Mcm6	10090
P97313	Prkdc	10090
P97314	Csrp2	10090
P97315	Csrp1	10090
P97318	Dab1	10090
P97321	Fap	10090
P97324	G6pd2	10090
P97325	St3gal3	10090
P97326	Cdh6	10090
P97328	Khk	10090
P97329	Kif20a	10090
P97333	Nrp1	10090
P97334	Nkx2-3	10090
P97343	Uhmk1	10090
P97346	Nxn	10090
P97347	Rptn	10090
P97348	Rhod	10090
P97350	Pkp1	10090
P97351	Rps3a	10090
P97352	S100a13	10090
P97353	Sec1	10090
P97355	Sms	10090
P97357	Taf1a	10090
P97358	Taf1b	10090
P97360	Etv6	10090
P97361	Bpifa1	10090
P97363	Sptlc2	10090
P97364	Sephs2	10090
P97366	Evi5	10090
P97367	Meis2	10090
P97368	Meis3	10090
P97369	Ncf4	10090
P97370	Atp1b3	10090
P97371	Psme1	10090
P97372	Psme2	10090
P97376	Frg1	10090
P97377	Cdk2	10090
P97378	Il12rb2	10090
P97379	G3bp2	10090
P97382	Kcnab3	10090
P97384	Anxa11	10090
P97386	Lig3	10090
P97390	Vps45	10090
P97391	Pla2g5	10090
P97393	Arhgap5	10090
P97399	Dspp	10090
P97400	Clc	10090
P97401	Frzb	10090
P97402	Gcnt2	10090
P97411	Ica1	10090
P97412	Lyst	10090
P97414	Kcnq1	10090
P97425	Ear2	10090
P97426	Ear1	10090
P97427	Crmp1	10090
P97428	Rgs16	10090
P97429	Anxa4	10090
P97430	Slpi	10090
P97431	Irf6	10090
P97432	Nbr1	10090
P97433	Arhgef28	10090
P97434	Mprip	10090
P97435	Tmprss15	10090
P97436	Nkx3-1	10090
P97438	Kcnk2	10090
P97440	Slbp	10090
P97441	Slc30a3	10090
P97443	Smyd1	10090
P97445	Cacna1a	10090
P97447	Fhl1	10090
P97449	Anpep	10090
P97450	Atp5pf	10090
P97452	Bop1	10090
P97454	Smad5	10090
P97457	Myl11	10090
P97458	Prop1	10090
P97459	Npas1	10090
P97460	Npas2	10090
P97461	Rps5	10090
P97463	Nrtn	10090
P97464	Ext1	10090
P97465	Dok1	10090
P97466	Nog	10090
P97467	Pam	10090
P97468	Cmklr1	10090
P97469	Snai2	10090
P97470	Ppp4c	10090
P97471	Smad4	10090
P97473	Tarbp2	10090
P97474	Pitx2	10090
P97477	Aurka	10090
P97478	Coq7	10090
P97479	Myo7a	10090
P97480	Eya3	10090
P97481	Epas1	10090
P97484	Pirb	10090
P97489	Gata5	10090
P97490	Adcy8	10090
P97492	Rgs14	10090
P97493	Txn2	10090
P97494	Gclc	10090
P97496	Smarcc1	10090
P97497	Shbg	10090
P97499	Tep1	10090
P97500	Myt1l	10090
P97501	Fmo3	10090
P97503	Nkx3-2	10090
P97504	Bmx	10090
P97714	Adra1d	10090
P97717	Adra1b	10090
P97718	Adra1a	10090
P97737	Gdf10	10090
P97742	Cpt1a	10090
P97751	Vipr1	10090
P97760	Polr2c	10090
P97762	rp9	10090
P97764	Wbp1	10090
P97765	Wbp2	10090
P97766	Cfc1	10090
P97767	Eya1	10090
P97769	Cited1	10090
P97770	Thumpd3	10090
P97772	Grm1	10090
P97783	Mllt11	10090
P97784	Cry1	10090
P97785	Gfra1	10090
P97789	Xrn1	10090
P97792	Cxadr	10090
P97793	Alk	10090
P97794	Kcnj8	10090
P97797	Sirpa	10090
P97798	Neo1	10090
P97799	Nrsn1	10090
P97801	Smn1	10090
P97802	Ang3	10090
P97805	Fam3d	10090
P97807	Fh	10090
P97808	Fxyd5	10090
P97812	Ihh	10090
P97813	Pld2	10090
P97814	Pstpip1	10090
P97816	S100g	10090
P97817	Cdr2	10090
P97819	Pla2g6	10090
P97820	Map4k4	10090
P97821	Ctsc	10090
P97822	Anp32e	10090
P97823	Lypla1	10090
P97825	Jpt1	10090
P97855	G3bp1	10090
P97857	Adamts1	10090
P97858	Slc35b1	10090
P97861	Krt86	10090
P97863	Nfib	10090
P97864	Casp7	10090
P97865	Pex7	10090
P97868	Rbbp6	10090
P97872	Fmo5	10090
P97873	Loxl1	10090
P97875	Jdp2	10090
P97926	Oxtr	10090
P97927	Lama4	10090
P97929	Brca2	10090
P97930	Dtymk	10090
P97931	Ung	10090
P97946	Vegfd	10090
P97950	Rab33a	10090
P97952	Scn1b	10090
P97953	Vegfc	10090
P98063	Bmp1	10090
P98064	Masp1	10090
P98066	TNFAIP6	9606
P98073	TMPRSS15	9606
P98077	SHC2	9606
P98078	Dab2	10090
P98082	DAB2	9606
P98083	Shc1	10090
P98084	Apba2	10090
P98086	C1qa	10090
P98088	MUC5AC	9606
P98095	FBLN2	9606
P98153	DGCR2	9606
P98154	Dgcr2	10090
P98155	VLDLR	9606
P98156	Vldlr	10090
P98160	HSPG2	9606
P98161	PKD1	9606
P98164	LRP2	9606
P98168	ZXDA	9606
P98169	ZXDB	9606
P98170	XIAP	9606
P98171	ARHGAP4	9606
P98172	EFNB1	9606
P98173	FAM3A	9606
P98174	FGD1	9606
P98175	RBM10	9606
P98177	FOXO4	9606
P98179	RBM3	9606
P98182	ZNF200	9606
P98187	CYP4F8	9606
P98191	Cds1	10090
P98192	Gnpat	10090
P98194	ATP2C1	9606
P98195	Atp9b	10090
P98196	ATP11A	9606
P98197	Atp11a	10090
P98198	ATP8B2	9606
P98199	Atp8b2	10090
P98200	Atp8a2	10090
P98203	Arvcf	10090
P99024	Tubb5	10090
P99025	Gchfr	10090
P99026	Psmb4	10090
P99027	Rplp2	10090
P99028	Uqcrh	10090
P99029	Prdx5	10090
P99999	CYCS	9606
Q00005	PPP2R2B	9606
Q00013	MPP1	9606
Q00056	HOXA4	9606
Q00059	TFAM	9606
Q00169	PITPNA	9606
Q00175	Pgr	10090
Q00196	Pou2f2	10090
Q00262	Stx2	10090
Q00266	MAT1A	9606
Q00286	Pou1f1	10090
Q00288	Pax8	10090
Q00322	Cebpd	10090
Q00325	SLC25A3	9606
Q00341	HDLBP	9606
Q00342	Flt3	10090
Q00356	Mcptl	10090
Q00403	GTF2B	9606
Q00417	Tcf7	10090
Q00420	Gabpb1	10090
Q00422	Gabpa	10090
Q00444	HOXC5	9606
Q00493	Cpe	10090
Q00519	Xdh	10090
Q00526	CDK3	9606
Q00532	CDKL1	9606
Q00534	CDK6	9606
Q00535	CDK5	9606
Q00536	CDK16	9606
Q00537	CDK17	9606
Q00547	Hmmr	10090
Q00558	F8a1	10090
Q00560	Il6st	10090
Q00577	PURA	9606
Q00587	CDC42EP1	9606
Q00597	FANCC	9606
Q00604	NDP	9606
Q00609	Cd80	10090
Q00610	CLTC	9606
Q00612	G6pdx	10090
Q00613	HSF1	9606
Q00623	Apoa1	10090
Q00651	Itga4	10090
Q00653	NFKB2	9606
Q00688	FKBP3	9606
Q00690	Sele	10090
Q00722	PLCB2	9606
Q00724	Rbp4	10090
Q00731	Vegfa	10090
Q00765	REEP5	9606
Q00780	Col8a1	10090
Q00796	SORD	9606
Q00839	HNRNPU	9606
Q00872	MYBPC1	9606
Q00887	PSG9	9606
Q00888	PSG4	9606
Q00889	PSG6	9606
Q00896	Serpina1c	10090
Q00897	Serpina1d	10090
Q00898	Serpina1e	10090
Q00899	Yy1	10090
Q008S8	ECT2L	9606
Q00915	Rbp1	10090
Q00941	Csf2ra	10090
Q00973	B4GALNT1	9606
Q00975	CACNA1B	9606
Q00977	Gjb2	10090
Q00978	IRF9	9606
Q00987	MDM2	9606
Q00993	Axl	10090
Q00994	BEX3	9606
Q00G26	PLIN5	9606
Q00LT1	PRCD	9606
Q00LT2	Prcd	10090
Q00PI9	Hnrnpul2	10090
Q01063	Pde4d	10090
Q01064	PDE1B	9606
Q01065	Pde1b	10090
Q01081	U2AF1	9606
Q01082	SPTBN1	9606
Q01085	TIAL1	9606
Q01094	E2F1	9606
Q01097	Grin2b	10090
Q01098	Grin2c	10090
Q01101	INSM1	9606
Q01102	Selp	10090
Q01105	SET	9606
Q01113	IL9R	9606
Q01114	Il9r	10090
Q01118	SCN7A	9606
Q01130	SRSF2	9606
Q01147	Creb1	10090
Q01149	Col1a2	10090
Q01151	CD83	9606
Q01167	FOXK2	9606
Q01196	RUNX1	9606
Q01201	RELB	9606
Q01231	Gja5	10090
Q01237	Hmgcr	10090
Q01279	Egfr	10090
Q01320	Top2a	10090
Q01337	Adra2c	10090
Q01338	Adra2a	10090
Q01339	Apoh	10090
Q01341	Adcy6	10090
Q01344	IL5RA	9606
Q01362	MS4A2	9606
Q01405	Sec23a	10090
Q01415	GALK2	9606
Q01432	AMPD3	9606
Q01433	AMPD2	9606
Q01449	MYL7	9606
Q01453	PMP22	9606
Q01459	CTBS	9606
Q01469	FABP5	9606
Q01484	ANK2	9606
Q01514	Gbp1	10090
Q01518	CAP1	9606
Q01523	DEFA5	9606
Q01524	DEFA6	9606
Q01534	TSPY1	9606
Q01538	MYT1	9606
Q01543	FLI1	9606
Q01546	KRT76	9606
Q01581	HMGCS1	9606
Q01628	IFITM3	9606
Q01629	IFITM2	9606
Q01638	IL1RL1	9606
Q01650	SLC7A5	9606
Q01658	DR1	9606
Q01664	TFAP4	9606
Q01668	CACNA1D	9606
Q01705	Notch1	10090
Q01718	MC2R	9606
Q01721	Gas1	10090
Q01726	MC1R	9606
Q01727	Mc1r	10090
Q01730	Rsu1	10090
Q01740	FMO1	9606
Q01755	Tcp11	10090
Q01768	Nme2	10090
Q01776	Gnrhr	10090
Q01780	EXOSC10	9606
Q01804	OTUD4	9606
Q01813	PFKP	9606
Q01814	ATP2B2	9606
Q01815	Cacna1c	10090
Q01822	Hoxd1	10090
Q01826	SATB1	9606
Q01831	XPC	9606
Q01844	EWSR1	9606
Q01850	CDR2	9606
Q01851	POU4F1	9606
Q01853	Vcp	10090
Q01860	POU5F1	9606
Q01887	Ryk	10090
Q01892	SPIB	9606
Q01954	BNC1	9606
Q01955	COL4A3	9606
Q01959	SLC6A3	9606
Q01965	Ly9	10090
Q01968	OCRL	9606
Q01970	PLCB3	9606
Q01973	ROR1	9606
Q01974	ROR2	9606
Q01995	TAGLN	9606
Q02013	Aqp1	10090
Q02040	AKAP17A	9606
Q02045	MYL5	9606
Q02053	Uba1	10090
Q02067	Ascl1	10090
Q02078	MEF2A	9606
Q02080	MEF2B	9606
Q02083	NAAA	9606
Q02085	Snai1	10090
Q02086	SP2	9606
Q02094	RHAG	9606
Q02105	C1qc	10090
Q02108	GUCY1A1	9606
Q02111	Prkcq	10090
Q02127	DHODH	9606
Q02152	Htr2b	10090
Q02153	GUCY1B1	9606
Q02156	PRKCE	9606
Q02161	RHD	9606
Q02218	OGDH	9606
Q02221	COX6A2	9606
Q02223	TNFRSF17	9606
Q02224	CENPE	9606
Q02241	KIF23	9606
Q02242	Pdcd1	10090
Q02246	CNTN2	9606
Q02248	Ctnnb1	10090
Q02252	ALDH6A1	9606
Q02257	Jup	10090
Q02284	Htr1f	10090
Q02297	NRG1	9606
Q02318	CYP27A1	9606
Q02325	PLGLB1; PLGLB2	9606
Q02338	BDH1	9606
Q02357	Ank1	10090
Q02363	ID2	9606
Q02383	SEMG2	9606
Q02384	Sos2	10090
Q02386	ZNF45	9606
Q02388	COL7A1	9606
Q02395	Mtf2	10090
Q02410	APBA1	9606
Q02413	DSG1	9606
Q02446	SP4	9606
Q02447	SP3	9606
Q02487	DSC2	9606
Q02496	Muc1	10090
Q02505	MUC3A	9606
Q02509	OC90	9606
Q02525	Zfp39	10090
Q02526	Zfp41	10090
Q02535	ID3	9606
Q02539	H1-1	9606
Q02543	RPL18A	9606
Q02548	PAX5	9606
Q02556	IRF8	9606
Q02566	Myh6	10090
Q02575	NHLH1	9606
Q02576	Nhlh1	10090
Q02577	NHLH2	9606
Q02591	Gsc	10090
Q02596	Glycam1	10090
Q02614	Sap30bp	10090
Q02641	CACNB1	9606
Q02643	GHRHR	9606
Q02650	Pax5	10090
Q02738	Gjb4	10090
Q02739	Gjb5	10090
Q02742	GCNT1	9606
Q02747	GUCA2A	9606
Q02750	MAP2K1	9606
Q02763	TEK	9606
Q02779	MAP3K10	9606
Q02780	Nfia	10090
Q02788	Col6a2	10090
Q02789	Cacna1s	10090
Q02790	FKBP4	9606
Q02809	PLOD1	9606
Q02817	MUC2	9606
Q02818	NUCB1	9606
Q02819	Nucb1	10090
Q02833	RASSF7	9606
Q02844	Tpsab1	10090
Q02846	GUCY2D	9606
Q02853	Mmp11	10090
Q02858	Tek	10090
Q02862	Csn1s2a	10090
Q02878	RPL6	9606
Q02880	TOP2B	9606
Q02928	CYP4A11	9606
Q02930	CREB5	9606
Q02952	AKAP12	9606
Q02956	Prkcz	10090
Q02962	PAX2	9606
Q02978	SLC25A11	9606
Q02985	CFHR3	9606
Q03001	DST	9606
Q03013	GSTM4	9606
Q03014	HHEX	9606
Q03052	POU3F1	9606
Q03059	Chat	10090
Q03060	CREM	9606
Q03111	MLLT1	9606
Q03112	MECOM	9606
Q03113	GNA12	9606
Q03135	CAV1	9606
Q03137	Epha4	10090
Q03141	Mark3	10090
Q03142	Fgfr4	10090
Q03145	Epha2	10090
Q03146	Ddr1	10090
Q03147	Cdk7	10090
Q03154	ACY1	9606
Q03157	Aplp1	10090
Q03160	Grb7	10090
Q03164	KMT2A	9606
Q03167	TGFBR3	9606
Q03169	TNFAIP2	9606
Q03172	Hivep1	10090
Q03173	Enah	10090
Q03181	PPARD	9606
Q03188	CENPC	9606
Q03249	Galt	10090
Q03252	LMNB2	9606
Q03265	Atp5f1a	10090
Q03267	Ikzf1	10090
Q03288	Asip	10090
Q03311	Bche	10090
Q03347	Runx1	10090
Q03350	Thbs2	10090
Q03358	Msx2	10090
Q03366	Ccl7	10090
Q03385	Ralgds	10090
Q03391	Grin2d	10090
Q03393	PTS	9606
Q03395	ROM1	9606
Q03401	Crisp1	10090
Q03402	Crisp3	10090
Q03403	TFF2	9606
Q03404	Tff2	10090
Q03405	PLAUR	9606
Q03426	MVK	9606
Q03431	PTH1R	9606
Q03468	ERCC6	9606
Q03517	Scg2	10090
Q03518	TAP1	9606
Q03519	TAP2	9606
Q03526	Itk	10090
Q03591	CFHR1	9606
Q03692	COL10A1	9606
Q03701	CEBPZ	9606
Q03717	Kcnb1	10090
Q03719	Kcnd1	10090
Q03721	KCNC4	9606
Q03734	Serpina3m	10090
Q03740	Cryge	10090
Q03828	EVX2	9606
Q03923	ZNF85	9606
Q03924	ZNF117	9606
Q03933	HSF2	9606
Q03936	ZNF92	9606
Q03938	ZNF90	9606
Q03958	Pfdn6	10090
Q03963	Eif2ak2	10090
Q03989	ARID5A	9606
Q04118	PRB3	9606
Q04206	RELA	9606
Q04207	Rela	10090
Q04211	Btg2	10090
Q04323	UBXN1	9606
Q04446	GBE1	9606
Q04447	Ckb	10090
Q04519	Smpd1	10090
Q04573	Npy1r	10090
Q04592	Pcsk5	10090
Q04609	FOLH1	9606
Q04637	EIF4G1	9606
Q04646	Fxyd2	10090
Q04656	ATP7A	9606
Q04671	OCA2	9606
Q04683	Cxcr5	10090
Q04690	Nf1	10090
Q04692	Smarcad1	10090
Q04695	KRT17	9606
Q04721	NOTCH2	9606
Q04724	TLE1	9606
Q04725	TLE2	9606
Q04726	TLE3	9606
Q04727	TLE4	9606
Q04735	Cdk16	10090
Q04736	Yes1	10090
Q04741	EMX1	9606
Q04742	Emx1	10090
Q04743	EMX2	9606
Q04744	Emx2	10090
Q04750	Top1	10090
Q04756	HGFAC	9606
Q04758	Pkib	10090
Q04759	PRKCQ	9606
Q04760	GLO1	9606
Q04771	ACVR1	9606
Q04828	AKR1C1	9606
Q04837	SSBP1	9606
Q04841	Mpg	10090
Q04844	CHRNE	9606
Q04857	Col6a1	10090
Q04859	Mak	10090
Q04863	Relb	10090
Q04864	REL	9606
Q04886	Sox8	10090
Q04887	Sox9	10090
Q04888	Sox10	10090
Q04890	Sox12	10090
Q04891	Sox13	10090
Q04892	Sox14	10090
Q04899	Cdk18	10090
Q04900	CD164	9606
Q04912	MST1R	9606
Q04917	YWHAH	9606
Q04941	PLP2	9606
Q04997	Inha	10090
Q04998	Inhba	10090
Q04999	Inhbb	10090
Q05020	Apoc2	10090
Q05048	CSTF1	9606
Q05066	SRY	9606
Q05084	ICA1	9606
Q05086	UBE3A	9606
Q05117	Acp5	10090
Q05144	Rac2	10090
Q05186	Rcn1	10090
Q05193	DNM1	9606
Q05195	MXD1	9606
Q05209	PTPN12	9606
Q05215	EGR4	9606
Q05306	Col10a1	10090
Q05315	CLC	9606
Q05329	GAD2	9606
Q05397	PTK2	9606
Q05421	Cyp2e1	10090
Q05469	LIPE	9606
Q05481	ZNF91	9606
Q05512	Mark2	10090
Q05513	PRKCZ	9606
Q05516	ZBTB16	9606
Q05519	SRSF11	9606
Q05586	GRIN1	9606
Q05639	EEF1A2	9606
Q05655	PRKCD	9606
Q05682	CALD1	9606
Q05685	Folr2	10090
Q05707	COL14A1	9606
Q05722	Col9a1	10090
Q05738	Sry	10090
Q05769	Ptgs2	10090
Q05793	Hspg2	10090
Q05816	Fabp5	10090
Q05823	RNASEL	9606
Q05860	Fmn1	10090
Q05895	Thbs3	10090
Q05901	CHRNB3	9606
Q05909	Ptprg	10090
Q05910	Adam8	10090
Q05915	Gch1	10090
Q05920	Pc	10090
Q05921	Rnasel	10090
Q05922	Dusp2	10090
Q05923	DUSP2	9606
Q05925	EN1	9606
Q05928	Btc	10090
Q05932	FPGS	9606
Q05940	SLC18A2	9606
Q05952	TNP2	9606
Q05996	ZP2	9606
Q059U7	Intu	10090
Q059Y8	Dcst1	10090
Q05A13	Sdr16c6	10090
Q05A36	Mex3c	10090
Q05A56	Hyal4	10090
Q05A62	Dnal1	10090
Q05A80	Caprin2	10090
Q05AA6	Drp2	10090
Q05AH6	Spindoc	10090
Q05BC3	Eml1	10090
Q05BQ1	Igsf9	10090
Q05BQ5	MBTD1	9606
Q05BU3	FAM86JP	9606
Q05BV3	EML5	9606
Q05C16	LRRC63	9606
Q05CL8	Larp7	10090
Q05D32	CTDSPL2	9606
Q05D44	Eif5b	10090
Q05D60	DEUP1	9606
Q05DH4	FHIP1A	9606
Q06033	ITIH3	9606
Q06055	ATP5MC2	9606
Q06124	PTPN11	9606
Q06136	KDSR	9606
Q06138	Cab39	10090
Q06141	REG3A	9606
Q06180	Ptpn2	10090
Q06185	Atp5me	10090
Q06186	Hbegf	10090
Q06187	BTK	9606
Q06190	PPP2R3A	9606
Q06194	F8	10090
Q06203	PPAT	9606
Q06210	GFPT1	9606
Q06219	Nr4a2	10090
Q06250	WT1-AS	9606
Q06265	EXOSC9	9606
Q06278	AOX1	9606
Q06318	Scgb1a1	10090
Q06323	PSME1	9606
Q06330	RBPJ	9606
Q06335	Aplp2	10090
Q06348	Prrx2	10090
Q06413	MEF2C	9606
Q06416	POU5F1B	9606
Q06418	TYRO3	9606
Q06432	CACNG1	9606
Q06455	RUNX1T1	9606
Q06481	APLP2	9606
Q06495	SLC34A1	9606
Q06507	Atf4	10090
Q06520	SULT2A1	9606
Q06546	GABPA	9606
Q06547	GABPB1	9606
Q06587	RING1	9606
Q06609	RAD51	9606
Q06643	LTB	9606
Q06649	Sh3bp2	10090
Q06666	Srst	10090
Q06710	PAX8	9606
Q06730	ZNF33A	9606
Q06732	ZNF33B	9606
Q06770	Serpina6	10090
Q06787	FMR1	9606
Q06806	Tie1	10090
Q06828	FMOD	9606
Q06830	PRDX1	9606
Q06831	Sox4	10090
Q06889	EGR3	9606
Q06890	Clu	10090
Q06945	SOX4	9606
Q06985	Siah1b	10090
Q06986	Siah2	10090
Q07001	CHRND	9606
Q07002	CDK18	9606
Q07011	TNFRSF9	9606
Q07020	RPL18	9606
Q07021	C1QBP	9606
Q07065	CKAP4	9606
Q07075	ENPEP	9606
Q07076	Anxa7	10090
Q07079	Igfbp5	10090
Q07092	COL16A1	9606
Q07104	Gdf3	10090
Q07105	Gdf9	10090
Q07108	CD69	9606
Q07113	Igf2r	10090
Q07133	H1-6	10090
Q07139	Ect2	10090
Q07157	TJP1	9606
Q07174	Map3k8	10090
Q07230	Zscan2	10090
Q07231	Zscan21	10090
Q07235	Serpine2	10090
Q07243	Mtf1	10090
Q07279	Nfe2	10090
Q07283	TCHH	9606
Q07325	CXCL9	9606
Q07326	PIGF	9606
Q07343	PDE4B	9606
Q07352	ZFP36L1	9606
Q07409	Cntn3	10090
Q07417	Acads	10090
Q07424	Cdx4	10090
Q07440	Bcl2a1	10090
Q07444	KLRC3	9606
Q07456	Ambp	10090
Q07475	Nrep	10090
Q07507	DPT	9606
Q07563	Col17a1	10090
Q075Z2	BSPH1	9606
Q07617	SPAG1	9606
Q07627	KRTAP1-1	9606
Q07643	Col9a2	10090
Q07646	Mest	10090
Q07654	TFF3	9606
Q07666	KHDRBS1	9606
Q07687	DLX2	9606
Q07699	SCN1B	9606
Q07763	Cd244	10090
Q07797	Lgals3bp	10090
Q07802	Ebf1	10090
Q07812	BAX	9606
Q07813	Bax	10090
Q07817	BCL2L1	9606
Q07820	MCL1	9606
Q07832	Plk1	10090
Q07837	SLC3A1	9606
Q07864	POLE	9606
Q07866	KLC1	9606
Q07869	PPARA	9606
Q07889	SOS1	9606
Q07890	SOS2	9606
Q07912	TNK2	9606
Q07916	Pou6f1	10090
Q07954	LRP1	9606
Q07955	SRSF1	9606
Q07960	ARHGAP1	9606
Q07968	F13b	10090
Q07973	CYP24A1	9606
Q08024	Cbfb	10090
Q08043	ACTN3	9606
Q08048	Hgf	10090
Q08050	FOXM1	9606
Q08091	Cnn1	10090
Q08093	Cnn2	10090
Q08116	RGS1	9606
Q08117	TLE5	9606
Q08122	Tle3	10090
Q08170	SRSF4	9606
Q08174	PCDH1	9606
Q08188	TGM3	9606
Q08189	Tgm3	10090
Q08209	PPP3CA	9606
Q08211	DHX9	9606
Q08257	CRYZ	9606
Q08274	Dmwd	10090
Q08288	Lyar	10090
Q08289	CACNB2	9606
Q08297	Rad51	10090
Q08331	Calb2	10090
Q08334	IL10RB	9606
Q08345	DDR1	9606
Q08351	Mpl	10090
Q08357	SLC20A2	9606
Q08369	Gata4	10090
Q08376	Zbtb14	10090
Q08378	GOLGA3	9606
Q08379	GOLGA2	9606
Q08380	LGALS3BP	9606
Q08397	LOXL1	9606
Q08423	Tff1	10090
Q08426	EHHADH	9606
Q08431	MFGE8	9606
Q08460	Kcnma1	10090
Q08462	ADCY2	9606
Q08477	CYP4F3	9606
Q08481	Pecam1	10090
Q08493	PDE4C	9606
Q08495	DMTN	9606
Q08499	PDE4D	9606
Q08501	Prlr	10090
Q08509	Eps8	10090
Q08535	Sct	10090
Q08554	DSC1	9606
Q08623	PUDP	9606
Q08624	Hoxc4	10090
Q08629	SPOCK1	9606
Q08639	Tfdp1	10090
Q08642	Padi2	10090
Q08648	SPAG11B	9606
Q08652	Rbp2	10090
Q08708	CD300C	9606
Q08722	CD47	9606
Q08731	Reg2	10090
Q08752	PPID	9606
Q08761	Pros1	10090
Q08775	Runx2	10090
Q08828	ADCY1	9606
Q08830	FGL1	9606
Q08857	Cd36	10090
Q08874	Mitf	10090
Q08879	Fbln1	10090
Q08881	ITK	9606
Q08890	Ids	10090
Q08943	Ssrp1	10090
Q08945	SSRP1	9606
Q08999	RBL2	9606
Q08AD1	CAMSAP2	9606
Q08AE8	SPIRE1	9606
Q08AF3	SLFN5	9606
Q08AG5	ZNF844	9606
Q08AG7	MZT1	9606
Q08AH1	ACSM1	9606
Q08AH3	ACSM2A	9606
Q08AI6	SLC38A11	9606
Q08AI8	MAB21L4	9606
Q08AM6	VAC14	9606
Q08AN1	ZNF616	9606
Q08AT1	Rasl12	10090
Q08AU7	Myadml2	10090
Q08E93	FAM27E3	9606
Q08EA8	Tmem213	10090
Q08EC4	Cass4	10090
Q08ED0	Bcl2l15	10090
Q08EJ0	Plac8l1	10090
Q08EN7	Zcwpw2	10090
Q08ER8	ZNF543	9606
Q08ET2	SIGLEC14	9606
Q08J23	NSUN2	9606
Q09013	DMPK	9606
Q09014	Ncf1	10090
Q09019	DMWD	9606
Q09028	RBBP4	9606
Q09098	Pate4	10090
Q09143	Slc7a1	10090
Q09161	NCBP1	9606
Q09163	Dlk1	10090
Q09199	B4galnt2	10090
Q09200	B4galnt1	10090
Q09324	Gcnt1	10090
Q09327	MGAT3	9606
Q09328	MGAT5	9606
Q09428	ABCC8	9606
Q09470	KCNA1	9606
Q09472	EP300	9606
Q09666	AHNAK	9606
Q09FC8	ZNF415	9606
Q09LZ8	Agbl4	10090
Q09M02	Agbl5	10090
Q09M05	Agbl1	10090
Q09MP3	RAD51AP2	9606
Q09PK2	Asprv1	10090
Q09TK7	Spink11	10090
Q09TK9	Spink8	10090
Q09XV5	Chd8	10090
Q0D2H9	GOLGA8DP	9606
Q0D2I5	IFFO1	9606
Q0D2J5	ZNF763	9606
Q0D2K0	NIPAL4	9606
Q0D2K2	KLHL30	9606
Q0D2K3	RIPPLY1	9606
Q0D2K5	EGFEM1P	9606
Q0EEE2	Ptchd3	10090
Q0GA42	Cnnm1	10090
Q0GE19	SLC10A7	9606
Q0GGX2	Znf541	10090
Q0GKD5	Nlrp1b	10090
Q0GNC1	Inf2	10090
Q0GUM3	Gm12250	10090
Q0HA38	Ttc21b	10090
Q0II04	Nebl	10090
Q0IIM8	TBC1D8B	9606
Q0IIN9	ZNF252P-AS1	9606
Q0JRZ9	FCHO2	9606
Q0KK55	Kndc1	10090
Q0KK56	Fam184b	10090
Q0KK59	Unc79	10090
Q0KL01	Ubxn2b	10090
Q0KL02	Trio	10090
Q0MW30	Neurl1b	10090
Q0P523	Cib3	10090
Q0P543	Gipr	10090
Q0P557	Spata18	10090
Q0P5N6	ARL16	9606
Q0P5P2	C17orf67	9606
Q0P5V2	Sobp	10090
Q0P5V9	Slc45a4	10090
Q0P5W1	Vps8	10090
Q0P5X1	Lrriq1	10090
Q0P5X5	Zbbx	10090
Q0P5Y3	Tppp2	10090
Q0P641	C2orf80	9606
Q0P651	ABHD18	9606
Q0P670	SPEM2	9606
Q0P678	Zc3h18	10090
Q0P6D2	DIPK1C	9606
Q0P6D6	CCDC15	9606
Q0P6H9	TMEM62	9606
Q0PD08	Rab42	10090
Q0PHV7	Dact3	10090
Q0PMG2	Mdga1	10090
Q0PNE2	ELP6	9606
Q0Q236	Bsph2	10090
Q0QWG9	Grid2ip	10090
Q0V8T7	Cntnap5c	10090
Q0V8T8	Cntnap5b	10090
Q0V8T9	Cntnap5a	10090
Q0VAA2	LRRC74A	9606
Q0VAA5	PLCXD2	9606
Q0VAF6	SYCN	9606
Q0VAK6	LMOD3	9606
Q0VAM2	RASGEF1B	9606
Q0VAQ4	SMAGP	9606
Q0VAV2	Exph5	10090
Q0VAW7	Znf112	10090
Q0VAX3	Fads2b	10090
Q0VAX9	Or7e178	10090
Q0VAY3	Fam187b	10090
Q0VB07	Pglyrp4	10090
Q0VB26	Tex26	10090
Q0VBB0	Prelid2	10090
Q0VBD0	Itgb8	10090
Q0VBD2	Mcm10	10090
Q0VBF2	Tmem52b	10090
Q0VBF8	Stum	10090
Q0VBK2	Krt80	10090
Q0VBL1	Tigd2	10090
Q0VBL3	Rbm15	10090
Q0VBL6	Hif3a	10090
Q0VBM2	Fam83b	10090
Q0VBN2	Dsel	10090
Q0VBP7	Shisal1	10090
Q0VBU9	Plpp4	10090
Q0VBV7	Cep126	10090
Q0VD83	APOBR	9606
Q0VD86	INCA1	9606
Q0VDD5	MIR22HG	9606
Q0VDD7	BRME1	9606
Q0VDD8	DNAH14	9606
Q0VDE8	ADIG	9606
Q0VDF9	HSPA14	9606
Q0VDG4	SCRN3	9606
Q0VDI3	TMEM267	9606
Q0VDN7	Rundc1	10090
Q0VDQ9	Fezf1	10090
Q0VDT2	Znf367	10090
Q0VDU3	Gpr15	10090
Q0VE29	Samd12	10090
Q0VE82	Cpne7	10090
Q0VEE6	Znf800	10090
Q0VEJ0	Cep76	10090
Q0VET5	Lmntd2	10090
Q0VF22	Ccdc138	10090
Q0VF49	KIAA2012	9606
Q0VF58	Col19a1	10090
Q0VF94	Nkpd1	10090
Q0VF96	CGNL1	9606
Q0VFX2	Cfap157	10090
Q0VFZ6	CFAP210	9606
Q0VG06	FAAP100	9606
Q0VG18	Smim24	10090
Q0VG62	Rbis	10090
Q0VG73	RDUR	9606
Q0VG85	Ccdc162	10090
Q0VG99	MESP2	9606
Q0VGB7	Ppp4r2	10090
Q0VGE8	ZNF816	9606
Q0VGL1	LAMTOR4	9606
Q0VGM9	Rtel1	10090
Q0VGT2	Gli2	10090
Q0VGT4	Zgrf1	10090
Q0VGU4	Vgf	10090
Q0VGY8	Tanc1	10090
Q0WX57	USP17L24; USP17L25; USP17L26; USP17L27; USP17L28; USP17L29; USP17L30	9606
Q0Z7S8	FABP9	9606
Q0ZCJ7	Mamstr	10090
Q0ZGT2	NEXN	9606
Q0ZLH2	Pjvk	10090
Q0ZLH3	PJVK	9606
Q0ZUP1	Klrb1	10090
Q10469	MGAT2	9606
Q10470	Mgat3	10090
Q10471	GALNT2	9606
Q10472	GALNT1	9606
Q10567	AP1B1	9606
Q10570	CPSF1	9606
Q10571	MN1	9606
Q10586	DBP	9606
Q10587	TEF	9606
Q10588	BST1	9606
Q10589	BST2	9606
Q10713	PMPCA	9606
Q10738	Mmp7	10090
Q107X0	KLKP1	9606
Q10981	FUT2	9606
Q11011	Npepps	10090
Q11127	Fut4	10090
Q11128	FUT5	9606
Q11130	FUT7	9606
Q11131	Fut7	10090
Q11136	Pepd	10090
Q11201	ST3GAL1	9606
Q11203	ST3GAL3	9606
Q11204	St3gal2	10090
Q11206	ST3GAL4	9606
Q12756	KIF1A	9606
Q12765	SCRN1	9606
Q12766	HMGXB3	9606
Q12767	TMEM94	9606
Q12768	WASHC5	9606
Q12769	NUP160	9606
Q12770	SCAP	9606
Q12772	SREBF2	9606
Q12774	ARHGEF5	9606
Q12778	FOXO1	9606
Q12788	TBL3	9606
Q12789	GTF3C1	9606
Q12791	KCNMA1	9606
Q12792	TWF1	9606
Q12794	HYAL1	9606
Q12796	PNRC1	9606
Q12797	ASPH	9606
Q12798	CETN1	9606
Q12800	TFCP2	9606
Q12802	AKAP13	9606
Q12805	EFEMP1	9606
Q12809	KCNH2	9606
Q12815	TROAP	9606
Q12816	TRO	9606
Q12824	SMARCB1	9606
Q12829	RAB40B	9606
Q12830	BPTF	9606
Q12834	CDC20	9606
Q12836	ZP4	9606
Q12837	POU4F2	9606
Q12840	KIF5A	9606
Q12841	FSTL1	9606
Q12846	STX4	9606
Q12849	GRSF1	9606
Q12851	MAP4K2	9606
Q12852	MAP3K12	9606
Q12857	NFIA	9606
Q12860	CNTN1	9606
Q12864	CDH17	9606
Q12866	MERTK	9606
Q12870	TCF15	9606
Q12872	SFSWAP	9606
Q12873	CHD3	9606
Q12874	SF3A3	9606
Q12879	GRIN2A	9606
Q12882	DPYD	9606
Q12884	FAP	9606
Q12887	COX10	9606
Q12888	TP53BP1	9606
Q12889	OVGP1	9606
Q12891	HYAL2	9606
Q12893	TMEM115	9606
Q12894	IFRD2	9606
Q12899	TRIM26	9606
Q12901	ZNF155	9606
Q12904	AIMP1	9606
Q12905	ILF2	9606
Q12906	ILF3	9606
Q12907	LMAN2	9606
Q12908	SLC10A2	9606
Q12912	IRAG2	9606
Q12913	PTPRJ	9606
Q12918	KLRB1	9606
Q12923	PTPN13	9606
Q12926	ELAVL2	9606
Q12929	EPS8	9606
Q12931	TRAP1	9606
Q12933	TRAF2	9606
Q12934	BFSP1	9606
Q12946	FOXF1	9606
Q12947	FOXF2	9606
Q12948	FOXC1	9606
Q12950	FOXD4	9606
Q12951	FOXI1	9606
Q12952	FOXL1	9606
Q12955	ANK3	9606
Q12959	DLG1	9606
Q12962	TAF10	9606
Q12965	MYO1E	9606
Q12967	RALGDS	9606
Q12968	NFATC3	9606
Q12972	PPP1R8	9606
Q12974	PTP4A2	9606
Q12979	ABR	9606
Q12980	NPRL3	9606
Q12981	BNIP1	9606
Q12982	BNIP2	9606
Q12983	BNIP3	9606
Q12986	NFX1	9606
Q12988	HSPB3	9606
Q12996	CSTF3	9606
Q12999	TSPAN31	9606
Q13002	GRIK2	9606
Q13003	GRIK3	9606
Q13007	IL24	9606
Q13009	TIAM1	9606
Q13011	ECH1	9606
Q13015	MLLT11	9606
Q13017	ARHGAP5	9606
Q13018	PLA2R1	9606
Q13021	MALL	9606
Q13023	AKAP6	9606
Q13029	PRDM2	9606
Q13033	STRN3	9606
Q13042	CDC16	9606
Q13043	STK4	9606
Q13045	FLII	9606
Q13046	PSG7	9606
Q13049	TRIM32	9606
Q13057	COASY	9606
Q13061	TRDN	9606
Q13064	MKRN3	9606
Q13066	GAGE2B; GAGE2C	9606
Q13069	GAGE5	9606
Q13070	GAGE6	9606
Q13072	BAGE	9606
Q13075	NAIP	9606
Q13077	TRAF1	9606
Q13084	MRPL28	9606
Q13085	ACACA	9606
Q13087	PDIA2	9606
Q13093	PLA2G7	9606
Q13094	LCP2	9606
Q13098	GPS1	9606
Q13099	IFT88	9606
Q13103	SPP2	9606
Q13105	ZBTB17	9606
Q13106	ZNF154	9606
Q13107	USP4	9606
Q13111	CHAF1A	9606
Q13112	CHAF1B	9606
Q13113	PDZK1IP1	9606
Q13114	TRAF3	9606
Q13115	DUSP4	9606
Q13117	DAZ2	9606
Q13118	KLF10	9606
Q13123	IK	9606
Q13126	MTAP	9606
Q13127	REST	9606
Q13129	RLF	9606
Q13131	PRKAA1	9606
Q13133	NR1H3	9606
Q13136	PPFIA1	9606
Q13137	CALCOCO2	9606
Q13144	EIF2B5	9606
Q13145	BAMBI	9606
Q13148	TARDBP	9606
Q13151	HNRNPA0	9606
Q13153	PAK1	9606
Q13155	AIMP2	9606
Q13156	RPA4	9606
Q13158	FADD	9606
Q13162	PRDX4	9606
Q13163	MAP2K5	9606
Q13164	MAPK7	9606
Q13166	CATR1	9606
Q13177	PAK2	9606
Q13183	SLC13A2	9606
Q13185	CBX3	9606
Q13188	STK3	9606
Q13190	STX5	9606
Q13191	CBLB	9606
Q13200	PSMD2	9606
Q13201	MMRN1	9606
Q13202	DUSP8	9606
Q13203	MYBPH	9606
Q13206	DDX10	9606
Q13207	TBX2	9606
Q13214	SEMA3B	9606
Q13216	ERCC8	9606
Q13217	DNAJC3	9606
Q13219	PAPPA	9606
Q13224	GRIN2B	9606
Q13227	GPS2	9606
Q13228	SELENBP1	9606
Q13231	CHIT1	9606
Q13232	NME3	9606
Q13233	MAP3K1	9606
Q13237	PRKG2	9606
Q13239	SLA	9606
Q13241	KLRD1	9606
Q13242	SRSF9	9606
Q13243	SRSF5	9606
Q13247	SRSF6	9606
Q13253	NOG	9606
Q13255	GRM1	9606
Q13257	MAD2L1	9606
Q13258	PTGDR	9606
Q13261	IL15RA	9606
Q13263	TRIM28	9606
Q13268	DHRS2	9606
Q13275	SEMA3F	9606
Q13277	STX3	9606
Q13278	RIG	9606
Q13283	G3BP1	9606
Q13285	NR5A1	9606
Q13286	CLN3	9606
Q13287	NMI	9606
Q13291	SLAMF1	9606
Q13296	SCGB2A2	9606
Q13303	KCNAB2	9606
Q13304	GPR17	9606
Q13308	PTK7	9606
Q13309	SKP2	9606
Q13310	PABPC4	9606
Q13315	ATM	9606
Q13316	DMP1	9606
Q13319	CDK5R2	9606
Q13322	GRB10	9606
Q13323	BIK	9606
Q13324	CRHR2	9606
Q13325	IFIT5	9606
Q13326	SGCG	9606
Q13330	MTA1	9606
Q13332	PTPRS	9606
Q13336	SLC14A1	9606
Q13342	SP140	9606
Q13347	EIF3I	9606
Q13349	ITGAD	9606
Q13351	KLF1	9606
Q13352	ITGB3BP	9606
Q13356	PPIL2	9606
Q13360	ZNF177	9606
Q13361	MFAP5	9606
Q13362	PPP2R5C	9606
Q13363	CTBP1	9606
Q13367	AP3B2	9606
Q13368	MPP3	9606
Q13370	PDE3B	9606
Q13371	PDCL	9606
Q13387	MAPK8IP2	9606
Q13393	PLD1	9606
Q13394	MAB21L1	9606
Q13395	TARBP1	9606
Q13398	ZNF211	9606
Q13401	PMS2P3	9606
Q13402	MYO7A	9606
Q13404	UBE2V1	9606
Q13405	MRPL49	9606
Q13409	DYNC1I2	9606
Q13410	BTN1A1	9606
Q13415	ORC1	9606
Q13416	ORC2	9606
Q13418	ILK	9606
Q13421	MSLN	9606
Q13422	IKZF1	9606
Q13423	NNT	9606
Q13424	SNTA1	9606
Q13425	SNTB2	9606
Q13426	XRCC4	9606
Q13427	PPIG	9606
Q13428	TCOF1	9606
Q13432	UNC119	9606
Q13433	SLC39A6	9606
Q13434	MKRN4P	9606
Q13435	SF3B2	9606
Q13438	OS9	9606
Q13439	GOLGA4	9606
Q13442	PDAP1	9606
Q13443	ADAM9	9606
Q13444	ADAM15	9606
Q13445	TMED1	9606
Q13449	LSAMP	9606
Q13451	FKBP5	9606
Q13454	TUSC3	9606
Q13459	MYO9B	9606
Q13461	FOXE3	9606
Q13464	ROCK1	9606
Q13467	FZD5	9606
Q13469	NFATC2	9606
Q13470	TNK1	9606
Q13472	TOP3A	9606
Q13474	DRP2	9606
Q13477	MADCAM1	9606
Q13478	IL18R1	9606
Q13480	GAB1	9606
Q13485	SMAD4	9606
Q13487	SNAPC2	9606
Q13488	TCIRG1	9606
Q13489	BIRC3	9606
Q13490	BIRC2	9606
Q13491	GPM6B	9606
Q13492	PICALM	9606
Q13495	MAMLD1	9606
Q13496	MTM1	9606
Q13501	SQSTM1	9606
Q13503	MED21	9606
Q13505	MTX1	9606
Q13506	NAB1	9606
Q13507	TRPC3	9606
Q13508	ART3	9606
Q13509	TUBB3	9606
Q13510	ASAH1	9606
Q13515	BFSP2	9606
Q13516	OLIG2	9606
Q13519	PNOC	9606
Q13520	AQP6	9606
Q13522	PPP1R1A	9606
Q13523	PRP4K	9606
Q13526	PIN1	9606
Q13530	SERINC3	9606
Q13535	ATR	9606
Q13536	MIR9-1HG	9606
Q13541	EIF4EBP1	9606
Q13542	EIF4EBP2	9606
Q13546	RIPK1	9606
Q13547	HDAC1	9606
Q13554	CAMK2B	9606
Q13555	CAMK2G	9606
Q13557	CAMK2D	9606
Q13561	DCTN2	9606
Q13562	NEUROD1	9606
Q13563	PKD2	9606
Q13564	NAE1	9606
Q13568	IRF5	9606
Q13569	TDG	9606
Q13571	LAPTM5	9606
Q13572	ITPK1	9606
Q13573	SNW1	9606
Q13574	DGKZ	9606
Q13576	IQGAP2	9606
Q13585	GPR50	9606
Q13586	STIM1	9606
Q13588	GRAP	9606
Q13591	SEMA5A	9606
Q13595	TRA2A	9606
Q13596	SNX1	9606
Q13601	KRR1	9606
Q13606	OR5I1	9606
Q13607	OR2F1	9606
Q13608	PEX6	9606
Q13609	DNASE1L3	9606
Q13610	PWP1	9606
Q13613	MTMR1	9606
Q13614	MTMR2	9606
Q13615	MTMR3	9606
Q13616	CUL1	9606
Q13617	CUL2	9606
Q13618	CUL3	9606
Q13619	CUL4A	9606
Q13620	CUL4B	9606
Q13621	SLC12A1	9606
Q13625	TP53BP2	9606
Q13627	DYRK1A	9606
Q13630	GFUS	9606
Q13634	CDH18	9606
Q13635	PTCH1	9606
Q13636	RAB31	9606
Q13637	RAB32	9606
Q13639	HTR4	9606
Q13641	TPBG	9606
Q13642	FHL1	9606
Q13643	FHL3	9606
Q13651	IL10RA	9606
Q13670	PMS2P11	9606
Q13671	RIN1	9606
Q13683	ITGA7	9606
Q13685	AAMP	9606
Q13686	ALKBH1	9606
Q13698	CACNA1S	9606
Q13702	RAPSN	9606
Q13705	ACVR2B	9606
Q13724	MOGS	9606
Q13733	ATP1A4	9606
Q13740	ALCAM	9606
Q13751	LAMB3	9606
Q13753	LAMC2	9606
Q13761	RUNX3	9606
Q13765	NACA	9606
Q13769	THOC5	9606
Q13772	NCOA4	9606
Q13790	APOF	9606
Q13794	PMAIP1	9606
Q13795	ARFRP1	9606
Q13796	SHROOM2	9606
Q13797	ITGA9	9606
Q13813	SPTAN1	9606
Q13822	ENPP2	9606
Q13823	GNL2	9606
Q13825	AUH	9606
Q13829	TNFAIP1	9606
Q13835	PKP1	9606
Q13838	DDX39B	9606
Q13867	BLMH	9606
Q13868	EXOSC2	9606
Q13873	BMPR2	9606
Q13875	MOBP	9606
Q13882	PTK6	9606
Q13884	SNTB1	9606
Q13885	TUBB2A	9606
Q13886	KLF9	9606
Q13887	KLF5	9606
Q13888	GTF2H2	9606
Q13889	GTF2H3	9606
Q13895	BYSL	9606
Q13901	C1D	9606
Q13905	RAPGEF1	9606
Q13907	IDI1	9606
Q13936	CACNA1C	9606
Q13938	CAPS	9606
Q13939	CCIN	9606
Q13946	PDE7A	9606
Q13948	CUX1	9606
Q13950	RUNX2	9606
Q13951	CBFB	9606
Q13952	NFYC	9606
Q13956	PDE6H	9606
Q13972	RASGRF1	9606
Q13976	PRKG1	9606
Q14002	CEACAM7	9606
Q14003	KCNC3	9606
Q14004	CDK13	9606
Q14005	IL16	9606
Q14008	CKAP5	9606
Q14011	CIRBP	9606
Q14012	CAMK1	9606
Q14019	COTL1	9606
Q14028	CNGB1	9606
Q14031	COL4A6	9606
Q14032	BAAT	9606
Q14050	COL9A3	9606
Q14055	COL9A2	9606
Q14061	COX17	9606
Q14088	RAB33A	9606
Q14093	CYLC2	9606
Q14094	CCNI	9606
Q14103	HNRNPD	9606
Q14106	TOB2	9606
Q14108	SCARB2	9606
Q14112	NID2	9606
Q14114	LRP8	9606
Q14116	IL18	9606
Q14117	DPYS	9606
Q14118	DAG1	9606
Q14119	VEZF1	9606
Q14123	PDE1C	9606
Q14126	DSG2	9606
Q14129	DGCR6	9606
Q14134	TRIM29	9606
Q14135	VGLL4	9606
Q14137	BOP1	9606
Q14139	UBE4A	9606
Q14140	SERTAD2	9606
Q14141	SEPTIN6	9606
Q14142	TRIM14	9606
Q14145	KEAP1	9606
Q14146	URB2	9606
Q14147	DHX34	9606
Q14149	MORC3	9606
Q14151	SAFB2	9606
Q14152	EIF3A	9606
Q14153	FAM53B	9606
Q14154	DELE1	9606
Q14155	ARHGEF7	9606
Q14156	EFR3A	9606
Q14157	UBAP2L	9606
Q14159	SPIDR	9606
Q14160	SCRIB	9606
Q14161	GIT2	9606
Q14162	SCARF1	9606
Q14164	IKBKE	9606
Q14165	MLEC	9606
Q14166	TTLL12	9606
Q14168	MPP2	9606
Q14181	POLA2	9606
Q14183	DOC2A	9606
Q14184	DOC2B	9606
Q14185	DOCK1	9606
Q14186	TFDP1	9606
Q14188	TFDP2	9606
Q14190	SIM2	9606
Q14191	WRN	9606
Q14192	FHL2	9606
Q14194	CRMP1	9606
Q14195	DPYSL3	9606
Q14197	MRPL58	9606
Q14201	BTG3	9606
Q14202	ZMYM3	9606
Q14203	DCTN1	9606
Q14204	DYNC1H1	9606
Q14206	RCAN2	9606
Q14207	NPAT	9606
Q14209	E2F2	9606
Q14210	LY6D	9606
Q14213	EBI3	9606
Q14232	EIF2B1	9606
Q14236	DIAPH2-AS1	9606
Q14240	EIF4A2	9606
Q14241	ELOA	9606
Q14242	SELPLG	9606
Q14244	MAP7	9606
Q14246	ADGRE1	9606
Q14247	CTTN	9606
Q14249	ENDOG	9606
Q14254	FLOT2	9606
Q14257	RCN2	9606
Q14258	TRIM25	9606
Q14264	ERV3-1	9606
Q14289	PTK2B	9606
Q14296	FASTK	9606
Q14314	FGL2	9606
Q14315	FLNC	9606
Q14318	FKBP8	9606
Q14320	FAM50A	9606
Q14324	MYBPC2	9606
Q14330	GPR18	9606
Q14331	FRG1	9606
Q14332	FZD2	9606
Q14344	GNA13	9606
Q14353	GAMT	9606
Q14376	GALE	9606
Q14390	GGTLC2	9606
Q14392	LRRC32	9606
Q14393	GAS6	9606
Q14397	GCKR	9606
Q14406	CSHL1	9606
Q14409	GK3	9606
Q14410	GK2	9606
Q14416	GRM2	9606
Q14432	PDE3A	9606
Q14435	GALNT3	9606
Q14439	GPR176	9606
Q14442	PIGH	9606
Q14444	CAPRIN1	9606
Q14449	GRB14	9606
Q14451	GRB7	9606
Q14457	BECN1	9606
Q14469	HES1	9606
Q14493	SLBP	9606
Q14494	NFE2L1	9606
Q14498	RBM39	9606
Q14500	KCNJ12	9606
Q14507	EDDM3A	9606
Q14508	WFDC2	9606
Q14511	NEDD9	9606
Q14512	FGFBP1	9606
Q14515	SPARCL1	9606
Q14517	FAT1	9606
Q14520	HABP2	9606
Q14524	SCN5A	9606
Q14525	KRT33B	9606
Q14526	HIC1	9606
Q14527	HLTF	9606
Q14532	KRT32	9606
Q14533	KRT81	9606
Q14534	SQLE	9606
Q14541	HNF4G	9606
Q14542	SLC29A2	9606
Q14549	GBX1	9606
Q14554	PDIA5	9606
Q14558	PRPSAP1	9606
Q14562	DHX8	9606
Q14563	SEMA3A	9606
Q14565	DMC1	9606
Q14566	MCM6	9606
Q14568	HSP90AA2P	9606
Q14571	ITPR2	9606
Q14573	ITPR3	9606
Q14574	DSC3	9606
Q14576	ELAVL3	9606
Q14582	MXD4	9606
Q14584	ZNF266	9606
Q14585	ZNF345	9606
Q14586	ZNF267	9606
Q14587	ZNF268	9606
Q14588	ZNF234	9606
Q14590	ZNF235	9606
Q14592	ZNF460	9606
Q14593	ZNF273	9606
Q14596	NBR1	9606
Q14602	ID2B	9606
Q14623	IHH	9606
Q14624	ITIH4	9606
Q14626	IL11RA	9606
Q14627	IL13RA2	9606
Q14641	INSL4	9606
Q14642	INPP5A	9606
Q14643	ITPR1	9606
Q14644	RASA3	9606
Q14651	PLS1	9606
Q14653	IRF3	9606
Q14654	KCNJ11	9606
Q14656	TMEM187	9606
Q14657	LAGE3	9606
Q14667	BLTP2	9606
Q14669	TRIP12	9606
Q14671	PUM1	9606
Q14674	ESPL1	9606
Q14676	MDC1	9606
Q14677	CLINT1	9606
Q14678	KANK1	9606
Q14679	TTLL4	9606
Q14680	MELK	9606
Q14681	KCTD2	9606
Q14683	SMC1A	9606
Q14684	RRP1B	9606
Q14686	NCOA6	9606
Q14687	GSE1	9606
Q14689	DIP2A	9606
Q14690	PDCD11	9606
Q14691	GINS1	9606
Q14692	BMS1	9606
Q14693	LPIN1	9606
Q14694	USP10	9606
Q14695	KIAA0087	9606
Q14696	MESD	9606
Q14697	GANAB	9606
Q14699	RFTN1	9606
Q14703	MBTPS1	9606
Q14714	SSPN	9606
Q14721	KCNB1	9606
Q14722	KCNAB1	9606
Q14728	SLC75A1	9606
Q14738	PPP2R5D	9606
Q14739	LBR	9606
Q14746	COG2	9606
Q14749	GNMT	9606
Q14761	PTPRCAP	9606
Q14764	MVP	9606
Q14765	STAT4	9606
Q14766	LTBP1	9606
Q14767	LTBP2	9606
Q14773	ICAM4	9606
Q14774	HLX	9606
Q14781	CBX2	9606
Q14789	GOLGB1	9606
Q14790	CASP8	9606
Q147U1	ZNF846	9606
Q147U7	SMCO1	9606
Q147X3	NAA30	9606
Q14802	FXYD3	9606
Q14807	KIF22	9606
Q14814	MEF2D	9606
Q14831	GRM7	9606
Q14832	GRM3	9606
Q14833	GRM4	9606
Q14839	CHD4	9606
Q14847	LASP1	9606
Q14849	STARD3	9606
Q14863	POU6F1	9606
Q14865	ARID5B	9606
Q14872	MTF1	9606
Q14894	CRYM	9606
Q14896	MYBPC3	9606
Q148A4	Saxo4	10090
Q148B6	Spatc1	10090
Q148R9	Rgs9bp	10090
Q148V7	Relch	10090
Q148V8	Fam83h	10090
Q148W0	Atp8b1	10090
Q148W8	Styxl2	10090
Q14914	PTGR1	9606
Q14916	SLC17A1	9606
Q14919	DRAP1	9606
Q14929	ZNF169	9606
Q14934	NFATC4	9606
Q14938	NFIX	9606
Q14940	SLC9A5	9606
Q14943	KIR3DS1	9606
Q14952	KIR2DS3	9606
Q14953	KIR2DS5	9606
Q14954	KIR2DS1	9606
Q14956	GPNMB	9606
Q14957	GRIN2C	9606
Q14964	RAB39A	9606
Q14966	ZNF638	9606
Q14973	SLC10A1	9606
Q14974	KPNB1	9606
Q14978	NOLC1	9606
Q14980	NUMA1	9606
Q14982	OPCML	9606
Q14990	ODF1	9606
Q14993	COL19A1	9606
Q14994	NR1I3	9606
Q14995	NR1D2	9606
Q14997	PSME4	9606
Q14999	CUL7	9606
Q149B8	Perm1	10090
Q149C2	Traf3ip1	10090
Q149C3	Lingo4	10090
Q149F1	Rpusd2	10090
Q149F3	Gspt2	10090
Q149F5	Tmem71	10090
Q149L6	Dnajb14	10090
Q149L7	Crtam	10090
Q149M0	Clec12b	10090
Q149M9	NWD1	9606
Q149N8	SHPRH	9606
Q149R9	Lpar5	10090
Q149S1	Tekt4	10090
Q149T7	Ppm1j	10090
Q14A28	Prok1	10090
Q14AE4	Wfdc3	10090
Q14AI0	DSCC1	10090
Q14AI6	Rpusd3	10090
Q14AK4	Zdhhc11	10090
Q14AM7	Hapstr1	10090
Q14AT2	Tex11	10090
Q14AT5	Ano7	10090
Q14AW5	Nsun7	10090
Q14AX6	Cdk12	10090
Q14B02	Rnf133	10090
Q14B24	Prss57	10090
Q14B25	Prss48	10090
Q14B46	Rtkn2	10090
Q14B48	Itprid1	10090
Q14B62	ptchd1	10090
Q14B70	Hdx	10090
Q14B71	Cdca2	10090
Q14B80	Kcnc2	10090
Q14B98	Pheta2	10090
Q14BA6	Medag	10090
Q14BB9	Map6d1	10090
Q14BI2	Grm2	10090
Q14BI7	Tdrd9	10090
Q14BJ1	Fam89a	10090
Q14BK3	Tex35	10090
Q14BN4	SLMAP	9606
Q14BP6	Lrrc74b	10090
Q14BQ3	Ct55	10090
Q14BT6	A4gnt	10090
Q14BU0	Ucma	10090
Q14BV6	Ydjc	10090
Q14BX2	Prss55	10090
Q14C37	Lemd1	10090
Q14C51	Ptcd3	10090
Q14C59	Tmprss11b	10090
Q14C86	GAPVD1	9606
Q14C87	TMEM132D	9606
Q14CB8	ARHGAP19	9606
Q14CH0	Fam171b	10090
Q14CH1	Mocos	10090
Q14CH7	Aars2	10090
Q14CM0	FRMPD4	9606
Q14CN2	CLCA4	9606
Q14CN4	KRT72	9606
Q14CS0	UBXN2B	9606
Q14CW9	ATXN7L3	9606
Q14CX5	SLC68A1	9606
Q14CX7	NAA25	9606
Q14CZ0	HAPSTR1	9606
Q14CZ7	FASTKD3	9606
Q14CZ8	HEPACAM	9606
Q14D04	VEPH1	9606
Q14D33	RTP5	9606
Q14DG7	TMEM132B	9606
Q14DH7	Acss3	10090
Q14DK4	Gpat2	10090
Q14DK5	Hhipl1	10090
Q14DL0	Ubqlnl	10090
Q14DL3	Lrriq3	10090
Q14DN9	Ankdd1b	10090
Q14DQ1	Fam219b	10090
Q15003	NCAPH	9606
Q15004	PCLAF	9606
Q15005	SPCS2	9606
Q15006	EMC2	9606
Q15007	WTAP	9606
Q15008	PSMD6	9606
Q15011	HERPUD1	9606
Q15012	LAPTM4A	9606
Q15013	MAD2L1BP	9606
Q15014	MORF4L2	9606
Q15018	ABRAXAS2	9606
Q15019	SEPTIN2	9606
Q15020	SART3	9606
Q15021	NCAPD2	9606
Q15022	SUZ12	9606
Q15024	EXOSC7	9606
Q15025	TNIP1	9606
Q15027	ACAP1	9606
Q15029	EFTUD2	9606
Q15031	LARS2	9606
Q15032	R3HDM1	9606
Q15034	HERC3	9606
Q15035	TRAM2	9606
Q15036	SNX17	9606
Q15038	DAZAP2	9606
Q15040	JOSD1	9606
Q15041	ARL6IP1	9606
Q15042	RAB3GAP1	9606
Q15043	SLC39A14	9606
Q15046	KARS1	9606
Q15047	SETDB1	9606
Q15048	LRRC14	9606
Q15049	MLC1	9606
Q15050	RRS1	9606
Q15051	IQCB1	9606
Q15052	ARHGEF6	9606
Q15053	KIAA0040	9606
Q15054	POLD3	9606
Q15056	EIF4H	9606
Q15057	ACAP2	9606
Q15058	KIF14	9606
Q15059	BRD3	9606
Q15061	WDR43	9606
Q15063	POSTN	9606
Q15067	ACOX1	9606
Q15070	OXA1L	9606
Q15072	ZNF146	9606
Q15075	EEA1	9606
Q15077	P2RY6	9606
Q15078	CDK5R1	9606
Q15080	NCF4	9606
Q15084	PDIA6	9606
Q15102	PAFAH1B3	9606
Q15109	AGER	9606
Q15111	PLCL1	9606
Q15113	PCOLCE	9606
Q15116	PDCD1	9606
Q15118	PDK1	9606
Q15119	PDK2	9606
Q15120	PDK3	9606
Q15121	PEA15	9606
Q15124	PGM5	9606
Q15125	EBP	9606
Q15126	PMVK	9606
Q15131	CDK10	9606
Q15139	PRKD1	9606
Q15147	PLCB4	9606
Q15149	PLEC	9606
Q15154	PCM1	9606
Q15155	NOMO1	9606
Q15165	PON2	9606
Q15166	PON3	9606
Q15170	TCEAL1	9606
Q15172	PPP2R5A	9606
Q15173	PPP2R5B	9606
Q15181	PPA1	9606
Q15185	PTGES3	9606
Q15195	PLGLA	9606
Q15198	PDGFRL	9606
Q15208	STK38	9606
Q15223	NECTIN1	9606
Q15233	NONO	9606
Q15238	PSG5	9606
Q15256	PTPRR	9606
Q15257	PTPA	9606
Q15262	PTPRK	9606
Q15269	PWP2	9606
Q15270	NKX1-1	9606
Q15274	QPRT	9606
Q15276	RABEP1	9606
Q15283	RASA2	9606
Q15286	RAB35	9606
Q15287	RNPS1	9606
Q15291	RBBP5	9606
Q15293	RCN1	9606
Q15303	ERBB4	9606
Q15306	IRF4	9606
Q15311	RALBP1	9606
Q15319	POU4F3	9606
Q15323	KRT31	9606
Q15326	ZMYND11	9606
Q15327	ANKRD1	9606
Q15329	E2F5	9606
Q15334	LLGL1	9606
Q15345	LRRC41	9606
Q15349	RPS6KA2	9606
Q15361	TTF1	9606
Q15363	TMED2	9606
Q15365	PCBP1	9606
Q15366	PCBP2	9606
Q15369	ELOC	9606
Q15370	ELOB	9606
Q15375	EPHA7	9606
Q15382	RHEB	9606
Q15386	UBE3C	9606
Q15388	TOMM20	9606
Q15389	ANGPT1	9606
Q15390	MTFR1	9606
Q15391	P2RY14	9606
Q15392	DHCR24	9606
Q15393	SF3B3	9606
Q15397	PUM3	9606
Q15398	DLGAP5	9606
Q15399	TLR1	9606
Q15404	RSU1	9606
Q15406	NR6A1	9606
Q15413	RYR3	9606
Q15415	RBMY1F; RBMY1J	9606
Q15417	CNN3	9606
Q15418	RPS6KA1	9606
Q15424	SAFB	9606
Q15427	SF3B4	9606
Q15428	SF3A2	9606
Q15431	SYCP1	9606
Q15434	RBMS2	9606
Q15435	PPP1R7	9606
Q15436	SEC23A	9606
Q15437	SEC23B	9606
Q15438	CYTH1	9606
Q15459	SF3A1	9606
Q15464	SHB	9606
Q15465	SHH	9606
Q15466	NR0B2	9606
Q15468	STIL	9606
Q15475	SIX1	9606
Q15477	SKIC2	9606
Q15485	FCN2	9606
Q15486	GUSBP1	9606
Q15493	RGN	9606
Q15506	SPA17	9606
Q15517	CDSN	9606
Q15526	SURF1	9606
Q15527	SURF2	9606
Q15528	MED22	9606
Q15532	SS18	9606
Q15542	TAF5	9606
Q15543	TAF13	9606
Q15544	TAF11	9606
Q15545	TAF7	9606
Q15546	MMD	9606
Q15554	TERF2	9606
Q15555	MAPRE2	9606
Q15560	TCEA2	9606
Q15561	TEAD4	9606
Q15562	TEAD2	9606
Q15569	TESK1	9606
Q15572	TAF1C	9606
Q15573	TAF1A	9606
Q15582	TGFBI	9606
Q15583	TGIF1	9606
Q15596	NCOA2	9606
Q15599	NHERF2	9606
Q155Q3	DIXDC1	9606
Q15612	OR1Q1	9606
Q15615	OR4D1	9606
Q15617	OR8G1	9606
Q15619	OR1C1	9606
Q15620	OR8B8	9606
Q15622	OR7A5	9606
Q15628	TRADD	9606
Q15629	TRAM1	9606
Q15631	TSN	9606
Q15633	TARBP2	9606
Q15637	SF1	9606
Q15642	TRIP10	9606
Q15643	TRIP11	9606
Q15645	TRIP13	9606
Q15646	OASL	9606
Q15648	MED1	9606
Q15649	ZNHIT3	9606
Q15650	TRIP4	9606
Q15651	HMGN3	9606
Q15652	JMJD1C	9606
Q15653	NFKBIB	9606
Q15654	TRIP6	9606
Q15661	TPSAB1	9606
Q15669	RHOH	9606
Q15672	TWIST1	9606
Q15678	PTPN14	9606
Q15691	MAPRE1	9606
Q15695	ZRSR2P1	9606
Q15696	ZRSR2	9606
Q15697	ZNF174	9606
Q15699	ALX1	9606
Q156A1	ATXN8	9606
Q15700	DLG2	9606
Q15714	TSC22D1	9606
Q15717	ELAVL1	9606
Q15722	LTB4R	9606
Q15723	ELF2	9606
Q15726	KISS1	9606
Q15735	INPP5J	9606
Q15738	NSDHL	9606
Q15742	NAB2	9606
Q15743	GPR68	9606
Q15744	CEBPE	9606
Q15746	MYLK	9606
Q15750	TAB1	9606
Q15751	HERC1	9606
Q15758	SLC1A5	9606
Q15759	MAPK11	9606
Q15760	GPR19	9606
Q15761	NPY5R	9606
Q15762	CD226	9606
Q15768	EFNB3	9606
Q15771	RAB30	9606
Q15772	SPEG	9606
Q15773	MLF2	9606
Q15776	ZKSCAN8	9606
Q15777	MPPED2	9606
Q15782	CHI3L2	9606
Q15784	NEUROD2	9606
Q15785	TOMM34	9606
Q15788	NCOA1	9606
Q15796	SMAD2	9606
Q15797	SMAD1	9606
Q15800	MSMO1	9606
Q15811	ITSN1	9606
Q15813	TBCE	9606
Q15814	TBCC	9606
Q15818	NPTX1	9606
Q15819	UBE2V2	9606
Q15822	CHRNA2	9606
Q15825	CHRNA6	9606
Q15828	CST6	9606
Q15831	STK11	9606
Q15833	STXBP2	9606
Q15834	CCDC85B	9606
Q15835	GRK1	9606
Q15836	VAMP3	9606
Q15842	KCNJ8	9606
Q15843	NEDD8	9606
Q15846	CLUL1	9606
Q15847	ADIRF	9606
Q15848	ADIPOQ	9606
Q15849	SLC14A2	9606
Q15853	USF2	9606
Q15858	SCN9A	9606
Q15878	CACNA1E	9606
Q15884	ENTREP1	9606
Q15904	ATP6AP1	9606
Q15906	VPS72	9606
Q15907	RAB11B	9606
Q15910	EZH2	9606
Q15911	ZFHX3	9606
Q15915	ZIC1	9606
Q15916	ZBTB6	9606
Q15928	ZNF141	9606
Q15935	ZNF77	9606
Q15937	ZNF79	9606
Q15940	ZNF726P1	9606
Q15942	ZYX	9606
Q15973	ZNF124	9606
Q16048	PMCHL1	9606
Q16082	HSPB2	9606
Q16099	GRIK4	9606
Q16134	ETFDH	9606
Q16143	SNCB	9606
Q16181	SEPTIN7	9606
Q16186	ADRM1	9606
Q16204	CCDC6	9606
Q16206	ENOX2	9606
Q16222	UAP1	9606
Q16236	NFE2L2	9606
Q16254	E2F4	9606
Q16270	IGFBP7	9606
Q16280	CNGA2	9606
Q16281	CNGA3	9606
Q16288	NTRK3	9606
Q16322	KCNA10	9606
Q16342	PDCD2	9606
Q16348	SLC15A2	9606
Q16352	INA	9606
Q16363	LAMA4	9606
Q16378	PRR4	9606
Q16384	SSX1	9606
Q16385	SSX2; SSX2B	9606
Q16394	EXT1	9606
Q16401	PSMD5	9606
Q16445	GABRA6	9606
Q16473	TNXA	9606
Q16478	GRIK5	9606
Q16512	PKN1	9606
Q16513	PKN2	9606
Q16514	TAF12	9606
Q16515	ASIC2	9606
Q16517	NNAT	9606
Q16518	RPE65	9606
Q16520	BATF	9606
Q16526	CRY1	9606
Q16527	CSRP2	9606
Q16531	DDB1	9606
Q16533	SNAPC1	9606
Q16534	HLF	9606
Q16537	PPP2R5E	9606
Q16538	GPR162	9606
Q16539	MAPK14	9606
Q16540	MRPL23	9606
Q16543	CDC37	9606
Q16548	BCL2A1	9606
Q16549	PCSK7	9606
Q16552	IL17A	9606
Q16553	LY6E	9606
Q16555	DPYSL2	9606
Q16557	PSG3	9606
Q16558	KCNMB1	9606
Q16559	TAL2	9606
Q16560	SNRNP35	9606
Q16563	SYPL1	9606
Q16566	CAMK4	9606
Q16568	CARTPT	9606
Q16570	ACKR1	9606
Q16572	SLC18A3	9606
Q16576	RBBP7	9606
Q16581	C3AR1	9606
Q16584	MAP3K11	9606
Q16585	SGCB	9606
Q16586	SGCA	9606
Q16587	ZNF74	9606
Q16589	CCNG2	9606
Q16594	TAF9	9606
Q16595	FXN	9606
Q16600	ZNF239	9606
Q16602	CALCRL	9606
Q16609	LPAL2	9606
Q16610	ECM1	9606
Q16611	BAK1	9606
Q16612	NREP	9606
Q16613	AANAT	9606
Q16617	NKG7	9606
Q16619	CTF1	9606
Q16620	NTRK2	9606
Q16621	NFE2	9606
Q16623	STX1A	9606
Q16625	OCLN	9606
Q16626	MEA1	9606
Q16627	CCL14	9606
Q16629	SRSF7	9606
Q16630	CPSF6	9606
Q16633	POU2AF1	9606
Q16635	TAFAZZIN	9606
Q16637	SMN1; SMN2	9606
Q16643	DBN1	9606
Q16644	MAPKAPK3	9606
Q16647	PTGIS	9606
Q16649	NFIL3	9606
Q16650	TBR1	9606
Q16651	PRSS8	9606
Q16653	MOG	9606
Q16654	PDK4	9606
Q16655	MLANA	9606
Q16656	NRF1	9606
Q16658	FSCN1	9606
Q16659	MAPK6	9606
Q16661	GUCA2B	9606
Q16663	CCL15	9606
Q16665	HIF1A	9606
Q16666	IFI16	9606
Q16667	CDKN3	9606
Q16670	ZSCAN26	9606
Q16671	AMHR2	9606
Q16674	MIA	9606
Q16676	FOXD1	9606
Q16678	CYP1B1	9606
Q16690	DUSP5	9606
Q16695	H3-4	9606
Q16696	CYP2A13	9606
Q16698	DECR1	9606
Q16706	MAN2A1	9606
Q16718	NDUFA5	9606
Q16719	KYNU	9606
Q16720	ATP2B3	9606
Q16739	UGCG	9606
Q16740	CLPP	9606
Q16760	DGKD	9606
Q16762	TST	9606
Q16763	UBE2S	9606
Q16769	QPCT	9606
Q16772	GSTA3	9606
Q16773	KYAT1	9606
Q16774	GUK1	9606
Q16775	HAGH	9606
Q16777	H2AC20	9606
Q16778	H2BC21	9606
Q16787	LAMA3	9606
Q16790	CA9	9606
Q16795	NDUFA9	9606
Q16798	ME3	9606
Q16799	RTN1	9606
Q16816	PHKG1	9606
Q16819	MEP1A	9606
Q16820	MEP1B	9606
Q16821	PPP1R3A	9606
Q16822	PCK2	9606
Q16825	PTPN21	9606
Q16827	PTPRO	9606
Q16828	DUSP6	9606
Q16829	DUSP7	9606
Q16831	UPP1	9606
Q16832	DDR2	9606
Q16836	HADH	9606
Q16842	ST3GAL2	9606
Q16849	PTPRN	9606
Q16850	CYP51A1	9606
Q16851	UGP2	9606
Q16853	AOC3	9606
Q16854	DGUOK	9606
Q16864	ATP6V1F	9606
Q16873	LTC4S	9606
Q16875	PFKFB3	9606
Q16877	PFKFB4	9606
Q16878	CDO1	9606
Q16880	UGT8	9606
Q16881	TXNRD1	9606
Q16890	TPD52L1	9606
Q16891	IMMT	9606
Q17R31	TATDN3	9606
Q17R55	FAM187B	9606
Q17R60	IMPG1	9606
Q17R89	ARHGAP44	9606
Q17R98	ZNF827	9606
Q17RA5	EPCIP-AS1	9606
Q17RB0	RTL8B	9606
Q17RB8	LONRF1	9606
Q17RC7	EXOC3L4	9606
Q17RD7	SYT16	9606
Q17RF5	ODAPH	9606
Q17RG1	KCTD19	9606
Q17RH7	TPRXL	9606
Q17RM4	CCDC142	9606
Q17RN3	FAM98C	9606
Q17RP2	TIGD6	9606
Q17RQ9	NKPD1	9606
Q17RR3	PNLIPRP3	9606
Q17RS7	GEN1	9606
Q17RW2	COL24A1	9606
Q17RY0	CPEB4	9606
Q17RY6	LY6K	9606
Q17ST2	Kcna7	10090
Q18PE0	Dok7	10090
Q18PE1	DOK7	9606
Q18PI6	Cd84	10090
Q19A41	Klf14	10090
Q19AV6	ZSWIM7	9606
Q19LI2	A1bg	10090
Q19T08	ECSCR	9606
Q1A3B0	Cers3	10090
Q1A5X6	IQCJ	9606
Q1A5X7	WHAMMP3	9606
Q1AE95	TMEM183BP	9606
Q1ED39	KNOP1	9606
Q1EG27	Myo3b	10090
Q1EHB4	SLC5A12	9606
Q1EHW4	Sap25	10090
Q1ERP8	Cd300lg	10090
Q1H9T6	Zbtb48	10090
Q1HCM0	Fgfbp3	10090
Q1HFZ0	Nsun2	10090
Q1HG43	DUOXA1	9606
Q1HG44	DUOXA2	9606
Q1HKZ5	Map3k13	10090
Q1JRP2	Tmprss11c	10090
Q1KMD3	HNRNPUL2	9606
Q1L5Z9	LONRF2	9606
Q1L6U9	MSMP	9606
Q1LZI2	Slc35f3	10090
Q1MSJ5	CSPP1	9606
Q1MX18	INSC	9606
Q1PSW8	Trim71	10090
Q1RLK6	B3gnt4	10090
Q1RLL3	Cpne9	10090
Q1RMZ1	SAMTOR	9606
Q1RN00	NECTIN3-AS1	9606
Q1RNF8	Samd11	10090
Q1W209	ESRG	9606
Q1W4C9	SPINK13	9606
Q1W617	Shroom4	10090
Q1W6H9	FAM110C	9606
Q1WG82	Zglp1	10090
Q1X8D7	LRRC36	9606
Q1XH10	SKIDA1	9606
Q1XH17	Trim72	10090
Q1ZYL8	IZUMO4	9606
Q1ZZU3	SWI5	9606
Q24JP3	Fam178b	10090
Q24JP5	TMEM132A	9606
Q24JQ0	SLC35D4	9606
Q27J81	INF2	9606
Q283N4	Urad	10090
Q29980	MICB	9606
Q29983	MICA	9606
Q29RF7	PDS5A	9606
Q2EG98	Pkd1l3	10090
Q2EMV9	Parp14	10090
Q2EY15	Prtg	10090
Q2HJ10	Slc30a2	10090
Q2HXL6	Edem3	10090
Q2HXU8	CLEC12B	9606
Q2I0M4	LRRC26	9606
Q2I0M5	RSPO4	9606
Q2KHI9	Mcm9	10090
Q2KHK3	Lvrn	10090
Q2KHK6	Gsdmc2	10090
Q2KHM9	KIAA0753	9606
Q2KHN1	RNF151	9606
Q2KHR2	RFX7	9606
Q2KHR3	QSER1	9606
Q2KHT3	CLEC16A	9606
Q2KHT4	GSG1	9606
Q2KJY2	KIF26B	9606
Q2KN98	Specc1l	10090
Q2L4Q9	PRSS53	9606
Q2LA85	Treml2	10090
Q2LD37	BLTP1	9606
Q2LKU9	Nlrp1a	10090
Q2LKV2	Nlrp1b	10090
Q2LKV5	Nlrp1b	10090
Q2LKW6	Nlrp1b	10090
Q2M1K9	ZNF423	9606
Q2M1P5	KIF7	9606
Q2M1V0	ISX	9606
Q2M1Z3	ARHGAP31	9606
Q2M218	ZNF630	9606
Q2M238	RRN3P1	9606
Q2M243	CCDC27	9606
Q2M296	MTHFSD	9606
Q2M2D7	TBC1D28	9606
Q2M2E3	ODF4	9606
Q2M2E5	LINC03122	9606
Q2M2H8	MGAM2	9606
Q2M2I3	FAM83E	9606
Q2M2I5	KRT24	9606
Q2M2I8	AAK1	9606
Q2M2N2	Spopl	10090
Q2M2W7	C17orf58	9606
Q2M2Z5	KIZ	9606
Q2M329	CFAP184	9606
Q2M385	MPEG1	9606
Q2M389	WASHC4	9606
Q2M3A8	MRGPRG-AS1	9606
Q2M3C6	TMEM266	9606
Q2M3C7	SPHKAP	9606
Q2M3D2	EXOC3L2	9606
Q2M3G0	ABCB5	9606
Q2M3G4	SHROOM1	9606
Q2M3M2	SLC5A9	9606
Q2M3R5	SLC35G1	9606
Q2M3T9	HYAL4	9606
Q2M3V2	SOWAHA	9606
Q2M3W8	ZNF181	9606
Q2M3X8	Phactr1	10090
Q2M3X9	ZNF674	9606
Q2M5E4	RGS21	9606
Q2MH31	Spmip6	10090
Q2MHE5	Dok6	10090
Q2MHN3	Zfhx2	10090
Q2MJR0	SPRED3	9606
Q2MKA5	Chrna5	10090
Q2MKA7	RSPO1	9606
Q2MV57	Tctn2	10090
Q2MV58	TCTN1	9606
Q2NKH9	Glt6d1	10090
Q2NKI2	Vax1	10090
Q2NKJ3	CTC1	9606
Q2NKQ1	SGSM1	9606
Q2NKX8	ERCC6L	9606
Q2NKX9	C2orf68	9606
Q2NL51	Gsk3a	10090
Q2NL67	PARP6	9606
Q2NL68	PROSER3	9606
Q2NL82	TSR1	9606
Q2NL98	VMAC	9606
Q2PFD7	Psd3	10090
Q2PPJ7	RALGAPA2	9606
Q2PZI1	DPY19L1	9606
Q2PZL6	Fat4	10090
Q2Q1W2	TRIM71	9606
Q2Q5T5	Mymx	10090
Q2QD12	RPEL1	9606
Q2QGD7	ZXDC	9606
Q2QI47	Ush2A	10090
Q2QKR2	Fbxw7-as1	10090
Q2QL34	MPV17L	9606
Q2T9J0	TYSND1	9606
Q2T9K0	TMEM44	9606
Q2T9L4	INSYN1	9606
Q2TA51	Krtap5-5	10090
Q2TA57	Asphd1	10090
Q2TAA2	IAH1	9606
Q2TAA5	ALG11	9606
Q2TAA8	TSNAXIP1	9606
Q2TAC2	CCDC57	9606
Q2TAC6	KIF19	9606
Q2TAK8	PWWP3A	9606
Q2TAL5	SMTNL2	9606
Q2TAL6	VWC2	9606
Q2TAL8	QRICH1	9606
Q2TAM9	TUSC1	9606
Q2TAP0	GOLGA7B	9606
Q2TAY7	SMU1	9606
Q2TAZ0	ATG2A	9606
Q2TB02	Nfkbid	10090
Q2TB10	ZNF800	9606
Q2TB18	ASTE1	9606
Q2TB54	Fcamr	10090
Q2TB90	HKDC1	9606
Q2TBA0	KLHL40	9606
Q2TBA3	Malt1	10090
Q2TBC4	PRICKLE4	9606
Q2TBE0	CWF19L2	9606
Q2TBE6	Pi4k2a	10090
Q2TBF2	WSCD2	9606
Q2TJ95	Rspo3	10090
Q2TL60	Znf667	10090
Q2TPA8	Hsdl2	10090
Q2TUM3	Kcnrg	10090
Q2TV78	MST1L	9606
Q2TV84	Trpm1	10090
Q2UY09	COL28A1	9606
Q2UY11	Col28a1	10090
Q2V2M9	FHOD3	9606
Q2VIQ3	KIF4B	9606
Q2VIR3	EIF2S3B	9606
Q2VIS4	Flg2	10090
Q2VLH6	Cd163	10090
Q2VPA4	CR1L	9606
Q2VPA6	Helq	10090
Q2VPB7	AP5B1	9606
Q2VPD4	Bmal2	10090
Q2VPJ9	LRRC75B	9606
Q2VPK5	CTU2	9606
Q2VPQ9	Meaf6	10090
Q2VPU4	Mlxip	10090
Q2VWA4	SKOR2	9606
Q2VWP7	PRTG	9606
Q2VWQ2	Nell1	10090
Q2VY69	ZNF284	9606
Q2VYF4	LETM2	9606
Q2WEN9	CEACAM16	9606
Q2WF71	Lrfn1	10090
Q2WG76	Ripply2	10090
Q2WG77	Ripply1	10090
Q2WGJ6	KLHL38	9606
Q2WGJ8	CATSPERQ	9606
Q2WGJ9	FER1L6	9606
Q2WGN9	GAB4	9606
Q2XU92	Acsbg2	10090
Q2Y0W8	SLC4A8	9606
Q2YD98	UVSSA	9606
Q2YDW2	Msto1	10090
Q2YDW7	Kmt5a	10090
Q2YFS1	Pilrb2	10090
Q2YFS2	Pilrb	10090
Q2YFS3	Pilra	10090
Q30154	HLA-DRB5	9606
Q30201	HFE	9606
Q307W7	Kncn	10090
Q309B1	TRIM16L	9606
Q30D77	Col24a1	10090
Q30KM9	Defb43	10090
Q30KN3	Defb33	10090
Q30KN4	Defb30	10090
Q30KN8	Defb25	10090
Q30KP3	Defb20	10090
Q30KP5	Defb18	10090
Q30KP6	Defb41	10090
Q30KP8	DEFB136	9606
Q30KP9	DEFB135	9606
Q30KQ1	DEFB133	9606
Q30KQ4	DEFB116	9606
Q30KQ5	DEFB115	9606
Q30KQ6	DEFB114	9606
Q30KQ7	DEFB113	9606
Q30KQ8	DEFB112	9606
Q30KQ9	DEFB110	9606
Q30KR1	DEFB109B	9606
Q31125	Slc39a7	10090
Q32KG4	Rtl9	10090
Q32KI9	Arsi	10090
Q32LZ8	Pnpla5	10090
Q32M00	Crebl2	10090
Q32M02	Fscn2	10090
Q32M07	Ak8	10090
Q32M08	Dus4l	10090
Q32M21	Gsdma2	10090
Q32M45	ANO4	9606
Q32M78	ZNF699	9606
Q32M84	BTBD16	9606
Q32M88	PGGHG	9606
Q32M92	C15orf32	9606
Q32MD9	Cdon	10090
Q32MG2	Cby2	10090
Q32MH5	ATOSA	9606
Q32MK0	MYLK3	9606
Q32MQ0	ZNF750	9606
Q32MW3	Acot10	10090
Q32MZ4	LRRFIP1	9606
Q32NB8	PGS1	9606
Q32NC0	RMP24	9606
Q32NY4	Cnnm3	10090
Q32NZ6	Tmc5	10090
Q32P12	Hrob	10090
Q32P28	P3H1	9606
Q32P41	TRMT5	9606
Q32P44	EML3	9606
Q32P51	HNRNPA1L2	9606
Q32Q92	Acot6	10090
Q32ZL2	PLPPR5	9606
Q330K2	NDUFAF6	9606
Q33DR2	Pdss1	10090
Q33DR3	Pdss2	10090
Q33E94	RFX4	9606
Q38HM4	Trim63	10090
Q38SD2	LRRK1	9606
Q3B726	POLR1F	9606
Q3B7I2	CNPY1	9606
Q3B7J2	GFOD2	9606
Q3B7S5	SMIM21	9606
Q3B7T1	EDRF1	9606
Q3B7T3	BEAN1	9606
Q3B7Z2	Osbp	10090
Q3B807	Tcerg1l	10090
Q3B820	FAM161A	9606
Q3B8N2	LGALS9B	9606
Q3B8N5	PROX2	9606
Q3BBV0	NBPF1	9606
Q3BBV2	NBPF8	9606
Q3C1V0	MS4A18	9606
Q3C1V1	C11orf91	9606
Q3C1V8	BSX	9606
Q3HNM7	Insc	10090
Q3I5F7	ACOT6	9606
Q3I5G5	Foxi2	10090
Q3KNA1	Mrgprb2	10090
Q3KNI6	Dnaaf6	10090
Q3KNJ2	Nhej1	10090
Q3KNK3	Cyb5r2	10090
Q3KNM2	Marchf5	10090
Q3KNS1	PTCHD3	9606
Q3KNS6	ZNF829	9606
Q3KNT7	NSUN5P1	9606
Q3KNT9	TMEM95	9606
Q3KNV8	PCGF3	9606
Q3KNW1	SNAI3	9606
Q3KNW5	SLC10A6	9606
Q3KNY0	Igfn1	10090
Q3KNY5	Riiad1	10090
Q3KP22	MAJIN	9606
Q3KP31	ZNF791	9606
Q3KP44	ANKRD55	9606
Q3KP66	INAVA	9606
Q3KPI0	CEACAM21	9606
Q3KQJ0	Tmem69	10090
Q3KQP7	Spo16	10090
Q3KQU3	MAP7D1	9606
Q3KQV3	ZNF792	9606
Q3KQV9	UAP1L1	9606
Q3KQZ1	SLC25A35	9606
Q3KR16	PLEKHG6	9606
Q3KR37	GRAMD1B	9606
Q3KRA6	C2orf76	9606
Q3KRA9	ALKBH6	9606
Q3KRB8	ARHGAP11B	9606
Q3L180	Defa26	10090
Q3L8U1	CHD9	9606
Q3LAC4	Prex2	10090
Q3LHH8	Esp1	10090
Q3LHN0	KRTAP25-1	9606
Q3LHN1	KRTAP21-3	9606
Q3LHN2	KRTAP19-2	9606
Q3LI54	KRTAP19-8	9606
Q3LI58	KRTAP21-1	9606
Q3LI59	KRTAP21-2	9606
Q3LI60	KRTAP20-3	9606
Q3LI61	KRTAP20-2	9606
Q3LI62	KRTAP20-4	9606
Q3LI63	KRTAP20-1	9606
Q3LI64	KRTAP6-1	9606
Q3LI66	KRTAP6-2	9606
Q3LI67	KRTAP6-3	9606
Q3LI68	KRTAP22-2	9606
Q3LI70	KRTAP19-6	9606
Q3LI72	KRTAP19-5	9606
Q3LI73	KRTAP19-4	9606
Q3LI76	KRTAP15-1	9606
Q3LI77	KRTAP13-4	9606
Q3LI81	KRTAP27-1	9606
Q3LI83	KRTAP24-1	9606
Q3LIE5	ADPRM	9606
Q3LRV9	Treml4	10090
Q3LS21	Kcnk9	10090
Q3LXA3	TKFC	9606
Q3MHD2	LSM12	9606
Q3MI48	Jsrp1	10090
Q3MI99	Ccbe1	10090
Q3MII6	TBC1D25	9606
Q3MIN7	RGL3	9606
Q3MIP1	ITPRIPL2	9606
Q3MIR4	TMEM30B	9606
Q3MIS6	ZNF528	9606
Q3MIT2	PUS10	9606
Q3MIV0	KRTAP22-1	9606
Q3MIW9	MUCL3	9606
Q3MIX3	ADCK5	9606
Q3MJ13	WDR72	9606
Q3MJ16	PLA2G4E	9606
Q3MJ40	CCDC144BP	9606
Q3MJ62	ZSCAN23	9606
Q3MUY2	PIGY	9606
Q3SX64	CIMAP1D	9606
Q3SXB8	Colec11	10090
Q3SXC5	Arl14	10090
Q3SXD3	Hddc2	10090
Q3SXG2	Fpr-rs6	10090
Q3SXM0	DCAF4L1	9606
Q3SXM5	HSDL1	9606
Q3SXP7	SHISAL1	9606
Q3SXY7	LRIT3	9606
Q3SXY8	ARL13B	9606
Q3SXZ3	ZNF718	9606
Q3SXZ7	TTLL9	9606
Q3SY00	TSGA10IP	9606
Q3SY05	LINC00303	9606
Q3SY17	SLC25A52	9606
Q3SY46	KRTAP13-3	9606
Q3SY52	ZIK1	9606
Q3SY56	SP6	9606
Q3SY69	ALDH1L2	9606
Q3SY77	UGT3A2	9606
Q3SY84	KRT71	9606
Q3SYA9	POM121L1P	9606
Q3SYB3	FOXD4L6	9606
Q3SYC2	MOGAT2	9606
Q3SYF9	KRTAP19-7	9606
Q3SYG4	BBS9	9606
Q3SYK4	Vrtn	10090
Q3SYP2	Ctrc	10090
Q3T8J9	GON4L	9606
Q3T906	GNPTAB	9606
Q3T9E4	Tgtp2	10090
Q3T9M1	Mfsd2b	10090
Q3T9X0	Slc2a9	10090
Q3T9Z9	Zup1	10090
Q3TA38	Tmem120b	10090
Q3TA59	Jmjd8	10090
Q3TAA7	Stk11ip	10090
Q3TAE8	Alg6	10090
Q3TAP4	Ap5b1	10090
Q3TAS6	Emc10	10090
Q3TB48	SLC38A12	10090
Q3TB82	Plekhf1	10090
Q3TB92	Milr1	10090
Q3TBD2	Arhgap45	10090
Q3TBL6	Tnfaip8l3	10090
Q3TBN1	Tmem248	10090
Q3TBT3	Sting1	10090
Q3TBV4	Kcnk6	10090
Q3TBW2	Mrpl10	10090
Q3TC33	Ccdc127	10090
Q3TC46	Patl1	10090
Q3TC72	Fahd2a	10090
Q3TC93	Hs1bp3	10090
Q3TCH7	Cul4a	10090
Q3TCJ1	Abraxas2	10090
Q3TCJ8	Ccdc69	10090
Q3TCN2	Plbd2	10090
Q3TCT4	Entpd7	10090
Q3TCV3	Gsap	10090
Q3TCX3	Khdc4	10090
Q3TD16	Rubcnl	10090
Q3TD49	Sppl2b	10090
Q3TDD9	Ppp1r21	10090
Q3TDE8	Znf691	10090
Q3TDK6	Rogdi	10090
Q3TDN0	Disp1	10090
Q3TDN2	Faf2	10090
Q3TDQ1	Stt3b	10090
Q3TDX8	Cyb5r4	10090
Q3TEA8	Hp1bp3	10090
Q3TEL6	Rnf157	10090
Q3TES0	Iqsec3	10090
Q3TEW6	Mpzl1	10090
Q3TFD2	Lpcat1	10090
Q3TFK5	Gpatch4	10090
Q3TFQ1	Spryd7	10090
Q3TGF2	Fam107b	10090
Q3TGW2	Eepd1	10090
Q3TH73	Ttyh2	10090
Q3THE2	Myl12b	10090
Q3THF9	Coq10b	10090
Q3THG9	Aarsd1	10090
Q3THJ3	Eif1ad	10090
Q3THK3	Gtf2f1	10090
Q3THK7	Gmps	10090
Q3THS6	Mat2a	10090
Q3THW5	H2az2	10090
Q3TIR1	Trappc13	10090
Q3TIR3	Ric8a	10090
Q3TIT8	Slc37a3	10090
Q3TIU4	Pde12	10090
Q3TIV5	Zc3h15	10090
Q3TIW9	Enpp7	10090
Q3TIX9	Usp39	10090
Q3TJ91	Llgl2	10090
Q3TJD7	Pdlim7	10090
Q3TJM4	Cenpt	10090
Q3TJZ6	Fam98a	10090
Q3TKR3	Nlrp4c	10090
Q3TKT4	Smarca4	10090
Q3TKY6	Cwc27	10090
Q3TL26	Tfb2m	10090
Q3TL44	Nlrx1	10090
Q3TL54	Trim43a	10090
Q3TLD5	Uri1	10090
Q3TLH4	Prrc2c	10090
Q3TLI0	Trappc10	10090
Q3TLP5	Echdc2	10090
Q3TLR7	Dtl	10090
Q3TLS3	Gdpgp1	10090
Q3TMH2	Scrn3	10090
Q3TMP8	Tmem38a	10090
Q3TMQ6	Ang4	10090
Q3TMV7	Pyroxd1	10090
Q3TMW1	Ccdc102a	10090
Q3TMX7	Qsox2	10090
Q3TN34	Micall2	10090
Q3TNA1	Xylb	10090
Q3TNH5	Arb2a	10090
Q3TNL8	Itprip	10090
Q3TNU4	Gm3414	10090
Q3TNW5	Mucl3	10090
Q3TP92	Ctdnep1	10090
Q3TPE9	Ankmy2	10090
Q3TPJ7	Midn	10090
Q3TPR7	Tmem184c	10090
Q3TPX4	Exoc5	10090
Q3TQ03	Ciart	10090
Q3TQB2	Foxred1	10090
Q3TQF0	Fbxo31	10090
Q3TQQ9	Firrm	10090
Q3TQR0	Pgap2	10090
Q3TR08	Fndc4	10090
Q3TR54	Gsdmc4	10090
Q3TRJ4	Krt26	10090
Q3TRM4	Pnpla6	10090
Q3TRM8	Hk3	10090
Q3TRR0	Map9	10090
Q3TS39	Smim33	10090
Q3TSG4	Alkbh5	10090
Q3TT38	Ilrun	10090
Q3TT99	Gdpd4	10090
Q3TTA7	Cblb	10090
Q3TTC2	Yy2	10090
Q3TTE0	Adam5	10090
Q3TTI8	Tex52	10090
Q3TTP0	Shcbp1l	10090
Q3TTY0	Plb1	10090
Q3TTY5	Krt2	10090
Q3TUA9	Pomk	10090
Q3TUD9	Tmem18	10090
Q3TUF7	Yeats2	10090
Q3TUH1	Tamm41	10090
Q3TUL7	Dcaf17	10090
Q3TUU5	Tex30	10090
Q3TV65	Mpnd	10090
Q3TV70	Nr2c2ap	10090
Q3TVA9	Ccdc136	10090
Q3TVC7	Ccndbp1	10090
Q3TVI4	Hexim2	10090
Q3TVI8	Pbxip1	10090
Q3TVP5	Otulinl	10090
Q3TVW5	Tchp	10090
Q3TW96	Uap1l1	10090
Q3TWF6	Wdr70	10090
Q3TWI9	Tmem63b	10090
Q3TWL2	Pip4p1	10090
Q3TWN3	Cnnm2	10090
Q3TWW8	Srsf6	10090
Q3TX08	Trmt1	10090
Q3TX51	Lrrc28	10090
Q3TXS7	Psmd1	10090
Q3TXT3	Inip	10090
Q3TXU5	Dhps	10090
Q3TXX3	Zfyve27	10090
Q3TXX4	Slc17a7	10090
Q3TXZ1	Znf575	10090
Q3TY60	Fam131b	10090
Q3TY65	Ica1l	10090
Q3TY86	Aifm3	10090
Q3TY92	Mbd6	10090
Q3TYA6	Mphosph8	10090
Q3TYD4	Arsg	10090
Q3TYD6	Lmtk2	10090
Q3TYE7	Tlcd5	10090
Q3TYG6	Togaram2	10090
Q3TYL0	Iqank1	10090
Q3TYP4	Tmem278	10090
Q3TYQ9	Aox4	10090
Q3TYR5	Grxcr2	10090
Q3TYS2	Cybc1	10090
Q3TYU2	Atp13a5	10090
Q3TYV2	Hhla1	10090
Q3TYX2	Lrrn4cl	10090
Q3TYX3	Smyd5	10090
Q3TYX8	Rufy4	10090
Q3TZ65	Cimap1d	10090
Q3TZ87	Marchf9	10090
Q3TZ89	Sec31b	10090
Q3TZA2	Cdkl4	10090
Q3TZI6	Ccnj	10090
Q3TZM9	Alg11	10090
Q3TZW0	Ecscr	10090
Q3TZW7	Bex6	10090
Q3TZX3	Slc25a33	10090
Q3TZX8	Nol9	10090
Q3TZZ7	Esyt2	10090
Q3U034	Mettl4	10090
Q3U095	Nxpe2	10090
Q3U0B3	Dhrs11	10090
Q3U0D9	Hace1	10090
Q3U0I6	Erln	10090
Q3U0J8	Tbc1d2b	10090
Q3U0K8	Ogfod1	10090
Q3U0L2	Ankrd33b	10090
Q3U0M1	Trappc9	10090
Q3U0P1	Palb2	10090
Q3U0P5	Entpd6	10090
Q3U0S6	Rasip1	10090
Q3U0V1	Khsrp	10090
Q3U0V2	Tradd	10090
Q3U0X8	Cd96	10090
Q3U0Y2	Tmem35b	10090
Q3U108	Arid5a	10090
Q3U128	Apcdd1	10090
Q3U129	Qtgal	10090
Q3U132	Tespa1	10090
Q3U133	Znf746	10090
Q3U145	Tmem64	10090
Q3U155	Ccdc174	10090
Q3U182	Crtc2	10090
Q3U186	Rars2	10090
Q3U1C4	Secisbp2	10090
Q3U1C6	Tatdn3	10090
Q3U1D0	Lins1	10090
Q3U1D9	Cfap96	10090
Q3U1F9	Pag1	10090
Q3U1G5	Isg20l2	10090
Q3U1J0	Slc38a5	10090
Q3U1J1	Tfpt	10090
Q3U1J4	Ddb1	10090
Q3U1N2	Srebf2	10090
Q3U1T3	Brms1l	10090
Q3U1T9	Dennd1b	10090
Q3U1U7	Ahrr	10090
Q3U1V6	Uevld	10090
Q3U1V8	Map3k9	10090
Q3U1Y4	Dennd4b	10090
Q3U1Z5	Gpsm3	10090
Q3U213	Serac1	10090
Q3U214	Mast3	10090
Q3U269	Tstd2	10090
Q3U276	Sdhaf1	10090
Q3U284	Tmem231	10090
Q3U285	Lcorl	10090
Q3U288	Znf710	10090
Q3U2A8	Vars2	10090
Q3U2C5	Rnf149	10090
Q3U2E2	Zmym5	10090
Q3U2I3	Fhip1b	10090
Q3U2J5	Camkmt	10090
Q3U2K0	Fam193b	10090
Q3U2K5	Kdm4d	10090
Q3U2P1	Sec24a	10090
Q3U2S4	Otud5	10090
Q3U2S8	Hvcn1	10090
Q3U2U7	Mettl17	10090
Q3U2V3	Nudt18	10090
Q3U308	Ctu2	10090
Q3U319	Rnf40	10090
Q3U381	Znf692	10090
Q3U3C9	Gse1	10090
Q3U3D7	Tmem131l	10090
Q3U3E2	Fam117b	10090
Q3U3F9	Gpr160	10090
Q3U3I9	Znf865	10090
Q3U3N0	Mier2	10090
Q3U3N6	Tepsin	10090
Q3U3Q1	Ulk3	10090
Q3U3R4	Lmf1	10090
Q3U3S3	Cenpl	10090
Q3U3T8	Wdr62	10090
Q3U3V8	Xrra1	10090
Q3U3W5	Prmt9	10090
Q3U410	Klhl21	10090
Q3U435	Mmp25	10090
Q3U481	Mfsd12	10090
Q3U487	Hectd3	10090
Q3U492	Kcp	10090
Q3U497	Cd300lb	10090
Q3U4B4	Lipn	10090
Q3U4G0	Cdin1	10090
Q3U4G3	Xxylt1	10090
Q3U4H6	Hexd	10090
Q3U4I7	Pyroxd2	10090
Q3U4N7	Igflr1	10090
Q3U507	Gpr174	10090
Q3U515	Vwce	10090
Q3U564	Dcp1b	10090
Q3U5C7	Prickle1	10090
Q3U5C8	Arhgef16	10090
Q3U5F4	Yrdc	10090
Q3U5Q7	Cmpk2	10090
Q3U6B2	Gpr183	10090
Q3U6K5	Spata6	10090
Q3U6Q4	Pik3r6	10090
Q3U6U5	Gtpbp6	10090
Q3U7R1	Esyt1	10090
Q3U7U3	Fbxo7	10090
Q3U821	Wdr75	10090
Q3U827	Rnf180	10090
Q3U829	Ap5z1	10090
Q3U898	Cops9	10090
Q3U8K7	Kmt5b	10090
Q3U962	Col5a2	10090
Q3U9F6	Rnf166	10090
Q3U9G9	Lbr	10090
Q3U9N9	Slc16a10	10090
Q3UA06	Trip13	10090
Q3UA16	Spc25	10090
Q3UA37	Qrich1	10090
Q3UAW9	Brf2	10090
Q3UB74	Tbrg1	10090
Q3UBG2	Pid1	10090
Q3UBX0	Tmem109	10090
Q3UBZ5	Mif4gd	10090
Q3UC65	Rsrp1	10090
Q3UCQ1	Foxk2	10090
Q3UCV8	Otulin	10090
Q3UD01	Atxn7l3b	10090
Q3UD61	Mx1	10090
Q3UD82	Parp8	10090
Q3UDE2	Ttll12	10090
Q3UDF0	Slc2a6	10090
Q3UDK1	Trafd1	10090
Q3UDP0	Wdr41	10090
Q3UDR8	Yipf3	10090
Q3UDW8	Hgsnat	10090
Q3UE17	Mex3d	10090
Q3UE37	Ube2z	10090
Q3UEB3	Puf60	10090
Q3UEG6	Agxt2	10090
Q3UEI1	Pde4c	10090
Q3UEN2	Shld2	10090
Q3UES3	Tnks2	10090
Q3UEZ8	Slc10a4	10090
Q3UF25	Stimate	10090
Q3UF64	Rnft2	10090
Q3UFB2	Znhit6	10090
Q3UFB7	Ntrk1	10090
Q3UFD7	Ffar3	10090
Q3UFF7	Lyplal1	10090
Q3UFJ6	Tmem184a	10090
Q3UFK8	Frmd8	10090
Q3UFM5	Nom1	10090
Q3UFQ8	Carmil3	10090
Q3UFS0	Zyg11b	10090
Q3UFS4	Gpatch11	10090
Q3UFT3	Garem1	10090
Q3UFY0	Rrp36	10090
Q3UFY4	Rsph3a	10090
Q3UFY7	Nt5c3b	10090
Q3UFY8	Trmt10c	10090
Q3UG20	Kmt2e	10090
Q3UG50	Mrgprx2	10090
Q3UG61	Mrgprb1	10090
Q3UG98	Nat9	10090
Q3UGC7	Eif3j1	10090
Q3UGF1	Wdr19	10090
Q3UGM2	Nek10	10090
Q3UGP8	Alg10b	10090
Q3UGP9	Lrrc58	10090
Q3UGR5	Hdhd2	10090
Q3UGS4	Mcrip1	10090
Q3UGX3	Nat8l	10090
Q3UGY8	Arfgef3	10090
Q3UH06	Rreb1	10090
Q3UH53	Sdk1	10090
Q3UH60	Dip2b	10090
Q3UH66	Wnk2	10090
Q3UH68	Limch1	10090
Q3UH93	Plxnd1	10090
Q3UH99	Shisa6	10090
Q3UHA3	Spg11	10090
Q3UHB1	Nt5dc3	10090
Q3UHB8	Ccdc177	10090
Q3UHC0	Tnrc6c	10090
Q3UHC2	Lrrk1	10090
Q3UHC7	Dab2ip	10090
Q3UHD1	Adgrb1	10090
Q3UHD2	Gfod1	10090
Q3UHD3	Mtus2	10090
Q3UHD6	Snx27	10090
Q3UHD9	Agap2	10090
Q3UHE1	Pitpnm3	10090
Q3UHF3	Mier3	10090
Q3UHF7	Hivep2	10090
Q3UHG7	Dennd11	10090
Q3UHH1	Zswim8	10090
Q3UHH2	Slc22a23	10090
Q3UHH8	Gxylt1	10090
Q3UHI0	Ccser2	10090
Q3UHI4	Tmed8	10090
Q3UHJ0	Aak1	10090
Q3UHJ8	Rnf44	10090
Q3UHK1	Slc2a13	10090
Q3UHK3	Greb1	10090
Q3UHK6	Tenm4	10090
Q3UHK8	Tnrc6a	10090
Q3UHL1	Camkv	10090
Q3UHN9	Ndst1	10090
Q3UHQ6	Dop1b	10090
Q3UHR0	Bahcc1	10090
Q3UHU5	Mtcl1	10090
Q3UHV4	Trpc5os	10090
Q3UHX0	Nol8	10090
Q3UHX2	Pdap1	10090
Q3UHX8	Nkx6-3	10090
Q3UHX9	Spout1	10090
Q3UHZ5	Lmod2	10090
Q3UI43	Babam1	10090
Q3UI66	Ccdc34	10090
Q3UIA2	Arhgap17	10090
Q3UIJ9	Myzap	10090
Q3UIK4	Mettl14	10090
Q3UIL6	Plekha7	10090
Q3UIR3	Dtx3l	10090
Q3UIU2	Ndufb6	10090
Q3UIW5	Rnf10	10090
Q3UIW8	Rnf224	10090
Q3UIZ8	Mylk3	10090
Q3UJ81	Cnep1r1	10090
Q3UJB0	Sf3b2	10090
Q3UJB3	Lrrc14b	10090
Q3UJB9	Edc4	10090
Q3UJD6	Usp19	10090
Q3UJF0	Gpr55	10090
Q3UJK4	Gtpbp2	10090
Q3UJP5	Cfap418	10090
Q3UJU9	Rmdn3	10090
Q3UJV1	Ccdc61	10090
Q3UJZ3	Armc7	10090
Q3UK10	B9d2	10090
Q3UK37	Tedc1	10090
Q3UK78	Pcgf5	10090
Q3UKC1	Tax1bp1	10090
Q3UKJ7	Smu1	10090
Q3UKK2	Ceacam5	10090
Q3UKU1	Ell2	10090
Q3UKU4	Fam83f	10090
Q3UKY7	Prss38	10090
Q3UKZ7	Arl14epl	10090
Q3UL36	Arglu1	10090
Q3UL53	Crxos	10090
Q3UL97	Atf7ip2	10090
Q3ULA2	Btrc	10090
Q3ULB5	Pak6	10090
Q3ULD5	Mccc2	10090
Q3ULF4	Spg7	10090
Q3ULG3	Srarp	10090
Q3ULJ0	Gpd1l	10090
Q3ULM0	Ccdc106	10090
Q3ULM6	Uspl1	10090
Q3ULW6	Ccdc33	10090
Q3ULW8	Parp3	10090
Q3ULZ2	Fhdc1	10090
Q3UM18	Lsg1	10090
Q3UM29	Cog7	10090
Q3UM45	Ppp1r7	10090
Q3UM83	Klrg2	10090
Q3UM89	Foxr2	10090
Q3UMB5	Smcr8	10090
Q3UMB9	Washc4	10090
Q3UMC0	Afg2a	10090
Q3UME2	Slc35d4	10090
Q3UMF0	Cobll1	10090
Q3UMF9	Faxc	10090
Q3UMG5	Lrch2	10090
Q3UMM4	Cdk10	10090
Q3UMQ8	Naf1	10090
Q3UMR0	Ankrd27	10090
Q3UMR5	Mcu	10090
Q3UMT1	Ppp1r12c	10090
Q3UMU9	Hdgfl2	10090
Q3UMW7	Mapkapk3	10090
Q3UMW8	Cln5	10090
Q3UMY5	Eml4	10090
Q3UMZ3	Plpp5	10090
Q3UN02	Lclat1	10090
Q3UN04	Usp30	10090
Q3UN16	Gpr162	10090
Q3UN54	Pate14	10090
Q3UN58	Faap20	10090
Q3UN70	Myrfl	10090
Q3UN90	Lyrm9	10090
Q3UNA4	Nxt2	10090
Q3UNB8	Tmem253	10090
Q3UND0	Skap2	10090
Q3UNH4	Gprin1	10090
Q3UNN8	Pld5	10090
Q3UNU4	Erich4	10090
Q3UNW5	Tfcp2l1	10090
Q3UNX5	Acsm3	10090
Q3UNZ8	Cryzl2	10090
Q3UP23	Tmem26	10090
Q3UP24	Nlrc4	10090
Q3UP38	Cracr2a	10090
Q3UP44	Nhlrc4	10090
Q3UP75	Ugt3a1	10090
Q3UP87	Elane	10090
Q3UPE3	Rmi2	10090
Q3UPF5	Zc3hav1	10090
Q3UPH1	Prrc1	10090
Q3UPH7	Arhgef40	10090
Q3UPI1	Gask1b	10090
Q3UPL0	Sec31a	10090
Q3UPL5	Ag2	10090
Q3UPL6	Ms4a15	10090
Q3UPP8	Cep63	10090
Q3UPR0	Shisa3	10090
Q3UPR7	Tmem102	10090
Q3UPR9	Sbspon	10090
Q3UPW2	Elf3	10090
Q3UPY5	Glb1l2	10090
Q3UQ22	Ntn5	10090
Q3UQ24	Fam237b	10090
Q3UQ28	Pxdn	10090
Q3UQ41	Tmprss11a	10090
Q3UQ44	Iqgap2	10090
Q3UQ84	Tars2	10090
Q3UQA7	Selenoh	10090
Q3UQI9	Mindy4	10090
Q3UQN2	Fcho2	10090
Q3UQS2	Lsmem1	10090
Q3UQS8	Rbm20	10090
Q3UQU0	Brd9	10090
Q3UQV5	Kbtbd8	10090
Q3UR32	P2rx3	10090
Q3UR50	Vwa5b2	10090
Q3UR70	Tgfbrap1	10090
Q3UR78	Nicol1	10090
Q3UR85	Myrf	10090
Q3UR97	Snx21	10090
Q3URD2	Rprml	10090
Q3URD3	Slmap	10090
Q3URE1	Acsf3	10090
Q3URE8	Ctxn2	10090
Q3URE9	Lingo2	10090
Q3URF8	Kctd21	10090
Q3URJ8	Nkain3	10090
Q3URK1	Ccdc190	10090
Q3URK3	Tet1	10090
Q3URQ0	Tex10	10090
Q3URQ7	Mthfsd	10090
Q3URR0	Cenpw	10090
Q3URR7	Zscan10	10090
Q3URS2	Zscan4f	10090
Q3URS3	Lrcol1	10090
Q3URS9	Ccdc51	10090
Q3URU2	Peg3	10090
Q3URV1	Tbc1d32	10090
Q3URY0	Rtl4	10090
Q3URY2	Gmnc	10090
Q3URY6	Armc2	10090
Q3US16	Tceanc	10090
Q3US17	Znf48	10090
Q3US41	Esrp1	10090
Q3USB7	Plcl1	10090
Q3USF0	B3gnt6	10090
Q3USH1	Insyn2a	10090
Q3USH5	Sfswap	10090
Q3USJ8	Fchsd2	10090
Q3USL1	Klhdc9	10090
Q3USQ7	Syndig1l	10090
Q3USS3	Drc1	10090
Q3USW5	Foxred2	10090
Q3USY0	Slc38a11	10090
Q3USZ2	Ubtfl1	10090
Q3USZ8	Dipk2a	10090
Q3UT54	Obox3	10090
Q3UTA9	Eif4e1b	10090
Q3UTB7	Foxr1	10090
Q3UTD9	Smim15	10090
Q3UTH8	Arhgef9	10090
Q3UTJ2	Sorbs2	10090
Q3UTQ7	Prdm10	10090
Q3UTQ8	Cdkl5	10090
Q3UTS8	Spink13	10090
Q3UTY6	Thsd4	10090
Q3UTZ3	Trappc14	10090
Q3UU35	A2ml1	10090
Q3UU41	Scimp	10090
Q3UU43	Chpf2	10090
Q3UU67	Trat1	10090
Q3UU94	Mansc4	10090
Q3UU96	Cdc42bpa	10090
Q3UUA0	Lhfpl7	10090
Q3UUD2	Spry3	10090
Q3UUE9	Ankub1	10090
Q3UUF8	Ankrd34b	10090
Q3UUG6	Tbc1d24	10090
Q3UUI3	Them4	10090
Q3UUJ4	Strada	10090
Q3UUQ7	Pgap1	10090
Q3UUV5	Skap1	10090
Q3UUY6	Prom2	10090
Q3UV16	Itpripl2	10090
Q3UV17	Krt76	10090
Q3UV31	Rnf223	10090
Q3UV48	Lrrc30	10090
Q3UV55	Nr1d1	10090
Q3UV70	Pdp1	10090
Q3UV71	Tmtc1	10090
Q3UV74	Itgb2l	10090
Q3UVC0	Ksr2	10090
Q3UVD5	Lgr6	10090
Q3UVG3	Fam91a1	10090
Q3UVK0	Ermp1	10090
Q3UVL4	Vps51	10090
Q3UVR3	Ttbk2	10090
Q3UVU3	Slc30a10	10090
Q3UVV9	Vwa3a	10090
Q3UVX5	Grm5	10090
Q3UVY1	Gpr149	10090
Q3UVY5	Pcnx4	10090
Q3UW12	Cnga4	10090
Q3UW21	Clpsl2	10090
Q3UW26	Bsph1	10090
Q3UW31	Pate2	10090
Q3UW41	Wfdc9	10090
Q3UW43	Spag11b	10090
Q3UW53	Niban1	10090
Q3UW55	Wfdc6a	10090
Q3UW68	Capn13	10090
Q3UWA4	Trim40	10090
Q3UWA6	Gucy2c	10090
Q3UWM4	Kdm7a	10090
Q3UWQ3	Ube2fb	10090
Q3UWR2	Khdc1a	10090
Q3UWS6	Myocos	10090
Q3UWW6	Gas2l3	10090
Q3UWY1	Oog3	10090
Q3UWZ0	Trim75	10090
Q3UX10	Tubal3	10090
Q3UX43	Ankrd13c	10090
Q3UX61	Naa11	10090
Q3UX62	Odad1	10090
Q3UX83	Accsl	10090
Q3UXL4	Kiz	10090
Q3UXZ6	Fam81a	10090
Q3UXZ9	Kdm5a	10090
Q3UY23	Fdxacb1	10090
Q3UY34	Custos	10090
Q3UY51	Lrrc55	10090
Q3UY90	Gask1a	10090
Q3UY96	Cfap74	10090
Q3UYC0	Ppm1h	10090
Q3UYG1	Ccdc160	10090
Q3UYG8	Macrod2	10090
Q3UYH7	Grk3	10090
Q3UYI5	Rgl3	10090
Q3UYI6	Fuz	10090
Q3UYK3	Tbc1d9	10090
Q3UYR4	Espnl	10090
Q3UYV8	Dnaaf3	10090
Q3UYV9	Ncbp1	10090
Q3UZ01	Rnpc3	10090
Q3UZ09	C1rl	10090
Q3UZ18	Ice2	10090
Q3UZ39	Lrrfip1	10090
Q3UZ45	Mcidas	10090
Q3UZ57	Axdnd1	10090
Q3UZA1	Rcsd1	10090
Q3UZB0	Armcx5	10090
Q3UZD5	Prdm6	10090
Q3UZD7	Garin1b	10090
Q3UZP0	Marveld2	10090
Q3UZP4	Svip	10090
Q3UZV7	Elapor2	10090
Q3UZW7	Eef2kmt	10090
Q3UZY0	Sfi1	10090
Q3UZZ4	Olfm4	10090
Q3UZZ6	Sult1d1	10090
Q3V009	Tmed1	10090
Q3V016	Hipk4	10090
Q3V036	Ccdc27	10090
Q3V037	Gm136	10090
Q3V038	Ttc9	10090
Q3V050	Slc47a2	10090
Q3V079	Bbof1	10090
Q3V080	Znf583	10090
Q3V089	Rbm44	10090
Q3V096	Ankrd42	10090
Q3V0A6	Gm5592	10090
Q3V0B4	Cfap65	10090
Q3V0C1	Zmat1	10090
Q3V0C3	Nutm2	10090
Q3V0C5	Usp48	10090
Q3V0E1	Spata31g1	10090
Q3V0F0	Rimbp3	10090
Q3V0G7	Garnl3	10090
Q3V0I2	Prr7	10090
Q3V0J1	Tmem237	10090
Q3V0J4	Ankrd53	10090
Q3V0K9	Pls1	10090
Q3V0L5	Lrrc43	10090
Q3V0M2	Lrrc36	10090
Q3V0P1	Cpxcr1	10090
Q3V0Q1	Dnah12	10090
Q3V0Q6	Spag8	10090
Q3V0Q7	Tmprss12	10090
Q3V0T4	Itgad	10090
Q3V0X1	Smim9	10090
Q3V0Y1	Ppp4r3c1	10090
Q3V124	Eid3	10090
Q3V125	Ccdc110	10090
Q3V129	Ulk4	10090
Q3V132	Slc25a31	10090
Q3V140	Acrbp	10090
Q3V172	Sel1l2	10090
Q3V188	Endou	10090
Q3V1D3	Ampd1	10090
Q3V1D5	Pnpla1	10090
Q3V1F8	Ephx3	10090
Q3V1G4	Olfml2b	10090
Q3V1H1	Ckap2	10090
Q3V1H3	Hephl1	10090
Q3V1H9	Samd5	10090
Q3V1I0	Lyg2	10090
Q3V1L4	Nt5c2	10090
Q3V1L6	Mtmr11	10090
Q3V1M1	Igsf10	10090
Q3V1N1	Mfhas1	10090
Q3V1N9	A3galt2	10090
Q3V1T4	P3h1	10090
Q3V1U8	Elmod1	10090
Q3V1V3	Esf1	10090
Q3V209	Tmub2	10090
Q3V2A7	Qrich2	10090
Q3V2C1	Krtap9-3	10090
Q3V2D2	Gm94	10090
Q3V2G4	Smim31	10090
Q3V2J0	Cibar2	10090
Q3V2K1	Gm614	10090
Q3V2Q8	N4bp2l1	10090
Q3V2T4	Krtdap	10090
Q3V300	Kif22	10090
Q3V384	Afg1l	10090
Q3V3A1	Cdk15	10090
Q3V3A7	Rnf207	10090
Q3V3E1	Ubash3a	10090
Q3V3F6	Mpzl3	10090
Q3V3G7	Gramd2a	10090
Q3V3I2	Gnat3	10090
Q3V3I5	Gm525	10090
Q3V3K7	Gcnt7	10090
Q3V3N7	Bbs1	10090
Q3V3Q4	Ifi208	10090
Q3V3Q7	Pacs2	10090
Q3V3R1	Mthfd1l	10090
Q3V3R4	Itga1	10090
Q3V3V9	Carmil2	10090
Q3V3Z3	Adgrg5	10090
Q3V4B5	Commd6	10090
Q3V5L5	MGAT5B	9606
Q3V6T2	CCDC88A	9606
Q3Y452	TDRG1	9606
Q3YBM2	TMEM176B	9606
Q3YBR2	TBRG1	9606
Q3YEC7	RABL6	9606
Q3ZAQ7	VMA21	9606
Q3ZAS0	Slc9a2	10090
Q3ZCM7	TUBB8	9606
Q3ZCN5	OTOGL	9606
Q3ZCQ2	ANXA2R	9606
Q3ZCQ3	FAM174B	9606
Q3ZCQ8	TIMM50	9606
Q3ZCT1	ZNF260	9606
Q3ZCT8	KBTBD12	9606
Q3ZCU0	GVQW3	9606
Q3ZCV2	CIMAP2	9606
Q3ZCW2	LGALSL	9606
Q3ZCX4	ZNF568	9606
Q3ZK22	Vezt	10090
Q3ZLR7	SUPT20HL1	9606
Q3ZM63	ETDA	9606
Q3ZN08	Fam220a	10090
Q3ZRW6	Clul1	10090
Q3ZT31	Snx25	10090
Q400C8	Amz2	10090
Q400G9	AMZ1	9606
Q401N2	ZACN	9606
Q402B2	Wdr93	10090
Q402U7	Prss44	10090
Q45HK4	Sh2d1b2	10090
Q45KJ6	Lin28b	10090
Q45VK7	Dync2h1	10090
Q45VN2	Defa20	10090
Q460N3	PARP15	9606
Q460N5	PARP14	9606
Q494R0	FBXL19-AS1	9606
Q494R4	DRC12	9606
Q494U1	PLEKHN1	9606
Q494V2	CFAP100	9606
Q494W8	CHRFAM7A	9606
Q494X3	ZNF404	9606
Q495A1	TIGIT	9606
Q495B1	ANKDD1A	9606
Q495C1	RNF212	9606
Q495D7	LINC01559	9606
Q495M3	SLC36A2	9606
Q495M9	USH1G	9606
Q495N2	SLC36A3	9606
Q495T6	MMEL1	9606
Q495W5	POFUT4	9606
Q495X7	TRIM60	9606
Q495Y7	SPDYE7P	9606
Q495Y8	SPDYE2	9606
Q495Z4	ASB16-AS1	9606
Q496A3	SPATS1	9606
Q496F6	CD300E	9606
Q496H8	NRN1L	9606
Q496J9	SV2C	9606
Q496M5	PLK5	9606
Q496Y0	LONRF3	9606
Q497H0	Zfand3	10090
Q497I4	Krt35	10090
Q497J1	Tmem86b	10090
Q497K5	Arrdc5	10090
Q497K7	Tmem247	10090
Q497L8	Slc22a16	10090
Q497L9	Slc22a14	10090
Q497M3	Apobec4	10090
Q497N6	Cep295nl	10090
Q497N7	Tex56	10090
Q497P3	Nupr2	10090
Q497Q6	Fam228b	10090
Q497V5	Srbd1	10090
Q497V6	Bahd1	10090
Q499D0	Foxn3	10090
Q499E0	Brinp3	10090
Q499E4	Dzip1l	10090
Q499E5	Stox2	10090
Q499E6	Airim	10090
Q499M4	Tigd5	10090
Q499X9	Mars2	10090
Q499Z3	SLFNL1	9606
Q499Z4	ZNF672	9606
Q49A17	GALNTL6	9606
Q49A26	GLYR1	9606
Q49A33	ZNF876P	9606
Q49A88	CCDC14	9606
Q49A92	C8orf34	9606
Q49AA0	ZFP69	9606
Q49AG3	ZBED5	9606
Q49AH0	CDNF	9606
Q49AJ0	FAM135B	9606
Q49AM1	MTERF2	9606
Q49AM3	TTC31	9606
Q49AN0	CRY2	9606
Q49AR2	C5orf22	9606
Q49AS3	LRRC37A5P	9606
Q49B93	Slc5a12	10090
Q49B96	COX19	9606
Q49MG5	MAP9	9606
Q49MI3	CERKL	9606
Q49SQ1	GPR33	9606
Q4AC94	C2CD3	9606
Q4AC99	ACCSL	9606
Q4ACU6	Shank3	10090
Q4ADV7	RIC1	9606
Q4AE62	QTMAN	9606
Q4FJU9	Tmem40	10090
Q4FK66	Prpf38a	10090
Q4FZB7	KMT5B	9606
Q4FZC9	Syne3	10090
Q4FZD7	Plk5	10090
Q4FZF2	Spata46	10090
Q4FZF3	Ddx49	10090
Q4FZG7	Timm8a2	10090
Q4FZG8	Oosp2	10090
Q4FZG9	Coxfa4l2	10090
Q4FZH1	Entrep1	10090
Q4G0A6	MINDY4	9606
Q4G0F5	VPS26B	9606
Q4G0F8	Ubn1	10090
Q4G0G2	H1-10-AS1	9606
Q4G0G5	SCGB2B2	9606
Q4G0I0	UQCC4	9606
Q4G0J3	LARP7	9606
Q4G0M1	ERFE	9606
Q4G0N0	GGTA1	9606
Q4G0N4	NADK2	9606
Q4G0N7	FAM229B	9606
Q4G0N8	SLC9C1	9606
Q4G0P3	HYDIN	9606
Q4G0S4	CYP27C1	9606
Q4G0S7	CCDC152	9606
Q4G0T1	SCART1	9606
Q4G0U5	CFAP221	9606
Q4G0W2	DUSP28	9606
Q4G0X4	KCTD21	9606
Q4G0X9	CCDC40	9606
Q4G0Z9	MCMDC2	9606
Q4G112	HSF5	9606
Q4G148	GXYLT1	9606
Q4G163	FBXO43	9606
Q4G176	ACSF3	9606
Q4G1C9	GLIPR1L2	9606
Q4G5Y1	Klhdc2	10090
Q4J6C6	PREPL	9606
Q4JDL3	PTPN20	9606
Q4JIM5	Abl2	10090
Q4JK59	Tet2	10090
Q4KKZ1	Cfap107	10090
Q4KL13	Dorip1	10090
Q4KL14	Trappc3l	10090
Q4KL18	Tmem171	10090
Q4KL20	Obox7	10090
Q4KL25	Lhfpl5	10090
Q4KL35	Magix	10090
Q4KL71	Sprr2a3	10090
Q4KL78	Khdc1c	10090
Q4KMG0	CDON	9606
Q4KMG9	TMEM52B	9606
Q4KML4	Abracl	10090
Q4KMM3	Oxr1	10090
Q4KMP7	TBC1D10B	9606
Q4KMQ1	TPRN	9606
Q4KMQ2	ANO6	9606
Q4KMX7	FAM106A	9606
Q4KMZ1	IQCC	9606
Q4KMZ8	NKAIN1	9606
Q4KUS1	Wfdc8	10090
Q4KUS2	Unc13a	10090
Q4KWH5	Plch1	10090
Q4KWH8	PLCH1	9606
Q4L180	FILIP1L	9606
Q4L235	AASDH	9606
Q4LDD4	Arap1	10090
Q4LDE5	SVEP1	9606
Q4LDG0	Slc27a5	10090
Q4LDG9	DNAL1	9606
Q4LDR2	CTXN3	9606
Q4LE39	ARID4B	9606
Q4LEZ3	AARD	9606
Q4LFA9	Sema3g	10090
Q4PJX1	Odr4	10090
Q4PNJ2	Nkain2	10090
Q4PZA2	Ece1	10090
Q4QQM4	Trp53i11	10090
Q4QQM5	Miga1	10090
Q4QRL3	Ccdc88b	10090
Q4QY38	DEFB134	9606
Q4QY64	Atad5	10090
Q4U2R1	Herc2	10090
Q4U2R6	MRPL51	9606
Q4U2R8	SLC22A6	9606
Q4U4S6	Xirp2	10090
Q4UJ75	ANKRD20A4P	9606
Q4V321	GAGE13	9606
Q4V326	GAGE2E	9606
Q4V328	GRIPAP1	9606
Q4V339	ZNG1F	9606
Q4V348	ZNF658B	9606
Q4V9L6	TMEM119	9606
Q4V9W2	Srek1ip1	10090
Q4V9Z5	Sez6l2	10090
Q4VA36	Cenatac	10090
Q4VA44	Znf664	10090
Q4VA45	Zfta	10090
Q4VA53	Pds5b	10090
Q4VA55	Pwwp3b	10090
Q4VA61	Dscaml1	10090
Q4VAA2	Cdv3	10090
Q4VAA7	Snx33	10090
Q4VAB4	Cnpy1	10090
Q4VAC9	Plekhg3	10090
Q4VAE3	Tmem65	10090
Q4VAH7	Hepacam2	10090
Q4VBD2	Tapt1	10090
Q4VBD9	Gzf1	10090
Q4VBE4	Egflam	10090
Q4VBE8	Wdr18	10090
Q4VBF2	R3hdm4	10090
Q4VC05	BCL7A	9606
Q4VC12	MSS51	9606
Q4VC17	Adamts18	10090
Q4VC31	MIX23	9606
Q4VC33	Maea	10090
Q4VC39	HIGD2B	9606
Q4VC44	FLYWCH1	9606
Q4VCS5	AMOT	9606
Q4VGL6	Rc3h1	10090
Q4VK74	Ifnl2	10090
Q4VNC0	ATP13A5	9606
Q4VNC1	ATP13A4	9606
Q4VX62	LINC02901	9606
Q4VX76	SYTL3	9606
Q4VXA5	KHDC1	9606
Q4VXU2	PABPC1L	9606
Q4W4Y0	DORIP1	9606
Q4W5G0	TIGD2	9606
Q4W5P6	SMIM43	9606
Q4ZG55	GREB1	9606
Q4ZHG4	FNDC1	9606
Q4ZIN3	TMEM259	9606
Q4ZJI4	SLC9B1	9606
Q4ZJM7	Otol1	10090
Q4ZJM9	C1ql4	10090
Q4ZJN1	C1qtnf9	10090
Q501J2	Antkmt	10090
Q501J6	Ddx17	10090
Q501J7	Phactr4	10090
Q501P1	Fbln7	10090
Q502W6	VWA3B	9606
Q502W7	CCDC38	9606
Q502X0	MORN2	9606
Q504M2	Pdp2	10090
Q504M8	Rab26	10090
Q504N0	Cpa2	10090
Q504N2	Slc22a15	10090
Q504N7	Ifi214	10090
Q504P2	Clec12a	10090
Q504Q3	PAN2	9606
Q504T8	MIDN	9606
Q504U0	C4orf46	9606
Q504Y0	SLC39A12	9606
Q504Y2	PKDCC	9606
Q504Y3	ZCWPW2	9606
Q505B7	Zbtb8os	10090
Q505B8	Syce2	10090
Q505D1	Ankrd28	10090
Q505D7	Opa3	10090
Q505D9	Trim67	10090
Q505F1	Nr2c1	10090
Q505F5	Lrrc47	10090
Q505G4	Rtl6	10090
Q505G8	Znf827	10090
Q505H4	Vwc2l	10090
Q505K2	Fhip1a	10090
Q50H32	Grxcr1	10090
Q50H33	Kctd8	10090
Q50KZ9	TAS2R2	9606
Q50L41	Pla2g4f	10090
Q50L42	Pla2g4e	10090
Q50L43	Pla2g4d	10090
Q50LG9	LRRC24	9606
Q52KB6	C2cd3	10090
Q52KE7	Ccnl1	10090
Q52KF3	Spire1	10090
Q52KG4	Zbtb45	10090
Q52KG5	Kif26a	10090
Q52KI8	Srrm1	10090
Q52KP5	Nxpe4	10090
Q52KR2	Lrig2	10090
Q52KR3	Prune2	10090
Q52LA3	LIN52	9606
Q52LC2	ATP6AP1L	9606
Q52LD8	RFTN2	9606
Q52LG2	KRTAP13-2	9606
Q52LJ0	FAM98B	9606
Q52LR7	EPC2	9606
Q52LW3	ARHGAP29	9606
Q52M58	LINC02914	9606
Q52M75	LINC01554	9606
Q52M93	ZNF585B	9606
Q52MB2	CCDC184	9606
Q52WX2	SBK1	9606
Q537H7	SPATA45	9606
Q538Z0	LUZP6	9606
Q53EL6	PDCD4	9606
Q53EL9	SEZ6	9606
Q53EP0	FNDC3B	9606
Q53EQ6	TIGD5	9606
Q53ET0	CRTC2	9606
Q53EU6	GPAT3	9606
Q53EV4	LRRC23	9606
Q53EZ4	CEP55	9606
Q53F19	NCBP3	9606
Q53F39	MPPE1	9606
Q53FA7	TP53I3	9606
Q53FD0	ZC2HC1C	9606
Q53FE4	C4orf17	9606
Q53FP2	TMEM35A	9606
Q53FT3	HIKESHI	9606
Q53FV1	ORMDL2	9606
Q53FZ2	ACSM3	9606
Q53G44	IFI44L	9606
Q53G59	KLHL12	9606
Q53GA4	PHLDA2	9606
Q53GD3	SLC44A4	9606
Q53GG5	PDLIM3	9606
Q53GI3	ZNF394	9606
Q53GL0	PLEKHO1	9606
Q53GL7	PARP10	9606
Q53GQ0	HSD17B12	9606
Q53GS7	GLE1	9606
Q53GS9	USP39	9606
Q53GT1	KLHL22	9606
Q53H12	AGK	9606
Q53H47	SETMAR	9606
Q53H54	TYW2	9606
Q53H64	ANKRD40CL	9606
Q53H76	PLA1A	9606
Q53H80	AKIRIN2	9606
Q53H82	LACTB2	9606
Q53H96	PYCR3	9606
Q53HC0	CCDC92	9606
Q53HC5	KLHL26	9606
Q53HC9	EIPR1	9606
Q53HI1	UNC50	9606
Q53HL2	CDCA8	9606
Q53HV7	SMUG1	9606
Q53LP3	SOWAHC	9606
Q53QV2	LBH	9606
Q53QW1	TEX44	9606
Q53QZ3	ARHGAP15	9606
Q53R12	TM4SF20	9606
Q53R41	FASTKD1	9606
Q53RD9	FBLN7	9606
Q53RE8	ANKRD39	9606
Q53RT3	ASPRV1	9606
Q53RY4	KRTCAP3	9606
Q53S08	RAB6D	9606
Q53S33	BOLA3	9606
Q53S58	TMEM177	9606
Q53S99	SLC19A4P	9606
Q53SF7	COBLL1	9606
Q53SZ7	PRR30	9606
Q53T59	HS1BP3	9606
Q53T94	TAF1B	9606
Q53TN4	CYBRD1	9606
Q53TQ3	INO80D	9606
Q53TS8	CATSPERT	9606
Q562D6	Trmo	10090
Q562E2	Kctd19	10090
Q562E7	WDR81	9606
Q562F6	SGO2	9606
Q562R1	ACTBL2	9606
Q566J8	Coq8b	10090
Q567U6	CCDC93	9606
Q567V2	MPV17L2	9606
Q569E4	Ment	10090
Q569E7	Znf697	10090
Q569G3	C5orf47	9606
Q569H4	PRR16	9606
Q569K4	ZNF385B	9606
Q569K6	CCDC157	9606
Q569L8	Cpap	10090
Q569N2	Ankrd37	10090
Q569Z5	Ddx46	10090
Q569Z6	Thrap3	10090
Q56A04	Eme2	10090
Q56A06	Tmtc2	10090
Q56A07	Scn2b	10090
Q56A08	Gpkow	10090
Q56A10	Znf608	10090
Q56A73	SPIN4	9606
Q56NI9	ESCO2	9606
Q56P03	EAPP	9606
Q56P42	PYDC2	9606
Q56UN5	MAP3K19	9606
Q56VL3	OCIAD2	9606
Q570Y9	Deptor	10090
Q571B6	Whamm	10090
Q571C7	Bdp1	10090
Q571E4	Galns	10090
Q571E5	Prss53	10090
Q571F5	Spsb3	10090
Q571F8	Gls2	10090
Q571G4	Lin54	10090
Q571H0	Urb1	10090
Q571I4	Prag1	10090
Q571I9	Aldh16a1	10090
Q571J5	Znf354c	10090
Q571K4	Tab3	10090
Q587I9	SFT2D3	9606
Q587J6	L1td1	10090
Q587J7	TDRD12	9606
Q587J8	KHDC3L	9606
Q58A44	PCOTH	9606
Q58A45	PAN3	9606
Q58A65	Spag9	10090
Q58DX5	NAALADL2	9606
Q58EX2	SDK2	9606
Q58EX7	PLEKHG4	9606
Q58F21	BRDT	9606
Q58FA4	E2f8	10090
Q58FF3	HSP90B2P	9606
Q58FF6	HSP90AB4P	9606
Q58FF7	HSP90AB3P	9606
Q58FF8	HSP90AB2P	9606
Q58FG0	HSP90AA5P	9606
Q58FG1	HSP90AA4P	9606
Q58G82	SYT14P1	9606
Q58HT5	AWAT1	9606
Q58NB6	Dhrs9	10090
Q58WW2	DCAF6	9606
Q58Y74	Trcg1	10090
Q58Y75	ADGRF3	10090
Q59EK9	RUNDC3A	9606
Q59GN2	RPL39P5	9606
Q59H18	TNNI3K	9606
Q59J78	Ndufaf2	10090
Q5BIV9	SPRN	9606
Q5BJ29	Fbxl7	10090
Q5BJD5	TMEM41B	9606
Q5BJE1	CCDC178	9606
Q5BJF2	TMEM97	9606
Q5BJF6	ODF2	9606
Q5BJH2	TMEM128	9606
Q5BJH7	YIF1B	9606
Q5BKP2	Usp13	10090
Q5BKQ4	Pnliprp1	10090
Q5BKR2	Slc9b2	10090
Q5BKS4	Eri2	10090
Q5BKT4	ALG10	9606
Q5BKU9	OXLD1	9606
Q5BKX5	ACTMAP	9606
Q5BKX6	SLC45A4	9606
Q5BKX8	CAVIN4	9606
Q5BKY1	LRRC10	9606
Q5BKY9	FAM133B	9606
Q5BKZ1	ZNF326	9606
Q5BL07	Pex1	10090
Q5BLK4	Tut7	10090
Q5BLP8	NICOL1	9606
Q5BN45	Pierce1	10090
Q5BN46	PIERCE1	9606
Q5BU09	Eapp	10090
Q5BVD1	TTMP	9606
Q5C9Z4	NOM1	9606
Q5CZ79	ANKRD20A8P	9606
Q5CZA5	ZNF805	9606
Q5CZC0	FSIP2	9606
Q5D0E6	DALRD3	9606
Q5D1E7	Zc3h12a	10090
Q5D1E8	ZC3H12A	9606
Q5D525	Syce1l	10090
Q5D862	FLG2	9606
Q5DID0	UMODL1	9606
Q5DID3	Umodl1	10090
Q5DJT8	CT45A2	9606
Q5DP50	Tex24	10090
Q5DQQ6	Wfdc13	10090
Q5DQR4	Stxbp5l	10090
Q5DRQ8	Fcrlb	10090
Q5DT21	SPINK9	9606
Q5DT36	Klri2	10090
Q5DTH5	Tshz1	10090
Q5DTI6	Kansl1l	10090
Q5DTI8	Esyt3	10090
Q5DTJ9	Mypn	10090
Q5DTK1	Chsy3	10090
Q5DTL9	Slc4a10	10090
Q5DTM8	Rnf20	10090
Q5DTN8	Jakmip3	10090
Q5DTT1	Nexmif	10090
Q5DTT2	Psd	10090
Q5DTT3	Tasor2	10090
Q5DTT4	Rtl5	10090
Q5DTT8	Pnma5	10090
Q5DTU0	Afap1l2	10090
Q5DTV4	Zc3h12c	10090
Q5DTW2	Sfmbt2	10090
Q5DTW7	Resf1	10090
Q5DTX6	Jcad	10090
Q5DTY9	Kctd16	10090
Q5DTZ0	Nynrin	10090
Q5DTZ6	Rnf150	10090
Q5DU00	Dcdc2	10090
Q5DU02	Usp22	10090
Q5DU05	Cep164	10090
Q5DU09	Znf652	10090
Q5DU14	Myo16	10090
Q5DU25	Iqsec2	10090
Q5DU28	Pcnx2	10090
Q5DU31	Ipcef1	10090
Q5DU37	Zfyve26	10090
Q5DU41	Lrrc8b	10090
Q5DU56	Nlrc3	10090
Q5DU57	Spata13	10090
Q5DW34	Ehmt1	10090
Q5DX21	IGSF11	9606
Q5EB52	MEST	9606
Q5EBG6	Hspb6	10090
Q5EBH1	Rassf5	10090
Q5EBI0	Slc26a10	10090
Q5EBJ4	Ermn	10090
Q5EBL2	ZNF628	9606
Q5EBL4	RILPL1	9606
Q5EBL8	PDZD11	9606
Q5EBM0	CMPK2	9606
Q5EBM4	ZNF542P	9606
Q5EBN2	TRIM61	9606
Q5EBP3	Armc5	10090
Q5EE01	CENPW	9606
Q5EE38	Acd	10090
Q5EG05	CARD16	9606
Q5EG47	Prkaa1	10090
Q5F1R6	DNAJC21	9606
Q5F201	Cfap52	10090
Q5F204	Mdh1b	10090
Q5F226	Fat2	10090
Q5F259	Ankrd13b	10090
Q5F267	Tp53i13	10090
Q5F285	Tmem256	10090
Q5F289	Spem1	10090
Q5F293	Zbtb4	10090
Q5F297	Slc35g3	10090
Q5F2C3	Meikin	10090
Q5F2E7	Nufip2	10090
Q5F2E8	Taok1	10090
Q5F2F2	Abhd15	10090
Q5F2L2	Pofut3	10090
Q5FBB7	SGO1	9606
Q5FVE4	ACSBG2	9606
Q5FW52	Mlip	10090
Q5FW53	Mybphl	10090
Q5FW56	Tmem255b	10090
Q5FW57	Gm4952	10090
Q5FW60	Mup20	10090
Q5FW85	Ecm2	10090
Q5FWC3	Ms4a13	10090
Q5FWE3	PRRT3	9606
Q5FWF4	ZRANB3	9606
Q5FWF5	ESCO1	9606
Q5FWF6	ZNF789	9606
Q5FWF7	FBXO48	9606
Q5FWH2	Unkl	10090
Q5FWH3	Grhl3	10090
Q5FWH6	Arhgef15	10090
Q5FWH7	Slc39a12	10090
Q5FWI2	Sctr	10090
Q5FWI3	Cemip2	10090
Q5FWK3	Arhgap1	10090
Q5FYA8	ARSH	9606
Q5FYB0	ARSJ	9606
Q5FYB1	ARSI	9606
Q5G5D5	Syna	10090
Q5G864	Defa25	10090
Q5G865	Defa24	10090
Q5G866	Defa23	10090
Q5GAM7	Rnase13	10090
Q5GAM8	Rnase12	10090
Q5GAM9	Rnase11	10090
Q5GAN3	RNASE13	9606
Q5GAN4	RNASE12	9606
Q5GAN6	RNASE10	9606
Q5GFD5	Hs3st6	10090
Q5GFL6	VWA2	9606
Q5GH62	Xkr9	10090
Q5GH64	Xkr7	10090
Q5GH66	Xkr5	10090
Q5GH67	Xkr4	10090
Q5GH68	Xkrx	10090
Q5GH70	XKR9	9606
Q5GH72	XKR7	9606
Q5GH73	XKR6	9606
Q5GH76	XKR4	9606
Q5GH77	XKR3	9606
Q5GIG6	Tnni3k	10090
Q5GJ75	TNFAIP8L3	9606
Q5GLZ8	HERC4	9606
Q5H8A1	Nms	10090
Q5H8A3	NMS	9606
Q5H8A4	PIGG	9606
Q5H8B9	Frem3	10090
Q5H8C1	FREM1	9606
Q5H8C4	Vps13a	10090
Q5H913	ARL13A	9606
Q5H943	CT83	9606
Q5H9B9	BMP2KL	9606
Q5H9E4	SLC25A53	9606
Q5H9F3	BCORL1	9606
Q5H9I0	TFDP3	9606
Q5H9J7	BEX5	9606
Q5H9J9	TCP11X2	9606
Q5H9K5	ZMAT1	9606
Q5H9L2	TCEAL5	9606
Q5H9L4	TAF7L	9606
Q5H9M0	PWWP3B	9606
Q5H9R4	ARMCX4	9606
Q5H9R7	PPP6R3	9606
Q5H9S7	DCAF17	9606
Q5H9T9	FSCB	9606
Q5H9U9	DDX60L	9606
Q5HY64	FAM47C	9606
Q5HY92	FIGN	9606
Q5HY98	ZNF766	9606
Q5HYA8	TMEM67	9606
Q5HYC2	BRD10	9606
Q5HYI7	MTX3	9606
Q5HYI8	RABL3	9606
Q5HYJ1	TECRL	9606
Q5HYJ3	FAM76B	9606
Q5HYK3	COQ5	9606
Q5HYK7	SH3D19	9606
Q5HYK9	ZNF667	9606
Q5HYL7	TMEM196	9606
Q5HYM0	ZC3H12B	9606
Q5HYN5	CT45A1	9606
Q5HYR2	DMRTC1; DMRTC1B	9606
Q5HYW2	NHSL2	9606
Q5HYW3	RTL5	9606
Q5HZG4	Taf3	10090
Q5HZG9	Znf488	10090
Q5HZH2	Tsr3	10090
Q5HZH7	Slc38a8	10090
Q5HZI1	Mtus1	10090
Q5HZI2	C2cd4c	10090
Q5HZI9	Slc25a51	10090
Q5HZJ0	Drosha	10090
Q5HZJ5	Entrep3	10090
Q5HZK1	Cep44	10090
Q5HZK2	Nrsn2	10090
Q5I012	Slc38a10	10090
Q5I043	Usp28	10090
Q5I0G3	MDH1B	9606
Q5I0X4	PEX39	9606
Q5I0X7	TTC32	9606
Q5I1X5	Ppp1r13l	10090
Q5I2A0	Serpina3g	10090
Q5I7T1	ALG10B	9606
Q5IBH6	Spdye4a	10090
Q5IBH7	Spdya	10090
Q5IJ48	CRB2	9606
Q5IR70	Cage1	10090
Q5IRJ6	Slc30a9	10090
Q5ISE2	Zfp36l3	10090
Q5IXF8	Glp2r	10090
Q5J5C9	DEFB121	9606
Q5J8M3	EMC4	9606
Q5J8X5	MS4A13	9606
Q5JCS9	B3gnt3	10090
Q5JCT0	Gcnt3	10090
Q5JNZ3	ZNF311	9606
Q5JNZ5	RPS26P11	9606
Q5JPB2	ZNF831	9606
Q5JPE7	NOMO2	9606
Q5JPF3	ANKRD36C	9606
Q5JPH6	EARS2	9606
Q5JPI3	C3orf38	9606
Q5JPI9	EEF1AKMT2	9606
Q5JQC4	CT47A1; CT47A2; CT47A3; CT47A4; CT47A5; CT47A6; CT47A7; CT47A8; CT47A9; CT47A10; CT47A11; CT47A12	9606
Q5JQC9	AKAP4	9606
Q5JQD4	PYY3	9606
Q5JQF7	LINC01556	9606
Q5JQF8	PABPC1L2A; PABPC1L2B	9606
Q5JQS5	OR2B11	9606
Q5JQS6	GCSAML	9606
Q5JR12	PPM1J	9606
Q5JR59	MTUS2	9606
Q5JR98	DYNLT4	9606
Q5JRA6	MIA3	9606
Q5JRC9	FAM47A	9606
Q5JRK9	PAGE2B	9606
Q5JRM2	CXorf66	9606
Q5JRS4	OR10J3	9606
Q5JRV8	TMEM255A	9606
Q5JRX3	PITRM1	9606
Q5JS13	RALGPS1	9606
Q5JS37	NHLRC3	9606
Q5JS54	PSMG4	9606
Q5JSH3	WDR44	9606
Q5JSJ4	INTS6L	9606
Q5JSL3	DOCK11	9606
Q5JSP0	FGD3	9606
Q5JSQ8	KHDC1L	9606
Q5JSS6	MEIG1	9606
Q5JST6	EFHC2	9606
Q5JSZ5	PRRC2B	9606
Q5JT25	RAB41	9606
Q5JT82	KLF17	9606
Q5JTB6	PLAC9	9606
Q5JTC6	AMER1	9606
Q5JTD0	TJAP1	9606
Q5JTD7	LRRC73	9606
Q5JTH9	RRP12	9606
Q5JTJ3	COA6	9606
Q5JTN6	WDR38	9606
Q5JTV8	TOR1AIP1	9606
Q5JTW2	CEP78	9606
Q5JTY5	ZNG1C	9606
Q5JTZ5	C9orf152	9606
Q5JTZ9	AARS2	9606
Q5JU00	DRC5	9606
Q5JU67	CFAP157	9606
Q5JU69	TOR2A	9606
Q5JU85	IQSEC2	9606
Q5JUK2	SOHLH1	9606
Q5JUK3	KCNT1	9606
Q5JUK9	PAGE3	9606
Q5JUQ0	FAM78A	9606
Q5JUR7	TEX30	9606
Q5JUW0	KRABD4	9606
Q5JUX0	SPIN3	9606
Q5JV73	FRMPD3	9606
Q5JVF3	PCID2	9606
Q5JVG2	ZNF484	9606
Q5JVG8	ZNF506	9606
Q5JVL4	EFHC1	9606
Q5JVS0	HABP4	9606
Q5JVX7	C1orf141	9606
Q5JW98	CALHM4	9606
Q5JWF2	GNAS	9606
Q5JWF8	ACTL10	9606
Q5JWR5	DOP1A	9606
Q5JX69	FAM209B	9606
Q5JX71	FAM209A	9606
Q5JXA9	SIRPB2	9606
Q5JXB2	UBE2NL	9606
Q5JXC2	MIIP	9606
Q5JXM2	METTL24	9606
Q5JXX7	TMEM31	9606
Q5JY77	GPRASP1	9606
Q5JYT7	KIAA1755	9606
Q5JZY3	EPHA10	9606
Q5K130	CLLU1-AS1	9606
Q5K131	CLLU1	9606
Q5K2P8	Prss36	10090
Q5K4E3	PRSS36	9606
Q5K4L6	SLC27A3	9606
Q5K651	SAMD9	9606
Q5K6N0	Tmem232	10090
Q5KSL6	DGKK	9606
Q5KU26	COLEC12	9606
Q5KU39	Vps41	10090
Q5M6W3	Clhc1	10090
Q5M775	SPECC1	9606
Q5M7Z0	RNFT1	9606
Q5M8M2	Cimap1b	10090
Q5M8M9	Lrrc52	10090
Q5M8N0	Cnrip1	10090
Q5M8N4	Sdr39u1	10090
Q5M8Q2	H2al1a; H2al1c; H2al1d; H2al1f; H2al1g; H2al1h; H2al1i	10090
Q5M8S2	Prss46	10090
Q5M8T2	SLC35D3	9606
Q5M956	Kctd1	10090
Q5M9N0	CCDC158	9606
Q5M9N4	Pigh	10090
Q5M9Q1	NKAPL	9606
Q5MAI5	CDKL4	9606
Q5MCW4	ZNF569	9606
Q5MIZ7	PPP4R3B	9606
Q5MJ07	SPANXN5	9606
Q5MJ08	SPANXN4	9606
Q5MJ09	SPANXN3	9606
Q5MJ10	SPANXN2	9606
Q5MJ68	SPDYC	9606
Q5MJ70	SPDYA	9606
Q5MJS3	Fam20c	10090
Q5MNV8	FBXO47	9606
Q5MNZ6	WDR45B	9606
Q5MNZ9	WIPI1	9606
Q5MPP0	Fa2h	10090
Q5MY95	ENTPD8	9606
Q5NBU5	Fbxo39	10090
Q5NBU8	Xaf1	10090
Q5NBX1	Cobl	10090
Q5NBY9	Patz1	10090
Q5NC05	Ttf2	10090
Q5NC32	Slc16a11	10090
Q5NC57	Cfap144	10090
Q5NC83	Spmip7	10090
Q5NCC3	Trim41	10090
Q5NCC9	Trim58	10090
Q5NCE8	Mrs2	10090
Q5NCF2	Trappc1	10090
Q5NCH9	Grm6	10090
Q5NCI0	Urgcp	10090
Q5NCM1	Slc17a4	10090
Q5NCP0	Rnf43	10090
Q5NCQ5	Dph1	10090
Q5NCR9	Nsrp1	10090
Q5NCS9	Mief2	10090
Q5NCX5	Neurl4	10090
Q5NCY0	Kdm6b	10090
Q5NCY3	Cyb5d1	10090
Q5ND04	Hsf5	10090
Q5ND28	Scarf1	10090
Q5ND29	Rilp	10090
Q5ND34	Wdr81	10090
Q5ND52	Mrm3	10090
Q5ND56	Tlcd3a	10090
Q5NDL2	EOGT	9606
Q5NE16	CTSL3P	9606
Q5NUL3	FFAR4	9606
Q5PR68	Cep112	10090
Q5PR69	Cracd	10090
Q5PR73	Diras2	10090
Q5PRE5	Proser1	10090
Q5PRF0	Heatr5a	10090
Q5PRF9	SAMD4B	9606
Q5PSV4	BRMS1L	9606
Q5PSV9	Mdc1	10090
Q5PT53	Slc10a7	10090
Q5PT54	Slc10a5	10090
Q5PT55	SLC10A5	9606
Q5QD04	Taar9	10090
Q5QD05	Taar8c	10090
Q5QD06	Taar8b	10090
Q5QD07	Taar8a	10090
Q5QD08	Taar7f	10090
Q5QD09	Taar7e	10090
Q5QD10	Taar7d	10090
Q5QD11	Taar7b	10090
Q5QD12	Taar7a	10090
Q5QD13	Taar6	10090
Q5QD14	Taar5	10090
Q5QD15	Taar4	10090
Q5QD16	Taar3	10090
Q5QD17	Taar2	10090
Q5QFB9	PAPPA-AS1	9606
Q5QGS0	NEXMIF	9606
Q5QGT7	RTP2	9606
Q5QGU6	Rtp3	10090
Q5QGZ9	CLEC12A	9606
Q5QJ38	TCHHL1	9606
Q5QJ74	TBCEL	9606
Q5QJE6	DNTTIP2	9606
Q5QJU3	ACER2	9606
Q5QNQ6	Osbp2	10090
Q5QNQ9	Col27a1	10090
Q5QNS5	Havcr1	10090
Q5QNV8	Heatr9	10090
Q5QNW6	H2BC18	9606
Q5QP82	DCAF10	9606
Q5QR91	Gm11437	10090
Q5R372	RABGAP1L	9606
Q5R387	PLA2G2C	9606
Q5R3F8	ELFN2	9606
Q5R3I4	TTC38	9606
Q5R3K3	CALHM6	9606
Q5RHP9	ERICH3	9606
Q5RI15	COX20	9606
Q5RI75	Rasef	10090
Q5RIA9	ZNG1E	9606
Q5RJ54	Zscan26	10090
Q5RJB0	Bhlha9	10090
Q5RJF7	Cacna2d4	10090
Q5RJG1	Nol10	10090
Q5RJG7	Crppa	10090
Q5RJH2	Mctp2	10090
Q5RJH3	Cdh12	10090
Q5RJH6	Smg7	10090
Q5RJI2	Slc44a5	10090
Q5RJI4	Pkdcc	10090
Q5RJI5	Brsk1	10090
Q5RJY2	G2e3	10090
Q5RKR3	Islr2	10090
Q5RKS2	Smim7	10090
Q5RKV6	EXOSC6	9606
Q5RKZ7	Mocs1	10090
Q5RL51	Gstcd	10090
Q5RL73	RBM48	9606
Q5RL79	Krtcap2	10090
Q5S003	Spag17	10090
Q5S006	Lrrk2	10090
Q5S007	LRRK2	9606
Q5S248	Tmprss11e	10090
Q5SDA5	Gucy2f	10090
Q5SF07	Igf2bp2	10090
Q5SFM8	Rbm27	10090
Q5SGD2	PPM1L	9606
Q5SGK3	Aox2	10090
Q5SNT2	TMEM201	9606
Q5SNV9	C1orf167	9606
Q5SNZ0	Ccdc88a	10090
Q5SP85	Ccdc85a	10090
Q5SPL2	Phf12	10090
Q5SPV6	Cimip6	10090
Q5SPW0	Vps54	10090
Q5SPX1	Ccdc157	10090
Q5SPX3	Rnf215	10090
Q5SQ64	LY6G6F	9606
Q5SQ80	ANKRD20A2P	9606
Q5SQF8	Sap30l	10090
Q5SQH8	C6orf136	9606
Q5SQI0	ATAT1	9606
Q5SQM0	Eml6	10090
Q5SQN1	SNAP47	9606
Q5SQP1	Hormad2	10090
Q5SQQ9	VAX1	9606
Q5SQS7	SH2D4B	9606
Q5SQS8	C10orf120	9606
Q5SQX6	Cyfip2	10090
Q5SQY2	Bod1	10090
Q5SR53	PIK3CD-AS1	9606
Q5SR56	SLC71A2	9606
Q5SRD1	TIMM23B	9606
Q5SRE5	NUP188	9606
Q5SRE7	PHYHD1	9606
Q5SRH9	TTC39A	9606
Q5SRI9	MANEA	9606
Q5SRN2	TSBP1	9606
Q5SRR4	LY6G5C	9606
Q5SRT8	Ccnjl	10090
Q5SRX1	Tom1l2	10090
Q5SRY7	Fbxw11	10090
Q5SS00	Zdbf2	10090
Q5SS80	Dhrs13	10090
Q5SS90	Gm11992	10090
Q5SS91	Sun3	10090
Q5SSE9	Abca13	10090
Q5SSF7	Tent5c	10090
Q5SSG4	Gas2l2	10090
Q5SSG5	Rasl10b	10090
Q5SSG8	MUC21	9606
Q5SSH7	Zzef1	10090
Q5SSH8	Cyb5d2	10090
Q5SSI6	Utp18	10090
Q5SSJ5	HP1BP3	9606
Q5SSK3	Tefm	10090
Q5SSL4	Abr	10090
Q5SSM3	Arhgap44	10090
Q5SSN7	Sft2d1	10090
Q5SSQ6	SAPCD1	9606
Q5SSW2	Psme4	10090
Q5SSZ5	Tns3	10090
Q5SSZ7	Znrf3	10090
Q5ST30	VARS2	9606
Q5STE3	Fstl4	10090
Q5STR5	SMIM40	9606
Q5STT6	Garin3	10090
Q5SU73	Coil	10090
Q5SUA5	Myo1g	10090
Q5SUC9	Sco1	10090
Q5SUD9	Bbs12	10090
Q5SUE7	Adad1	10090
Q5SUE8	Ankrd40	10090
Q5SUF2	Luc7l3	10090
Q5SUQ9	Ctc1	10090
Q5SUR0	Pfas	10090
Q5SUS0	Fbxw10	10090
Q5SUV1	Rsad1	10090
Q5SUV2	Mycbpap	10090
Q5SUV5	Mylk4	10090
Q5SV06	Spata22	10090
Q5SV17	TMEM240	9606
Q5SV42	Serpinb1c	10090
Q5SV66	Ccdc42	10090
Q5SV77	Ggnbp2	10090
Q5SV80	Myo19	10090
Q5SV85	Synrg	10090
Q5SV97	PERM1	9606
Q5SVD0	Rflnb	10090
Q5SVJ3	SPMIP3	9606
Q5SVL6	Rap1gap2	10090
Q5SVQ0	Kat7	10090
Q5SVQ8	ZBTB41	9606
Q5SVR0	Tbc1d9b	10090
Q5SVS4	SLC25A30	9606
Q5SVT3	Etaa1	10090
Q5SVZ6	ZMYM1	9606
Q5SW19	Cluh	10090
Q5SW24	DACT2	9606
Q5SW25	Pom121l2	10090
Q5SW28	Pik3r5	10090
Q5SW45	Mks1	10090
Q5SW46	Lpo	10090
Q5SW75	Ssh2	10090
Q5SW79	CEP170	9606
Q5SW96	LDLRAP1	9606
Q5SWA1	PPP1R15B	9606
Q5SWD9	Tsr1	10090
Q5SWH9	TMEM69	9606
Q5SWK7	Rnf145	10090
Q5SWL7	PRAMEF14	9606
Q5SWL8	PRAMEF19	9606
Q5SWP3	Nacad	10090
Q5SWT3	Slc25a35	10090
Q5SWU9	Acaca	10090
Q5SWW4	Med13	10090
Q5SWX8	ODR4	9606
Q5SWY7	Fam83g	10090
Q5SWY8	Slc5a10	10090
Q5SWZ9	Pld6	10090
Q5SX19	Pigl	10090
Q5SX39	Myh4	10090
Q5SX40	Myh1	10090
Q5SX79	Shroom1	10090
Q5SXA9	Wwc1	10090
Q5SXG7	Vmo1	10090
Q5SXH7	PLEKHS1	9606
Q5SXI5	Znf496	10090
Q5SXJ3	Brip1	10090
Q5SXM1	ZNF678	9606
Q5SXM2	SNAPC4	9606
Q5SXM8	DNLZ	9606
Q5SXY1	Specc1	10090
Q5SY13	COL5A1-AS1	9606
Q5SY16	NOL9	9606
Q5SY68	S100A7L2	9606
Q5SY80	CATSPERE	9606
Q5SY85	FAM201A	9606
Q5SYB0	FRMPD1	9606
Q5SYC1	CLVS2	9606
Q5SYD0	Myo1d	10090
Q5SYE7	NHSL1	9606
Q5SYH2	Vma12	10090
Q5SYL1	Rskr	10090
Q5SYL3	Bltp2	10090
Q5SZ93	Slc17a3	10090
Q5SZ99	Trim38	10090
Q5SZA1	Slc17a2	10090
Q5SZB4	C9orf50	9606
Q5SZD1	C6orf141	9606
Q5SZD4	GLYATL3	9606
Q5SZI1	LDLRAD2	9606
Q5SZJ8	BEND6	9606
Q5SZK8	FREM2	9606
Q5SZL2	CEP85L	9606
Q5SZQ8	CELF3	9606
Q5SZT7	Nkapl	10090
Q5SZV5	Kiaa0319	10090
Q5T011	SZT2	9606
Q5T013	HYI	9606
Q5T035	FAM120A2P	9606
Q5T036	FAM120AOS	9606
Q5T089	MORN1	9606
Q5T0B9	ZNF362	9606
Q5T0D9	TPRG1L	9606
Q5T0F9	CC2D1B	9606
Q5T0J3	C1orf220	9606
Q5T0J7	TEX35	9606
Q5T0L3	SPATA46	9606
Q5T0N1	CFAP70	9606
Q5T0N5	FNBP1L	9606
Q5T0T0	MARCHF8	9606
Q5T0U0	CCDC122	9606
Q5T0W9	FAM83B	9606
Q5T0Z8	C6orf132	9606
Q5T124	UBXN11	9606
Q5T160	RARS2	9606
Q5T197	DCST1	9606
Q5T1A1	DCST2	9606
Q5T1B0	AXDND1	9606
Q5T1C6	THEM4	9606
Q5T1H1	EYS	9606
Q5T1J5	CHCHD2P9	9606
Q5T1M5	FKBP15	9606
Q5T1N1	AKNAD1	9606
Q5T1Q4	SLC35F1	9606
Q5T1R4	HIVEP3	9606
Q5T1S8	NCMAP	9606
Q5T1V6	DDX59	9606
Q5T200	ZC3H13	9606
Q5T215	TRAPPC3L	9606
Q5T230	UTF1	9606
Q5T280	SPOUT1	9606
Q5T292	TMEM273	9606
Q5T2D2	TREML2	9606
Q5T2D3	OTUD3	9606
Q5T2E6	ARMH3	9606
Q5T2L2	AKR1C8	9606
Q5T2N8	ATAD3C	9606
Q5T2Q4	CCNYL2	9606
Q5T2R2	PDSS1	9606
Q5T2S8	ODAD2	9606
Q5T2T1	MPP7	9606
Q5T2W1	PDZK1	9606
Q5T3F8	TMEM63B	9606
Q5T3I0	GPATCH4	9606
Q5T3J3	LRIF1	9606
Q5T3U5	ABCC10	9606
Q5T3Y7	POPDC1-AS1	9606
Q5T440	IBA57	9606
Q5T442	GJC2	9606
Q5T447	HECTD3	9606
Q5T481	RBM20	9606
Q5T4B2	CERCAM	9606
Q5T4D3	TMTC4	9606
Q5T4F4	ZFYVE27	9606
Q5T4F7	SFRP5	9606
Q5T4H9	MIR1915HG	9606
Q5T4I8	C6orf52	9606
Q5T4S7	UBR4	9606
Q5T4T1	TMEM170B	9606
Q5T4T6	SYCP2L	9606
Q5T4W7	ARTN	9606
Q5T5A4	CFAP276	9606
Q5T5A8	LCE3C	9606
Q5T5B0	LCE3E	9606
Q5T5C0	STXBP5	9606
Q5T5D7	ZNF684	9606
Q5T5F5	ADAMTSL4-AS1	9606
Q5T5J6	SWT1	9606
Q5T5M9	CCNJ	9606
Q5T5N4	C6orf118	9606
Q5T5P2	KIAA1217	9606
Q5T5S1	CCDC183	9606
Q5T5U3	ARHGAP21	9606
Q5T5X7	BEND3	9606
Q5T5Y3	CAMSAP1	9606
Q5T601	ADGRF1	9606
Q5T619	ZNF648	9606
Q5T653	MRPL2	9606
Q5T655	CFAP58	9606
Q5T681	C10orf62	9606
Q5T686	AVPI1	9606
Q5T6C5	ATXN7L2	9606
Q5T6F0	DCAF12	9606
Q5T6F2	UBAP2	9606
Q5T6J7	IDNK	9606
Q5T6L9	ERMARD	9606
Q5T6M2	LINC00242	9606
Q5T6R2	TPTE2P1	9606
Q5T6S3	PHF19	9606
Q5T6V5	QNG1	9606
Q5T6X4	FAM162B	9606
Q5T6X5	GPRC6A	9606
Q5T700	LDLRAD1	9606
Q5T742	ZNF22-AS1	9606
Q5T749	KPRP	9606
Q5T750	KPLCE	9606
Q5T751	LCE1C	9606
Q5T752	LCE1D	9606
Q5T753	LCE1E	9606
Q5T754	LCE1F	9606
Q5T764	IFIT1B	9606
Q5T7B8	KIF24	9606
Q5T7M4	C1QTNF12	9606
Q5T7M9	DIPK1A	9606
Q5T7N2	L1TD1	9606
Q5T7N3	KANK4	9606
Q5T7N8	FAM27D1	9606
Q5T7P2	LCE1A	9606
Q5T7P3	LCE1B	9606
Q5T7P6	TMEM78	9606
Q5T7P8	SYT6	9606
Q5T7R7	C1orf185	9606
Q5T7V8	GORAB	9606
Q5T7W0	ZNF618	9606
Q5T7W7	TSTD2	9606
Q5T848	GPR158	9606
Q5T870	PRR9	9606
Q5T871	LELP1	9606
Q5T890	ERCC6L2	9606
Q5T8A7	PPP1R26	9606
Q5T8D3	ACBD5	9606
Q5T8I3	EEIG2	9606
Q5T8I9	HENMT1	9606
Q5T8P6	RBM26	9606
Q5T8R8	DOCK8-AS1	9606
Q5T953	IER5L	9606
Q5T9A4	ATAD3B	9606
Q5T9C2	EEIG1	9606
Q5T9C9	PIP5KL1	9606
Q5T9G4	ARMC12	9606
Q5T9L3	WLS	9606
Q5T9S5	CCDC18	9606
Q5T9Z0	TEDDM1	9606
Q5TA31	RNF187	9606
Q5TA45	INTS11	9606
Q5TA50	CPTP	9606
Q5TA76	LCE3A	9606
Q5TA77	LCE3B	9606
Q5TA78	LCE4A	9606
Q5TA79	LCE2A	9606
Q5TA81	LCE2C	9606
Q5TA82	LCE2D	9606
Q5TA89	HES5	9606
Q5TAA0	TTC22	9606
Q5TAB7	RIPPLY2	9606
Q5TAG4	NBPF12	9606
Q5TAH2	SLC9C2	9606
Q5TAP6	UTP14C	9606
Q5TAQ9	DCAF8	9606
Q5TAT6	COL13A1	9606
Q5TAX3	TUT4	9606
Q5TB30	DEPDC1	9606
Q5TB80	CEP162	9606
Q5TBA9	FRY	9606
Q5TBB1	RNASEH2B	9606
Q5TBC7	BCL2L15	9606
Q5TBE3	C9orf153	9606
Q5TBK1	N4BP2L1	9606
Q5TC04	ATP1A1-AS1	9606
Q5TC12	ATPAF1	9606
Q5TC63	GRTP1	9606
Q5TC79	ZBTB37	9606
Q5TC82	RC3H1	9606
Q5TC84	OGFRL1	9606
Q5TCH4	CYP4A22	9606
Q5TCM9	LCE5A	9606
Q5TCQ9	MAGI3	9606
Q5TCS8	AK9	9606
Q5TCX8	MAP3K21	9606
Q5TCY1	TTBK1	9606
Q5TCZ1	SH3PXD2A	9606
Q5TD94	RSPH4A	9606
Q5TD97	FHL5	9606
Q5TDH0	DDI2	9606
Q5TDP6	LGSN	9606
Q5TEA3	DNAAF9	9606
Q5TEA6	SEL1L2	9606
Q5TEC3	ZNF697	9606
Q5TEC6	H3-7	9606
Q5TEJ8	THEMIS2	9606
Q5TEU4	NDUFAF5	9606
Q5TEZ4	LINC01590	9606
Q5TEZ5	C6orf163	9606
Q5TF21	MTCL3	9606
Q5TF39	SLC60A2	9606
Q5TF58	IFFO2	9606
Q5TFE4	NT5DC1	9606
Q5TFG8	ZC2HC1B	9606
Q5TFQ8	SIRPB1	9606
Q5TG30	ARHGAP40	9606
Q5TG53	SERTAD4-AS1	9606
Q5TGI0	FAXC	9606
Q5TGI4	SAMD5	9606
Q5TGJ6	HDGFL1	9606
Q5TGL8	PXDC1	9606
Q5TGP6	MROH9	9606
Q5TGS1	HES3	9606
Q5TGU0	TSPO2	9606
Q5TGY1	TMCO4	9606
Q5TGY3	AHDC1	9606
Q5TGZ0	MICOS10	9606
Q5TH69	ARFGEF3	9606
Q5TH74	STPG1	9606
Q5THJ4	VPS13D	9606
Q5THK1	PRR14L	9606
Q5THR3	EFCAB6	9606
Q5TI25	NBPF14	9606
Q5TIA1	MEI1	9606
Q5TID7	CCDC181	9606
Q5TIE3	VWA5B1	9606
Q5TIS6	Noto	10090
Q5TKA1	LIN9	9606
Q5TYM5	FAM72A	9606
Q5TYW1	ZNF658	9606
Q5TYW2	ANKRD20A1	9606
Q5TYX0	PRAMEF5	9606
Q5TZ20	OR2G6	9606
Q5TZA2	CROCC	9606
Q5TZF3	ANKRD45	9606
Q5TZJ5	SPATA31A1	9606
Q5U3C3	TMEM164	9606
Q5U3K5	Rabl6	10090
Q5U405	Tmprss13	10090
Q5U419	Slc33a2	10090
Q5U425	Smim10l3	10090
Q5U430	Ubr3	10090
Q5U431	Gpr39	10090
Q5U458	Dnajc11	10090
Q5U462	Cdcp1	10090
Q5U464	Asap3	10090
Q5U465	Ccdc125	10090
Q5U4C1	Gprasp1	10090
Q5U4C3	Scaf1	10090
Q5U4C9	Dyrk2	10090
Q5U4D8	Slc5a6	10090
Q5U4D9	Thoc6	10090
Q5U4E0	Lhfpl4	10090
Q5U4E2	Repin1	10090
Q5U4F6	Dync2i2	10090
Q5U4H9	Ncoa4	10090
Q5U4N7	GDF5-AS1	9606
Q5U4P2	ASPHD1	9606
Q5U5M8	Bloc1s3	10090
Q5U5Q3	MEX3C	9606
Q5U5Q9	Uimc1	10090
Q5U5R9	HECTD2	9606
Q5U5V2	Hykk	10090
Q5U5X0	LYRM7	9606
Q5U5X8	FAM222A	9606
Q5U5Z8	AGBL2	9606
Q5U623	ATF7IP2	9606
Q5U649	C12orf60	9606
Q5U651	RASIP1	9606
Q5U680	Slc25a26	10090
Q5U901	Cpa6	10090
Q5UAK0	Mier1	10090
Q5UAW9	GPR157	9606
Q5UBV8	Tnfsf15	10090
Q5UCC4	EMC10	9606
Q5UE93	PIK3R6	9606
Q5UIP0	RIF1	9606
Q5UKY4	Cd200r3	10090
Q5UW37	Cxcl17	10090
Q5VCS6	Tdrd5	10090
Q5VIR6	VPS53	9606
Q5VIY5	ZNF468	9606
Q5VSG8	MANEAL	9606
Q5VSL9	STRIP1	9606
Q5VSP4	LCN1P1	9606
Q5VSR9	SPANXN1	9606
Q5VST6	ABHD17B	9606
Q5VST9	OBSCN	9606
Q5VSY0	GKAP1	9606
Q5VT03	NUTM2D	9606
Q5VT06	CEP350	9606
Q5VT25	CDC42BPA	9606
Q5VT28	FAM27B; FAM27C	9606
Q5VT33	LINC01545	9606
Q5VT40	FAM78B	9606
Q5VT52	RPRD2	9606
Q5VT66	MTARC1	9606
Q5VT79	ANXA8L1	9606
Q5VT97	SYDE2	9606
Q5VT98	PRAMEF20	9606
Q5VT99	LRRC38	9606
Q5VTA0	PRAMEF17	9606
Q5VTB9	RNF220	9606
Q5VTD9	GFI1B	9606
Q5VTE0	EEF1A1P5	9606
Q5VTE6	ANGEL2	9606
Q5VTH2	CFAP126	9606
Q5VTH9	DNAI4	9606
Q5VTJ3	KLHDC7A	9606
Q5VTL7	FNDC7	9606
Q5VTL8	PRPF38B	9606
Q5VTM2	AGAP9	9606
Q5VTQ0	TTC39B	9606
Q5VTR2	RNF20	9606
Q5VTT2	CFAP95	9606
Q5VTT5	MYOM3	9606
Q5VTU8	ATP5F1EP2	9606
Q5VTY9	HHAT	9606
Q5VU36	SPATA31A5	9606
Q5VU43	PDE4DIP	9606
Q5VU57	AGBL4	9606
Q5VU65	NUP210L	9606
Q5VU69	CFAP141	9606
Q5VU92	DCAF12L1	9606
Q5VU97	CACHD1	9606
Q5VUA4	ZNF318	9606
Q5VUB5	FAM171A1	9606
Q5VUD6	DIPK1B	9606
Q5VUE5	C1orf53	9606
Q5VUG0	SFMBT2	9606
Q5VUJ5	AGAP7P	9606
Q5VUJ6	LRCH2	9606
Q5VUJ9	DRC8	9606
Q5VUM1	SDHAF4	9606
Q5VUR7	ANKRD20A3P	9606
Q5VUY0	AADACL3	9606
Q5VUY2	AADACL4	9606
Q5VV16	FOXD4L5	9606
Q5VV17	OTUD1	9606
Q5VV41	ARHGEF16	9606
Q5VV42	CDKAL1	9606
Q5VV43	KIAA0319	9606
Q5VV52	ZNF691	9606
Q5VV63	ATRNL1	9606
Q5VV67	PPRC1	9606
Q5VVB8	TMEM244	9606
Q5VVC0	SPO16	9606
Q5VVH2	FKBP1C	9606
Q5VVH5	IRAK1BP1	9606
Q5VVJ2	MYSM1	9606
Q5VVM6	CCDC30	9606
Q5VVP1	SPATA31A6	9606
Q5VVQ6	YOD1	9606
Q5VVS0	C1orf140	9606
Q5VVW2	GARNL3	9606
Q5VVX9	UBE2U	9606
Q5VVY1	NTMT2	9606
Q5VW00	DCAF12L2	9606
Q5VW22	AGAP6	9606
Q5VW32	BROX	9606
Q5VW36	FOCAD	9606
Q5VW38	GPR107	9606
Q5VWC8	HACD4	9606
Q5VWG9	TAF3	9606
Q5VWI1	TCERG1L	9606
Q5VWJ9	SNX30	9606
Q5VWK0	NBPF6	9606
Q5VWK5	IL23R	9606
Q5VWM3	PRAMEF18	9606
Q5VWM4	PRAMEF8	9606
Q5VWM6	PRAMEF13	9606
Q5VWN6	TASOR2	9606
Q5VWP2	TENT5C	9606
Q5VWP3	MLIP	9606
Q5VWQ0	RSBN1	9606
Q5VWQ8	DAB2IP	9606
Q5VWT5	FYB2	9606
Q5VWW1	C1QL3	9606
Q5VWX1	KHDRBS2	9606
Q5VWZ2	LYPLAL1	9606
Q5VX52	SPATA1	9606
Q5VX71	SUSD4	9606
Q5VXD3	SAMD13	9606
Q5VXH4	PRAMEF6	9606
Q5VXH5	PRAMEF7	9606
Q5VXI9	LIPN	9606
Q5VXJ0	LIPK	9606
Q5VXM1	CDCP2	9606
Q5VXT5	SYPL2	9606
Q5VXU1	NKAIN2	9606
Q5VXU3	CHIC1	9606
Q5VXU9	SHOC1	9606
Q5VY09	IER5	9606
Q5VY43	PEAR1	9606
Q5VY80	RAET1L	9606
Q5VYJ5	MALRD1	9606
Q5VYK3	ECPAS	9606
Q5VYM1	SPATA31G1	9606
Q5VYP0	SPATA31A3	9606
Q5VYS4	MEDAG	9606
Q5VYS8	TUT7	9606
Q5VYV0	FOXB2	9606
Q5VYV7	SLX4IP	9606
Q5VYX0	RNLS	9606
Q5VYY1	ANKRD22	9606
Q5VYY2	LIPM	9606
Q5VZ03	NXNL2	9606
Q5VZ18	SHE	9606
Q5VZ19	TDRD10	9606
Q5VZ46	KIAA1614	9606
Q5VZ52	MORN5	9606
Q5VZ66	JAKMIP3	9606
Q5VZ72	IZUMO3	9606
Q5VZ89	DENND4C	9606
Q5VZB9	DMRTA1	9606
Q5VZE5	NAA35	9606
Q5VZF2	MBNL2	9606
Q5VZI3	TMEM268	9606
Q5VZK9	CARMIL1	9606
Q5VZL5	ZMYM4	9606
Q5VZM2	RRAGB	9606
Q5VZP5	STYXL2	9606
Q5VZQ5	TEX36	9606
Q5VZR2	NUTM2G	9606
Q5VZR4	SLC71A3P	9606
Q5VZV1	METTL21C	9606
Q5VZY2	PLPP4	9606
Q5W041	ARMC3	9606
Q5W064	LIPJ	9606
Q5W0A0	ERICH6B	9606
Q5W0B1	OBI1	9606
Q5W0B7	TMEM236	9606
Q5W0N0	C9orf57	9606
Q5W0Q7	USPL1	9606
Q5W0U4	BSPRY	9606
Q5W0V3	FHIP2A	9606
Q5W0Z9	ZDHHC20	9606
Q5W111	SPRYD7	9606
Q5W186	CST9	9606
Q5W188	CST9LP1	9606
Q5W5W9	RESP18	9606
Q5W5X9	TTC23	9606
Q5XF89	Atp13a3	10090
Q5XF90	Atp13a4	10090
Q5XFR0	Pabpn1l	10090
Q5XFZ0	Rmp24	10090
Q5XG69	Fam169a	10090
Q5XG71	Utp20	10090
Q5XG73	Acbd5	10090
Q5XG87	TENT4A	9606
Q5XG92	CES4A	9606
Q5XG99	LYSMD4	9606
Q5XJE5	Leo1	10090
Q5XJV6	Lmtk3	10090
Q5XJV7	Setd5	10090
Q5XJY4	Parl	10090
Q5XJY5	Arcn1	10090
Q5XJY6	Fancb	10090
Q5XK03	Serinc4	10090
Q5XKE0	Mybpc2	10090
Q5XKE5	KRT79	9606
Q5XKK7	FAM219B	9606
Q5XKL5	BTBD8	9606
Q5XKN4	Jagn1	10090
Q5XKP0	MICOS13	9606
Q5XKR4	OTP	9606
Q5XKR9	VCF2	9606
Q5XLA6	CARD17P	9606
Q5XPI3	Rnf123	10090
Q5XPI4	RNF123	9606
Q5XPT3	Large2	10090
Q5XUX0	FBXO31	9606
Q5XUX1	FBXW9	9606
Q5XX13	FBXW10	9606
Q5XXA6	ANO1	9606
Q5Y4Y6	Gsdma3	10090
Q5Y5T1	Zdhhc20	10090
Q5Y5T2	Zdhhc18	10090
Q5Y5T3	Zdhhc23	10090
Q5Y5T5	Zdhhc8	10090
Q5YD48	A1cf	10090
Q5YKI7	GGNBP1	9606
Q5ZPR3	CD276	9606
Q60519	Sema5b	10090
Q60520	Sin3a	10090
Q60571	Crhbp	10090
Q60575	Kif1b	10090
Q60584	Fbxw2	10090
Q60585	Zfp30	10090
Q60589	Emv2	10090
Q60590	Orm1	10090
Q60591	Nfatc2	10090
Q60592	Mast2	10090
Q60595	Xlr3a	10090
Q60596	Xrcc1	10090
Q60597	Ogdh	10090
Q60598	Cttn	10090
Q60603	Kcnh1	10090
Q60604	Scin	10090
Q60605	Myl6	10090
Q60610	Tiam1	10090
Q60611	Satb1	10090
Q60612	Adora1	10090
Q60613	Adora2a	10090
Q60614	Adora2b	10090
Q60625	Icam5	10090
Q60629	Epha5	10090
Q60631	Grb2	10090
Q60632	Nr2f1	10090
Q60634	Flot2	10090
Q60636	Prdm1	10090
Q60641	Nr1h4	10090
Q60644	Nr1h2	10090
Q60648	Gm2a	10090
Q60649	Clpb	10090
Q60651	Klra4	10090
Q60652	Klra5	10090
Q60653	Klra6	10090
Q60654	Klra7	10090
Q60660	Klra2	10090
Q60662	Akap4	10090
Q60664	Irag2	10090
Q60665	Skil	10090
Q60668	Hnrnpd	10090
Q60670	Sik1	10090
Q60673	Ptprn	10090
Q60674	Nr1d2	10090
Q60675	Lama2	10090
Q60676	Ppp5c	10090
Q60677	Itgae	10090
Q60680	Chuk	10090
Q60682	Klra8	10090
Q60687	Fshb	10090
Q60688	Foxd4	10090
Q60692	Psmb6	10090
Q60695	Rgl1	10090
Q60696	Pmel	10090
Q60698	Ski	10090
Q60700	Map3k12	10090
Q60707	Tbx2	10090
Q60710	Samhd1	10090
Q60714	Slc27a1	10090
Q60715	P4ha1	10090
Q60716	P4ha2	10090
Q60718	Adam2	10090
Q60720	Cyb561	10090
Q60722	Tcf4	10090
Q60736	Zp3r	10090
Q60737	Csnk2a1	10090
Q60738	Slc30a1	10090
Q60739	Bag1	10090
Q60748	Crhr2	10090
Q60749	Khdrbs1	10090
Q60750	Epha1	10090
Q60751	Igf1r	10090
Q60753	Ctf1	10090
Q60754	Marco	10090
Q60755	Calcr	10090
Q60756	Tcf15	10090
Q60759	Gcdh	10090
Q60760	Grb10	10090
Q60764	Mkrn3	10090
Q60765	Atf3	10090
Q60766	Irgm1	10090
Q60767	Ly75	10090
Q60769	Tnfaip3	10090
Q60770	Stxbp3	10090
Q60771	Cldn11	10090
Q60772	Cdkn2c	10090
Q60773	Cdkn2d	10090
Q60774	Tmem45a	10090
Q60775	Elf1	10090
Q60778	Nfkbib	10090
Q60779	Drc4	10090
Q60780	Gas7	10090
Q60787	Lcp2	10090
Q60790	Rasa3	10090
Q60793	Klf4	10090
Q60795	Nfe2l2	10090
Q60803	Traf3	10090
Q60805	Mertk	10090
Q60806	Plk3	10090
Q60809	Cnot7	10090
Q60813	Adam1a	10090
Q60817	Naca	10090
Q60819	Il15ra	10090
Q60821	Zbtb17	10090
Q60823	Akt2	10090
Q60825	Slc34a1	10090
Q60829	Ppp1r1b	10090
Q60837	Il12rb1	10090
Q60838	Dvl2	10090
Q60841	Reln	10090
Q60843	Klf2	10090
Q60846	Tnfrsf8	10090
Q60847	Col12a1	10090
Q60848	Hells	10090
Q60850	Slc23a3	10090
Q60854	Serpinb6	10090
Q60855	Ripk1	10090
Q60856	Oas1b	10090
Q60857	Slc6a4	10090
Q60860	Ltc4s	10090
Q60862	Orc2	10090
Q60864	Stip1	10090
Q60865	Caprin1	10090
Q60866	Pter	10090
Q60867	Neurod1	10090
Q60870	Reep5	10090
Q60872	Eif1a	10090
Q60875	Arhgef2	10090
Q60876	Eif4ebp1	10090
Q60878	Or4c3d	10090
Q60879	Or1j1	10090
Q60880	Or5t18	10090
Q60881	Or4b13	10090
Q60882	Or8b8	10090
Q60883	Or2y1b	10090
Q60884	Or8g17	10090
Q60885	Or10p22	10090
Q60886	Or8b3	10090
Q60887	Or10n1	10090
Q60888	Or10d1b	10090
Q60889	Or6z7	10090
Q60890	Or2b6	10090
Q60891	Or3a10	10090
Q60892	Or7a42	10090
Q60893	Or8a1	10090
Q60894	Or9s13	10090
Q60895	Or8g50	10090
Q60898	Sla	10090
Q60899	Elavl2	10090
Q60900	Elavl3	10090
Q60902	Eps15l1	10090
Q60925	Dbp	10090
Q60928	Ggt1	10090
Q60929	Mef2a	10090
Q60930	Vdac2	10090
Q60931	Vdac3	10090
Q60932	Vdac1	10090
Q60934	Grik1	10090
Q60935	Art1	10090
Q60936	Coq8a	10090
Q60943	Il17ra	10090
Q60945	Mtcp1	10090
Q60948	Mxd4	10090
Q60949	Tbc1d1	10090
Q60952	Cep250	10090
Q60953	Pml	10090
Q60954	Meis1	10090
Q60960	Kpna1	10090
Q60961	Laptm4a	10090
Q60963	Pla2g7	10090
Q60967	Papss1	10090
Q60969	Styx	10090
Q60972	Rbbp4	10090
Q60973	Rbbp7	10090
Q60974	Ncor1	10090
Q60976	Jrk	10090
Q60980	Klf3	10090
Q60987	Foxg1	10090
Q60988	Stil	10090
Q60989	Xiap	10090
Q60990	Rbmyf9	10090
Q60991	Cyp7b1	10090
Q60992	Vav2	10090
Q60994	Adipoq	10090
Q60996	Ppp2r5c	10090
Q60997	Dmbt1	10090
Q60I26	Als2cl	10090
Q60I27	ALS2CL	9606
Q61001	Lama5	10090
Q61003	Cd6	10090
Q61006	Musk	10090
Q61009	Scarb1	10090
Q61010	Dtx1	10090
Q61011	Gnb3	10090
Q61012	Gngt1	10090
Q61016	Gng7	10090
Q61017	Gngt2	10090
Q61024	Asns	10090
Q61025	Ift20	10090
Q61026	Ncoa2	10090
Q61029	Tmpo	10090
Q61033	Tmpo	10090
Q61035	Hars1	10090
Q61036	Pak3	10090
Q61037	Tsc2	10090
Q61038	Gpr65	10090
Q61039	Hand2	10090
Q61041	Npy4r	10090
Q61043	Nin	10090
Q61045	Sim1	10090
Q61048	Wbp4	10090
Q61056	Trpc1	10090
Q61060	Foxd3	10090
Q61062	Dvl3	10090
Q61066	Nr0b1	10090
Q61068	Usp17la	10090
Q61069	Usf1	10090
Q61070	Ei24	10090
Q61072	Adam9	10090
Q61074	Ppm1g	10090
Q61079	Sim2	10090
Q61080	Foxf1	10090
Q61081	Cdc37	10090
Q61083	Map3k2	10090
Q61084	Map3k3	10090
Q61085	Rhpn1	10090
Q61086	Fzd3	10090
Q61087	Lamb3	10090
Q61088	Fzd4	10090
Q61089	Fzd6	10090
Q61090	Fzd7	10090
Q61091	Fzd8	10090
Q61092	Lamc2	10090
Q61093	Cybb	10090
Q61096	Prtn3	10090
Q61097	Ksr1	10090
Q61098	Il18r1	10090
Q61102	Abcb7	10090
Q61103	Dpf2	10090
Q61107	Gbp3	10090
Q61112	Sdf4	10090
Q61114	Bpifb1	10090
Q61115	Ptch1	10090
Q61116	Znf235	10090
Q61120	Shc3	10090
Q61121	Gpr19	10090
Q61122	Nab1	10090
Q61124	Cln3	10090
Q61125	Bdkrb1	10090
Q61127	Nab2	10090
Q61129	Cfi	10090
Q61133	Gstt2	10090
Q61136	Prp4k	10090
Q61137	Astn1	10090
Q61139	Pcsk7	10090
Q61140	Bcar1	10090
Q61142	Spin1	10090
Q61143	Trpc6	10090
Q61144	Psen2	10090
Q61146	Ocln	10090
Q61147	Cp	10090
Q61151	Ppp2r5e	10090
Q61152	Ptpn18	10090
Q61153	Dio1	10090
Q61160	Fadd	10090
Q61161	Map4k2	10090
Q61164	Ctcf	10090
Q61165	Slc9a1	10090
Q61166	Mapre1	10090
Q61168	Laptm5	10090
Q61169	Gata6	10090
Q61171	Prdx2	10090
Q61176	Arg1	10090
Q61179	Irf9	10090
Q61180	Scnn1a	10090
Q61183	Papola	10090
Q61184	Mtnr1a	10090
Q61187	Tsg101	10090
Q61188	Ezh2	10090
Q61189	Clns1a	10090
Q61190	Il10rb	10090
Q61191	Hcfc1	10090
Q61193	Rgl2	10090
Q61194	Pik3c2a	10090
Q61199	Nxph2	10090
Q61200	Nxph1	10090
Q61205	Pafah1b3	10090
Q61206	Pafah1b2	10090
Q61207	Psap	10090
Q61210	Arhgef1	10090
Q61211	Eif2d	10090
Q61212	Npy6r	10090
Q61214	Dyrk1a	10090
Q61216	Mre11	10090
Q61220	Nell2	10090
Q61221	Hif1a	10090
Q61224	Htr1d	10090
Q61233	Lcp1	10090
Q61234	Snta1	10090
Q61235	Sntb2	10090
Q61239	Fnta	10090
Q61241	Tssk1b	10090
Q61245	Col11a1	10090
Q61247	Serpinf2	10090
Q61249	Igbp1	10090
Q61263	Soat1	10090
Q61268	Apoc4	10090
Q61271	Acvr1b	10090
Q61282	Acan	10090
Q61285	Abcd2	10090
Q61286	Tcf12	10090
Q61288	Acvrl1	10090
Q61290	Cacna1e	10090
Q61292	Lamb2	10090
Q61301	Ctnna2	10090
Q61312	Tfap2c	10090
Q61313	Tfap2b	10090
Q61315	Apc	10090
Q61316	Hspa4	10090
Q61321	Six4	10090
Q61324	Arnt2	10090
Q61327	Slc6a3	10090
Q61329	Zfhx3	10090
Q61330	Cntn2	10090
Q61333	Tnfaip2	10090
Q61334	Bcap29	10090
Q61335	Bcap31	10090
Q61337	Bad	10090
Q61345	Foxd1	10090
Q61361	Bcan	10090
Q61362	Chi3l1	10090
Q61371	Ift88	10090
Q61382	Traf4	10090
Q61387	Cox7a2l	10090
Q61390	Cct6b	10090
Q61391	Mme	10090
Q61398	Pcolce	10090
Q61400	Ceacam10	10090
Q61409	Pde3b	10090
Q61410	Prkg2	10090
Q61411	Hras	10090
Q61412	Vsx2	10090
Q61414	Krt15	10090
Q61418	Clcn4	10090
Q61419	Cmah	10090
Q61420	Slc35a1	10090
Q61423	Kcna4	10090
Q61425	Hadh	10090
Q61450	Lilrb4b	10090
Q61451	Cd53	10090
Q61456	Ccna1	10090
Q61457	Ccne1	10090
Q61458	Ccnh	10090
Q61462	Cyba	10090
Q61464	Znf638	10090
Q61466	Smarcd1	10090
Q61467	Zic4	10090
Q61468	Msln	10090
Q61469	Plpp1	10090
Q61470	Cd37	10090
Q61471	Tob1	10090
Q61473	Sox17	10090
Q61474	Msi1	10090
Q61475	Cd55	10090
Q61476	Cd55b	10090
Q61477	Nbl1	10090
Q61481	Pde1a	10090
Q61483	Dll1	10090
Q61488	Dhh	10090
Q61490	Alcam	10090
Q61493	Rev3l	10090
Q61495	Dsg1a	10090
Q61496	Ddx4	10090
Q61500	Itm2a	10090
Q61501	E2f1	10090
Q61502	E2f5	10090
Q61503	Nt5e	10090
Q61508	Ecm1	10090
Q61510	Trim25	10090
Q61521	Ereg	10090
Q61526	Erbb3	10090
Q61527	Erbb4	10090
Q61532	Mapk6	10090
Q61539	Esrrb	10090
Q61542	Stard3	10090
Q61543	Glg1	10090
Q61545	Ewsr1	10090
Q61548	Snap91	10090
Q61549	Adgre1	10090
Q61550	Rad21	10090
Q61553	Fscn1	10090
Q61554	Fbn1	10090
Q61555	Fbn2	10090
Q61559	Fcgrt	10090
Q61572	Foxc1	10090
Q61574	Foxs1	10090
Q61575	Foxn1	10090
Q61576	Fkbp10	10090
Q61578	Fdxr	10090
Q61581	Igfbp7	10090
Q61584	Fxr1	10090
Q61585	G0s2	10090
Q61586	Gpam	10090
Q61592	Gas6	10090
Q61595	Ktn1	10090
Q61597	Crygc	10090
Q61598	Gdi2	10090
Q61599	Arhgdib	10090
Q61602	Gli3	10090
Q61603	Glra4	10090
Q61606	Gcgr	10090
Q61609	Slc20a1	10090
Q61614	Ednra	10090
Q61616	Drd1	10090
Q61618	Adora3	10090
Q61624	Znf148	10090
Q61625	Grid2	10090
Q61626	Grik5	10090
Q61627	Grid1	10090
Q61644	Pacsin1	10090
Q61645	Hr	10090
Q61646	Hp	10090
Q61647	Has1	10090
Q61655	Ddx19a	10090
Q61656	Ddx5	10090
Q61657	Hes3	10090
Q61658	Hesx1	10090
Q61660	Foxj1	10090
Q61663	Tlx2	10090
Q61666	Hira	10090
Q61670	Hlx	10090
Q61672	Slc29a2	10090
Q61686	Cbx5	10090
Q61687	Atrx	10090
Q61694	Hsd3b5	10090
Q61696	Hspa1a	10090
Q61699	Hsph1	10090
Q61701	Elavl4	10090
Q61702	Itih1	10090
Q61703	Itih2	10090
Q61704	Itih3	10090
Q61711	Ibsp	10090
Q61712	Dnajc1	10090
Q61716	Ifna11	10090
Q61727	Il10ra	10090
Q61730	Il1rap	10090
Q61733	Mrps31	10090
Q61735	Cd47	10090
Q61738	Itga7	10090
Q61739	Itga6	10090
Q61743	Kcnj11	10090
Q61749	Eif2b4	10090
Q61751	Znf354a	10090
Q61753	Phgdh	10090
Q61754	Klk1b24	10090
Q61759	Klk1b21	10090
Q61762	Kcna5	10090
Q61765	Krt31	10090
Q61767	Hsd3b4	10090
Q61768	Kif5b	10090
Q61771	Kif3b	10090
Q61772	Epha7	10090
Q61781	Krt14	10090
Q61789	Lama3	10090
Q61790	Lag3	10090
Q61792	Lasp1	10090
Q61805	Lbp	10090
Q61806	Xlr3c	10090
Q61809	Lrrn1	10090
Q61810	Ltbp3	10090
Q61817	Creb3	10090
Q61818	Rai1	10090
Q61820	Rasl2-9	10090
Q61823	Pdcd4	10090
Q61824	Adam12	10090
Q61826	Madcam1	10090
Q61827	Mafk	10090
Q61830	Mrc1	10090
Q61831	Mapk10	10090
Q61835	Fxyd3	10090
Q61838	Pzp	10090
Q61839	Nppc	10090
Q61845	Meig1	10090
Q61846	Melk	10090
Q61847	Mep1b	10090
Q61850	Foxc2	10090
Q61851	Fgfr3	10090
Q61858	Gpank1	10090
Q61865	Mia	10090
Q61878	Prg2	10090
Q61879	Myh10	10090
Q61880	Dmc1	10090
Q61881	Mcm7	10090
Q61884	Mns1	10090
Q61885	Mog	10090
Q61897	Krt33b	10090
Q61900	Smr3a	10090
Q61907	Pemt	10090
Q61908	Cmc4	10090
Q61909	Runx1t1	10090
Q61923	Kcna6	10090
Q61937	Npm1	10090
Q61941	Nnt	10090
Q61955	Klk8	10090
Q61967	Zfp90	10090
Q61979	Nnat	10090
Q61982	Notch3	10090
Q61983	Slc17a1	10090
Q61985	Nfe2l1	10090
Q61990	Pcbp2	10090
Q61999	Odf1	10090
Q62000	Ogn	10090
Q62005	Zp1	10090
Q62007	Or10j5	10090
Q62009	Postn	10090
Q62010	Ovgp1	10090
Q62011	Pdpn	10090
Q62018	Ctr9	10090
Q62028	Pla2r1	10090
Q62035	Ptafr	10090
Q62036	Cep131	10090
Q62048	Pea15	10090
Q62052	Oca2	10090
Q62053	Ptger2	10090
Q62059	Vcan	10090
Q62066	Phox2a	10090
Q62070	Pim2	10090
Q62073	Map3k7	10090
Q62074	Prkci	10090
Q62077	Plcg1	10090
Q62082	Myl10	10090
Q62083	Pick1	10090
Q62084	Ppp1r14b	10090
Q62086	Pon2	10090
Q62087	Pon3	10090
Q62092	Nsg1	10090
Q62093	Srsf2	10090
Q62095	Ddx3y	10090
Q62100	Prm3	10090
Q62101	Prkd1	10090
Q62108	Dlg4	10090
Q62120	Jak2	10090
Q62130	Ptpn14	10090
Q62132	Ptprr	10090
Q62136	Ptpn21	10090
Q62137	Jak3	10090
Q62141	Sin3b	10090
Q62147	Sspn	10090
Q62148	Aldh1a2	10090
Q62151	Ager	10090
Q62158	Trim27	10090
Q62159	Rhoc	10090
Q62160	Arhgdig	10090
Q62165	Dag1	10090
Q62167	Ddx3x	10090
Q62168	Krt32	10090
Q62170	Selplg	10090
Q62172	Ralbp1	10090
Q62176	Rbm38	10090
Q62177	Sema3b	10090
Q62178	Sema4a	10090
Q62179	Sema4b	10090
Q62181	Sema3c	10090
Q62186	Ssr4	10090
Q62187	Ttf1	10090
Q62188	Dpysl3	10090
Q62189	Snrpa	10090
Q62190	Mst1r	10090
Q62191	Trim21	10090
Q62192	Cd180	10090
Q62193	Rpa2	10090
Q62203	Sf3a2	10090
Q62205	Scn9a	10090
Q62209	Sycp1	10090
Q62210	Birc2	10090
Q62217	Sema5a	10090
Q62219	Tgfb1i1	10090
Q62220	Krtap5-4	10090
Q62225	Cish	10090
Q62226	Shh	10090
Q62227	Nr0b2	10090
Q62230	Siglec1	10090
Q62231	Six1	10090
Q62232	Six2	10090
Q62233	Six3	10090
Q62234	Myom1	10090
Q62240	Kdm5d	10090
Q62241	Snrpc	10090
Q62245	Sos1	10090
Q62249	Sox19	10090
Q62252	Spa17	10090
Q62255	Sall3	10090
Q62261	Sptbn1	10090
Q62264	Thrsp	10090
Q62266	Sprr1a	10090
Q62267	Sprr1b	10090
Q62270	Srms	10090
Q62273	Slc26a2	10090
Q62276	Med22	10090
Q62277	Syp	10090
Q62280	Ss18	10090
Q62282	Tal2	10090
Q62283	Tspan7	10090
Q62288	Spock1	10090
Q62293	Tgtp1	10090
Q62296	Tead4	10090
Q62302	Tex261	10090
Q62311	Taf6	10090
Q62312	Tgfbr2	10090
Q62313	Tgoln1	10090
Q62314	Tgoln2	10090
Q62315	Jarid2	10090
Q62318	Trim28	10090
Q62348	Tsn	10090
Q62351	Tfrc	10090
Q62356	Fstl1	10090
Q62361	Trh	10090
Q62371	Ddr2	10090
Q62376	Snrnp70	10090
Q62377	Zrsr2	10090
Q62381	Tll1	10090
Q62383	Supt6h	10090
Q62384	Zpr1	10090
Q62386	Il17a	10090
Q62388	Atm	10090
Q62392	Phlda1	10090
Q62393	Tpd52	10090
Q62394	Znf185	10090
Q62395	Tff3	10090
Q62396	Zfp92	10090
Q62398	Cnga2	10090
Q62401	Ccl12	10090
Q62406	Irak1	10090
Q62407	Speg	10090
Q62413	Epha6	10090
Q62414	Neurod2	10090
Q62415	Ppp1r13b	10090
Q62417	Sorbs1	10090
Q62418	Dbnl	10090
Q62419	Sh3gl1	10090
Q62420	Sh3gl2	10090
Q62421	Sh3gl3	10090
Q62422	Ostf1	10090
Q62424	Hoxa13	10090
Q62425	Coxfa4	10090
Q62426	Cstb	10090
Q62431	Arid3a	10090
Q62432	Smad2	10090
Q62433	Ndrg1	10090
Q62440	Tle1	10090
Q62441	Tle4	10090
Q62442	Vamp1	10090
Q62443	Nptx1	10090
Q62445	Sp4	10090
Q62446	Fkbp3	10090
Q62447	Ccnc	10090
Q62448	Eif4g2	10090
Q62452	Ugt1a9	10090
Q62463	Avpr1a	10090
Q62465	Vat1	10090
Q62468	Vil1	10090
Q62469	Itga2	10090
Q62470	Itga3	10090
Q62471	Lcn3	10090
Q62472	Lcn4	10090
Q62481	Vps72	10090
Q62504	Spen	10090
Q62507	Coch	10090
Q62511	Zfp91	10090
Q62513	Znf260	10090
Q62520	Zic2	10090
Q62521	Zic3	10090
Q62522	Zpbp	10090
Q62523	Zyx	10090
Q62556	Btn1a1	10090
Q62559	Ift52	10090
Q629K1	TRIQK	9606
Q63739	Ptp4a1	10090
Q63805	Orm3	10090
Q63810	Ppp3r1	10090
Q63811	Ppp3r2	10090
Q63829	Commd3	10090
Q63836	Selenbp2	10090
Q63844	Mapk3	10090
Q63850	Nup62	10090
Q63870	Col7a1	10090
Q63871	Polr2k	10090
Q63880	Ces3a	10090
Q63886	Ugt1a1	10090
Q63912	Omg	10090
Q63918	Cavin2	10090
Q63932	Map2k2	10090
Q63934	Pou4f2	10090
Q63943	Mef2d	10090
Q63955	Pou4f3	10090
Q63959	Kcnc3	10090
Q63961	Eng	10090
Q63994	Cd33	10090
Q63HK3	ZKSCAN2	9606
Q63HK5	TSHZ3	9606
Q63HM1	AFMID	9606
Q63HM2	PCNX4	9606
Q63HM9	PLCXD3	9606
Q63HN1	SPATA31F2P	9606
Q63HN8	RNF213	9606
Q63HQ0	AP1AR	9606
Q63HQ2	EGFLAM	9606
Q63HR2	TNS2	9606
Q63ZE4	SLC22A10	9606
Q63ZV0	Insm1	10090
Q63ZW6	Col4a5	10090
Q63ZW7	Patj	10090
Q63ZY3	KANK2	9606
Q63ZY6	NSUN5P2	9606
Q64008	Rab34	10090
Q64010	Crk	10090
Q64012	Raly	10090
Q64016	Defa17	10090
Q64018	Glra1	10090
Q64028	Phc1	10090
Q64092	Tfe3	10090
Q64096	Mcf2l	10090
Q640L3	Ccpg1	10090
Q640L5	Ccdc18	10090
Q640M1	Utp14a	10090
Q640M6	Gdpd5	10090
Q640N1	Aebp1	10090
Q640N2	Arl13b	10090
Q640N3	Arhgap30	10090
Q640P2	Angptl1	10090
Q640P4	Glt8d2	10090
Q640P7	Tbccd1	10090
Q640Q5	Pan3	10090
Q640R3	Hepacam	10090
Q64104	Nr2e1	10090
Q64105	Spr	10090
Q64112	Ifit2	10090
Q64124	Scx	10090
Q64127	Trim24	10090
Q64131	Runx3	10090
Q64133	Maoa	10090
Q64143	Pik3r3	10090
Q64151	Sema4c	10090
Q64152	Btf3	10090
Q64163	Tfdp2	10090
Q64176	Ces1e	10090
Q64191	Aga	10090
Q641K1	Agtpbp1	10090
Q641K5	Nuak1	10090
Q641P0	Actr3b	10090
Q641Q2	WASHC2A	9606
Q641Q3	METRNL	9606
Q64205	Dlx3	10090
Q64213	Sf1	10090
Q64221	Nhlh2	10090
Q64237	Dbh	10090
Q64249	Nr6a1	10090
Q64253	Ly6e	10090
Q64261	Cdk6	10090
Q64263	Defa-rs10	10090
Q64264	Htr1a	10090
Q64267	Xpa	10090
Q64277	Bst1	10090
Q64279	Hand1	10090
Q64280	Lefty1	10090
Q64281	Lilrb4a	10090
Q64282	Ifit1	10090
Q64285	Cel	10090
Q64287	Irf4	10090
Q64288	Omp	10090
Q64291	Krt12	10090
Q64299	Ccn3	10090
Q64302	Tm4sf1	10090
Q64310	Surf4	10090
Q64311	Ntan1	10090
Q64314	Cd34	10090
Q64317	Dlx1	10090
Q64318	Zeb1	10090
Q64321	Zbtb7b	10090
Q64322	Npdc1	10090
Q64323	Piga	10090
Q64324	Stxbp2	10090
Q64326	Mc2r	10090
Q64327	Mea1	10090
Q64329	Klra3	10090
Q64331	Myo6	10090
Q64332	Syn2	10090
Q64336	Tbr1	10090
Q64337	Sqstm1	10090
Q64338	Pde1c	10090
Q64339	Isg15	10090
Q64343	Abcg1	10090
Q64345	Ifit3	10090
Q64347	Clcn1	10090
Q64355	Efs	10090
Q64356	Svs6	10090
Q64362	Aktip	10090
Q64364	Cdkn2a	10090
Q64368	Dazl	10090
Q64373	Bcl2l1	10090
Q64374	Rgn	10090
Q64378	Fkbp5	10090
Q64385	Il11ra1	10090
Q64387	Pnoc	10090
Q64389	Cd52	10090
Q643R3	LPCAT4	9606
Q64429	Cyp1b1	10090
Q64430	Atp7a	10090
Q64433	Hspe1	10090
Q64434	Ptk6	10090
Q64435	Ugt1a6	10090
Q64436	Atp4a	10090
Q64437	Adh7	10090
Q64438	Ang2	10090
Q64441	Cyp24a1	10090
Q64442	Sord	10090
Q64444	Ca4	10090
Q64445	Cox8a	10090
Q64446	Atp7b	10090
Q64448	Gja3	10090
Q64449	Mrc2	10090
Q64455	Ptprj	10090
Q64458	Cyp2c29	10090
Q64459	Cyp3a11	10090
Q64462	Cyp4b1	10090
Q64464	Cyp3a13	10090
Q64467	Gapdhs	10090
Q64471	Gstt1	10090
Q64475	H2bc3	10090
Q64478	H2bc9	10090
Q64481	Cyp3a16	10090
Q64487	Ptprd	10090
Q64505	Cyp7a1	10090
Q64507	Krtap5-1	10090
Q64511	Top2b	10090
Q64512	Ptpn13	10090
Q64514	Tpp2	10090
Q64516	Gk	10090
Q64518	Atp2a3	10090
Q64519	Sdc3	10090
Q64520	Guk1	10090
Q64521	Gpd2	10090
Q64522	H2ac21	10090
Q64523	H2ac20	10090
Q64524	H2bc21	10090
Q64525	H2bc18	10090
Q64527	Wnt8a	10090
Q64669	Nqo1	10090
Q64674	Srm	10090
Q64676	Ugt8	10090
Q64685	St6gal1	10090
Q64687	St8sia1	10090
Q64689	St8sia3	10090
Q64691	Capn3	10090
Q64692	St8sia4	10090
Q64693	Pou2af1	10090
Q64695	Procr	10090
Q64697	Ptprcap	10090
Q64700	Rbl2	10090
Q64701	Rbl1	10090
Q64702	Plk4	10090
Q64704	Stx3	10090
Q64705	Usf2	10090
Q64707	Zrsr2-ps1	10090
Q64726	Azgp1	10090
Q64727	Vcl	10090
Q64729	Tgfbr1	10090
Q64731	Foxl1	10090
Q64732	Foxb1	10090
Q64733	Foxb2	10090
Q64735	Cr1l	10090
Q64737	Gart	10090
Q64739	Col11a2	10090
Q64ET8	FRG2	9606
Q64FW2	Retsat	10090
Q64G17	Anp32c	10090
Q64GA5	Pla2g4c	10090
Q64HY3	Sp9	10090
Q64LD2	WDR25	9606
Q658K8	EEF1DP3	9606
Q658L1	SAXO2	9606
Q658N2	WSCD1	9606
Q658P3	STEAP3	9606
Q658T7	FAM90A2P	9606
Q658Y4	FAM91A1	9606
Q659A1	ICE2	9606
Q659C4	LARP1B	9606
Q65CL1	Ctnna3	10090
Q65Z40	Wapl	10090
Q65Z93	Ypel4	10090
Q65Z95	Ypel2	10090
Q66GS9	CEP135	9606
Q66GT5	Ptpmt1	10090
Q66JQ7	Knl1	10090
Q66JS6	Eif3j2	10090
Q66JT0	Wee2	10090
Q66JT1	Lrrc8e	10090
Q66JT5	Tpgs2	10090
Q66JT7	Coq2	10090
Q66JV4	Rbm12b2	10090
Q66JW3	Tox	10090
Q66JX5	Cep43	10090
Q66JY2	Ino80d	10090
Q66JY6	Arhgef39	10090
Q66JZ4	TCAIM	10090
Q66K08	Cilp	10090
Q66K14	TBC1D9B	9606
Q66K41	ZNF385C	9606
Q66K64	DCAF15	9606
Q66K66	TMEM198	9606
Q66K74	MAP1S	9606
Q66K79	CPZ	9606
Q66K80	RUSC1-AS1	9606
Q66K89	E4F1	9606
Q66L42	Map3k10	10090
Q66L44	Cbarp	10090
Q66LE6	PPP2R2D	9606
Q66LM6	Fam170a	10090
Q66PJ3	ARL6IP4	9606
Q66PY1	Scube3	10090
Q66T02	Plekhg5	10090
Q66X01	Nlrp9c	10090
Q66X03	Nlrp9a	10090
Q66X05	Nlrp4f	10090
Q66X19	Nlrp4e	10090
Q66X22	Nlrp9b	10090
Q672J9	Nox3	10090
Q673H1	Tusc1	10090
Q673U1	Hs3st2	10090
Q674R7	ATG9B	9606
Q674X7	KAZN	9606
Q676U5	ATG16L1	9606
Q67BJ4	A4galt	10090
Q67BT3	Slc13a5	10090
Q67E05	Bpi	10090
Q67FW5	QTGAL	9606
Q67FY2	Bcl9l	10090
Q684P5	RAP1GAP2	9606
Q684R7	Frem1	10090
Q685J3	MUC17	9606
Q687X5	STEAP4	9606
Q689Z5	Sbno1	10090
Q68BL7	OLFML2A	9606
Q68BL8	OLFML2B	9606
Q68CJ6	NUGGC	9606
Q68CJ9	CREB3L3	9606
Q68CK6	ACSM2B	9606
Q68CL5	TPGS2	9606
Q68CP4	HGSNAT	9606
Q68CP9	ARID2	9606
Q68CQ1	MROH7	9606
Q68CQ4	UTP25	9606
Q68CQ7	GLT8D1	9606
Q68CR1	SEL1L3	9606
Q68CR7	LRRC66	9606
Q68CZ1	RPGRIP1L	9606
Q68CZ2	TNS3	9606
Q68CZ6	HAUS3	9606
Q68D06	SLFN13	9606
Q68D10	SPTY2D1	9606
Q68D20	PMS2CL	9606
Q68D42	TMEM215	9606
Q68D51	DENND2C	9606
Q68D85	NCR3LG1	9606
Q68D86	CCDC102B	9606
Q68D91	MBLAC2	9606
Q68DA7	FMN1	9606
Q68DC2	ANKS6	9606
Q68DD2	PLA2G4F	9606
Q68DE3	USF3	9606
Q68DH5	LMBRD2	9606
Q68DI1	ZNF776	9606
Q68DK2	ZFYVE26	9606
Q68DK7	MSL1	9606
Q68DL7	C18orf63	9606
Q68DN1	SPATA31H1	9606
Q68DQ2	CRYBG3	9606
Q68DU8	KCTD16	9606
Q68DV7	RNF43	9606
Q68DX3	FRMPD2	9606
Q68DY1	ZNF626	9606
Q68DY9	ZNF772	9606
Q68E01	INTS3	9606
Q68EA5	ZNF57	9606
Q68ED2	Grm7	10090
Q68ED3	Tent4b	10090
Q68ED7	Crtc1	10090
Q68EF0	Rab3ip	10090
Q68EF4	Grm4	10090
Q68EF6	Begain	10090
Q68EF8	Rapgefl1	10090
Q68EM7	ARHGAP17	9606
Q68EN5	MATCAP1	9606
Q68FD5	Cltc	10090
Q68FD7	Fnip1	10090
Q68FD9	Kiaa1549	10090
Q68FE2	Atg9a	10090
Q68FE6	Ripor1	10090
Q68FE7	Tmem151b	10090
Q68FE8	Znf280d	10090
Q68FE9	Tshz2	10090
Q68FF0	Sanbr	10090
Q68FF6	Git1	10090
Q68FF7	Slain1	10090
Q68FF9	Srd5a1	10090
Q68FG0	Zc4h2	10090
Q68FG3	Spty2d1	10090
Q68FH0	Pkp4	10090
Q68FH4	Galk2	10090
Q68FL4	Ahcyl2	10090
Q68FL6	Mars1	10090
Q68FM6	Elfn2	10090
Q68G58	Apex2	10090
Q68G74	LHX8	9606
Q68G75	LEMD1	9606
Q68J44	DUSP29	9606
Q68SA9	Adamts7	10090
Q68SN8	Fcrl5	10090
Q692V3	Ttc41	10090
Q69383	ERVK-6	9606
Q69384	ERVK-6	9606
Q693B1	KCTD11	9606
Q695T7	SLC6A19	9606
Q69AB2	Txndc8	10090
Q69YG0	TMEM42	9606
Q69YH5	CDCA2	9606
Q69YI7	NAIF1	9606
Q69YL0	NCBP2AS2	9606
Q69YN2	CWF19L1	9606
Q69YN4	VIRMA	9606
Q69YQ0	SPECC1L	9606
Q69YU3	ANKRD34A	9606
Q69YU5	UQCC6	9606
Q69YW2	STUM	9606
Q69YZ2	TMEM200B	9606
Q69Z23	Dnah17	10090
Q69Z26	Cntn4	10090
Q69Z28	Adamts16	10090
Q69Z36	Mex3b	10090
Q69Z37	Samd9l	10090
Q69Z38	Peak1	10090
Q69Z61	Pwwp2a	10090
Q69Z66	Mysm1	10090
Q69Z69	Esco1	10090
Q69Z89	Radil	10090
Q69Z98	Brsk2	10090
Q69Z99	Znf512	10090
Q69ZA1	Cdk13	10090
Q69ZB0	Lrrcc1	10090
Q69ZB3	Tspyl5	10090
Q69ZB8	Zcchc2	10090
Q69ZC8	Gpalpp1	10090
Q69ZF3	Gba2	10090
Q69ZF7	Cnnm4	10090
Q69ZF8	Msl2	10090
Q69ZH9	Arhgap23	10090
Q69ZI1	Sh3rf1	10090
Q69ZJ7	Ric1	10090
Q69ZK0	Prex1	10090
Q69ZK5	Klhl14	10090
Q69ZK6	Jmjd1c	10090
Q69ZK7	Atosa	10090
Q69ZK9	Nlgn2	10090
Q69ZL1	Fgd6	10090
Q69ZM6	Stk36	10090
Q69ZN6	Gnptab	10090
Q69ZN7	Myof	10090
Q69ZP3	Pnkd	10090
Q69ZQ1	Myorg	10090
Q69ZQ2	Isy1	10090
Q69ZR2	Hectd1	10090
Q69ZR9	Tasor	10090
Q69ZS0	Pdzrn3	10090
Q69ZS6	Sv2c	10090
Q69ZS7	Hbs1l	10090
Q69ZS8	Kazn	10090
Q69ZT1	Fan1	10090
Q69ZT9	Tbc1d30	10090
Q69ZU6	Thsd7a	10090
Q69ZU8	Ankrd6	10090
Q69ZW3	Ehbp1	10090
Q69ZX6	Morc2a	10090
Q69ZX8	Ablim3	10090
Q69ZZ6	Tmcc1	10090
Q69ZZ9	Macf1	10090
Q6A000	Kiaa0753	10090
Q6A009	Ltn1	10090
Q6A025	Ppp1r26	10090
Q6A026	Pds5a	10090
Q6A028	Swap70	10090
Q6A037	N4bp1	10090
Q6A039	Tbc1d12	10090
Q6A044	Entrep2	10090
Q6A051	Atrnl1	10090
Q6A058	Armcx2	10090
Q6A065	Cep170	10090
Q6A068	Cdc5l	10090
Q6A070	Togaram1	10090
Q6A078	Cep290	10090
Q6A085	Znf629	10090
Q6A098	Secisbp2l	10090
Q6A0A2	Larp4b	10090
Q6A0A9	FAM120A	10090
Q6A0D4	Rftn1	10090
Q6A152	Cyp4x1	10090
Q6A162	KRT40	9606
Q6A163	KRT39	9606
Q6A1A2	PDPK2P	9606
Q6A4J8	Usp7	10090
Q6A4L0	Slc22a13	10090
Q6A555	TXNDC8	9606
Q6AHZ1	ZNF518A	9606
Q6AI08	HEATR6	9606
Q6AI12	ANKRD40	9606
Q6AI14	SLC9A4	9606
Q6AI39	BICRAL	9606
Q6AW46	Ces5a	10090
Q6AW69	Cgnl1	10090
Q6AW86	ZNF324B	9606
Q6AWC2	WWC2	9606
Q6AXC6	Ddx11	10090
Q6AXF6	Sidt1	10090
Q6AZB0	Boc	10090
Q6AZW8	ZNF660	9606
Q6AZY7	SCARA3	9606
Q6AZZ1	TRIM68	9606
Q6B0B8	TIGD3	9606
Q6B0I6	KDM4D	9606
Q6B0K9	HBM	9606
Q6B8I0	Dusp13a	10090
Q6B8I1	DUSP13A	9606
Q6B966	Nlrp14	10090
Q6B9Z0	Igfl	10090
Q6B9Z1	IGFL4	9606
Q6BAA4	FCRLB	9606
Q6BCL1	Pram1	10090
Q6BCY4	CYB5R2	9606
Q6BDI9	REP15	9606
Q6BDS2	BLTP3A	9606
Q6BEB4	SP5	9606
Q6DCA0	AMMECR1L	9606
Q6DD87	ZNF787	9606
Q6DD88	ATL3	9606
Q6DFV1	Ncapg2	10090
Q6DFV3	Arhgap21	10090
Q6DFV5	Helz	10090
Q6DFV6	Fndc3c1	10090
Q6DFV7	Ncoa7	10090
Q6DFV8	Vwde	10090
Q6DFW0	C9orf72	10090
Q6DFW4	Nop58	10090
Q6DFW5	Atp11b	10090
Q6DFX2	Antxr2	10090
Q6DFY8	Brinp2	10090
Q6DFZ1	Gbf1	10090
Q6DG52	Churc1	10090
Q6DHV5	CC2D2B	9606
Q6DHV7	MAPDA	9606
Q6DHY5	TBC1D3G	9606
Q6DI86	Fastkd1	10090
Q6DI92	Zswim9	10090
Q6DIA2	Exoc3l4	10090
Q6DIA7	Brme1	10090
Q6DIA9	Fbxo27	10090
Q6DIB4	Nol4l	10090
Q6DIB5	Megf10	10090
Q6DIC0	Smarca2	10090
Q6DID3	Scaf8	10090
Q6DID5	Pwwp3a	10090
Q6DID7	Wls	10090
Q6DJT9	PLAG1	9606
Q6DKI1	RPL7L1	9606
Q6DKI2	LGALS9C	9606
Q6DKI7	PVRIG	9606
Q6DKJ4	NXN	9606
Q6DKK2	TTC19	9606
Q6DN03	H2BC20P	9606
Q6DN12	MCTP2	9606
Q6DN14	MCTP1	9606
Q6DN72	FCRL6	9606
Q6DN90	IQSEC1	9606
Q6DR98	Nrg1	10090
Q6DRA6	H2BC19P	9606
Q6DT37	CDC42BPG	9606
Q6DTY7	Pfkfb4	10090
Q6DVA0	Lemd2	10090
Q6DWJ6	GPR139	9606
Q6DYE8	Enpp3	10090
Q6E0U4	DMKN	9606
Q6E1M8	Awat2	10090
Q6E213	AWAT2	9606
Q6EAL8	Il31	10090
Q6EBC2	IL31	9606
Q6EBV9	Atg9b	10090
Q6ECI4	ZNF470	9606
Q6EDY6	Carmil1	10090
Q6EEV4	POLR2M	9606
Q6EEV6	SUMO4	9606
Q6EIG7	CLEC6A	9606
Q6EJB6	Utp14b	10090
Q6EKJ0	GTF2IRD2B	9606
Q6EMB2	TTLL5	9606
Q6EMK4	VASN	9606
Q6F3F9	Adgrg6	10090
Q6F5E0	Tmem158	10090
Q6F5E8	CARMIL2	9606
Q6FHJ7	SFRP4	9606
Q6FI13	H2AC18; H2AC19	9606
Q6FI81	CIAPIN1	9606
Q6FIF0	ZFAND6	9606
Q6GMR7	FAAH2	9606
Q6GMV2	SMYD5	9606
Q6GMV3	PTRHD1	9606
Q6GPH4	XAF1	9606
Q6GPH6	ITPRIPL1	9606
Q6GPI1	CTRB2	9606
Q6GQQ9	OTUD7B	9606
Q6GQR8	Znf329	10090
Q6GQS1	Slc25a23	10090
Q6GQT0	Cdc14a	10090
Q6GQT1	A2m	10090
Q6GQT5	Tmem151a	10090
Q6GQT6	Scap	10090
Q6GQT9	Nomo1	10090
Q6GQU2	Klhl23	10090
Q6GQU6	Lingo3	10090
Q6GQV0	Tedc2	10090
Q6GQV1	Insyn2b	10090
Q6GQV7	Edrf1	10090
Q6GQW0	Abtb3	10090
Q6GQX2	Nckap5l	10090
Q6GQX6	Anks6	10090
Q6GSS7	Hist2h2aa1; Hist2h2aa2	10090
Q6GTS8	PM20D1	9606
Q6GTX8	LAIR1	9606
Q6GU68	Islr	10090
Q6GUQ1	Egfl8	10090
Q6GV12	Kdsr	10090
Q6GV28	TMEM225	9606
Q6GYP7	Ralgapa1	10090
Q6GYQ0	RALGAPA1	9606
Q6H1V1	Best3	10090
Q6H3X3	RAET1G	9606
Q6H8Q1	ABLIM2	9606
Q6H9L7	ISM2	9606
Q6HA08	ASTL	9606
Q6HA09	Astl	10090
Q6I6G8	Hecw2	10090
Q6I9Y2	THOC7	9606
Q6IA17	SIGIRR	9606
Q6IA69	NADSYN1	9606
Q6IA86	ELP2	9606
Q6IAA8	LAMTOR1	9606
Q6IAN0	DHRS7B	9606
Q6IB77	GLYAT	9606
Q6IBS0	TWF2	9606
Q6IBW4	NCAPH2	9606
Q6IC83	C22orf42	9606
Q6IC98	GRAMD4	9606
Q6ICB0	DESI1	9606
Q6ICB4	PHETA2	9606
Q6ICC9	RTL6	9606
Q6ICG6	KIAA0930	9606
Q6ICG8	WBP2NL	9606
Q6ICH7	ASPHD2	9606
Q6ICI0	LHFPL7	9606
Q6ICL3	TANGO2	9606
Q6ICL7	SLC35E4	9606
Q6IE21	Otud6a	10090
Q6IE26	Ephx4	10090
Q6IE32	Spink7	10090
Q6IE37	OVOS1	9606
Q6IE38	SPINK14	9606
Q6IE81	JADE1	9606
Q6IE82	Jade3	10090
Q6IEE6	Tmem132e	10090
Q6IEE7	TMEM132E	9606
Q6IEE8	SLFN12L	9606
Q6IEG0	SNRNP48	9606
Q6IEU7	OR5M10	9606
Q6IEV9	OR4C11	9606
Q6IEY1	OR4F3; OR4F16; OR4F29	9606
Q6IEZ7	OR2T5	9606
Q6IF00	OR2T2	9606
Q6IF36	OR8G2P	9606
Q6IF42	OR2A2	9606
Q6IF63	OR52W1	9606
Q6IF82	OR4A47	9606
Q6IF99	OR10K2	9606
Q6IFG1	OR52E8	9606
Q6IFH4	OR6B2	9606
Q6IFN5	OR7E24	9606
Q6IFT4	Arhgap20	10090
Q6IFX2	Krt42	10090
Q6IFX3	Krt40	10090
Q6IFX4	Krt39	10090
Q6IFZ6	Krt77	10090
Q6IFZ9	Krt74	10090
Q6IMB1	Rasl11a	10090
Q6IME9	Krt72	10090
Q6IMF0	Krt87	10090
Q6IMH0	Spmip8	10090
Q6IMI4	SULT6B1	9606
Q6IMI6	SULT1C3	9606
Q6IMN6	CAPRIN2	9606
Q6IMP4	Panx2	10090
Q6IN84	MRM1	9606
Q6IN85	PPP4R3A	9606
Q6IN97	FRMPD2B	9606
Q6IPM2	IQCE	9606
Q6IPR1	ETFRF1	9606
Q6IPR3	TYW3	9606
Q6IPT2	GARIN5A	9606
Q6IPT4	CYB5RL	9606
Q6IPU0	CENPP	9606
Q6IPW1	C11orf71	9606
Q6IPX1	TBC1D3C	9606
Q6IPX3	TCEAL6	9606
Q6IQ16	SPOPL	9606
Q6IQ19	CCSAP	9606
Q6IQ20	NAPEPLD	9606
Q6IQ21	ZNF770	9606
Q6IQ22	RAB12	9606
Q6IQ23	PLEKHA7	9606
Q6IQ26	DENND5A	9606
Q6IQ32	ADNP2	9606
Q6IQ49	SDE2	9606
Q6IQ55	TTBK2	9606
Q6IQX7	Chpf	10090
Q6IQX8	Znf219	10090
Q6IQY5	Cep70	10090
Q6IR34	Gpsm1	10090
Q6IR37	Zdhhc24	10090
Q6IR41	C1qtnf6	10090
Q6IR42	Zcwpw1	10090
Q6IRT3	Parpbp	10090
Q6IRU2	Tpm4	10090
Q6IRU5	Cltb	10090
Q6IRU7	Cep78	10090
Q6IS14	EIF5AL1	9606
Q6IS24	GALNT17	9606
Q6IS41	Slc25a47	10090
Q6ISB3	GRHL2	9606
Q6ISS4	LAIR2	9606
Q6ISU1	PTCRA	9606
Q6IUP1	Sohlh1	10090
Q6IV72	ZNF425	9606
Q6IWH7	ANO7	9606
Q6IYF8	Oxgr1	10090
Q6J1H4	Utf1	10090
Q6J272	CIMIP2A	9606
Q6J4K2	SLC8B1	9606
Q6J756	Capn11	10090
Q6J9G0	STYK1	9606
Q6J9G1	Styk1	10090
Q6JBY9	RCSD1	9606
Q6JEL2	KLHL10	9606
Q6JHY2	Muc19	10090
Q6JPI3	Med13l	10090
Q6JQN1	ACAD10	9606
Q6JVE5	LCN12	9606
Q6JVE6	LCN10	9606
Q6JVE9	LCN8	9606
Q6JVL5	Lcn12	10090
Q6K0P9	PYHIN1	9606
Q6K1E7	Ggnbp1	10090
Q6KAQ7	Zzz3	10090
Q6KAR6	Exoc3	10090
Q6KAS7	Znf521	10090
Q6KAU4	Mvb12b	10090
Q6KAU7	Plekhg2	10090
Q6KAU8	Atg16l2	10090
Q6KB66	KRT80	9606
Q6KC79	NIPBL	9606
Q6KCD5	Nipbl	10090
Q6KCM7	SLC25A25	9606
Q6KF10	GDF6	9606
Q6L8G4	KRTAP5-11	9606
Q6L8G5	KRTAP5-10	9606
Q6L8G8	KRTAP5-7	9606
Q6L8G9	KRTAP5-6	9606
Q6L8H1	KRTAP5-4	9606
Q6L8H2	KRTAP5-3	9606
Q6L8H4	KRTAP5-1	9606
Q6L8Q7	PDE12	9606
Q6L8S8	B4galnt3	10090
Q6L9T8	FAM72D	9606
Q6L9W6	B4GALNT3	9606
Q6MZM0	HEPHL1	9606
Q6MZM9	PRR27	9606
Q6MZN7	HCP5	9606
Q6MZP7	LIN54	9606
Q6MZQ0	PRR5L	9606
Q6MZT1	RGS7BP	9606
Q6MZW2	FSTL4	9606
Q6MZZ7	CAPN13	9606
Q6N021	TET2	9606
Q6N022	TENM4	9606
Q6N043	ZNF280D	9606
Q6N063	OGFOD2	9606
Q6N069	NAA16	9606
Q6N075	SLC61A1	9606
Q6NS38	ALKBH2	9606
Q6NS45	Ccdc66	10090
Q6NS46	Pdcd11	10090
Q6NS52	Dgkb	10090
Q6NS57	Mapkbp1	10090
Q6NS59	Fam135a	10090
Q6NS60	Fbxo41	10090
Q6NS65	Gpr17	10090
Q6NS69	Amer3	10090
Q6NS82	Retreg2	10090
Q6NS86	Znf366	10090
Q6NSI1	ANKRD26P1	9606
Q6NSI3	FAM53A	9606
Q6NSI4	RADX	9606
Q6NSI8	SANBR	9606
Q6NSJ0	MYORG	9606
Q6NSJ2	PHLDB3	9606
Q6NSJ5	LRRC8E	9606
Q6NSQ3	Smim48	10090
Q6NSQ7	Ltv1	10090
Q6NSQ9	G6pc3	10090
Q6NSR3	Adck2	10090
Q6NSR8	Npepl1	10090
Q6NSU3	Glt8d1	10090
Q6NSV7	Fam149b1	10090
Q6NSW3	Sphkap	10090
Q6NSW5	DENND10P1	9606
Q6NSW7	NANOGP8	9606
Q6NSX1	CCDC70	9606
Q6NSZ9	ZSCAN25	9606
Q6NT04	TIGD7	9606
Q6NT16	SLC18B1	9606
Q6NT32	CES5A	9606
Q6NT46	GAGE2A	9606
Q6NT52	CGB2	9606
Q6NT55	CYP4F22	9606
Q6NT76	HMBOX1	9606
Q6NT89	TRNP1	9606
Q6NT99	Dusp23	10090
Q6NTA4	Rragb	10090
Q6NTE8	MRNIP	9606
Q6NTF7	APOBEC3H	9606
Q6NTF9	RHBDD2	9606
Q6NUI1	CCDC144NL	9606
Q6NUI2	GPAT2	9606
Q6NUI6	CHADL	9606
Q6NUJ1	PSAPL1	9606
Q6NUJ2	C11orf87	9606
Q6NUJ5	PWWP2B	9606
Q6NUK1	SLC25A24	9606
Q6NUK4	REEP3	9606
Q6NUM6	TYW1B	9606
Q6NUM9	RETSAT	9606
Q6NUN0	ACSM5	9606
Q6NUN7	JHY	9606
Q6NUN9	ZNF746	9606
Q6NUP7	PPP4R4	9606
Q6NUQ1	RINT1	9606
Q6NUQ4	TMEM214	9606
Q6NUR6	RNF216P1	9606
Q6NUS6	TCTN3	9606
Q6NUS8	UGT3A1	9606
Q6NUT2	DPY19L2	9606
Q6NUT3	MFSD12	9606
Q6NV66	Zfp646	10090
Q6NV72	Wdcp	10090
Q6NV74	CRACDL	9606
Q6NV75	GPR153	9606
Q6NV83	U2surp	10090
Q6NVD0	Frem2	10090
Q6NVD9	Bfsp2	10090
Q6NVE3	Spin2c	10090
Q6NVE8	Wdr44	10090
Q6NVE9	Pptc7	10090
Q6NVF0	Ocrl	10090
Q6NVF4	Helb	10090
Q6NVF9	Cpsf6	10090
Q6NVG1	Lpcat4	10090
Q6NVG5	Mreg	10090
Q6NVG7	Colgalt2	10090
Q6NVH7	SWSAP1	9606
Q6NVU6	UFSP1	9606
Q6NVV0	MKRN9P	9606
Q6NVV1	RPL13AP3	9606
Q6NVV3	NIPAL1	9606
Q6NVV7	CDPF1	9606
Q6NVV9	ADAM5	9606
Q6NVY1	HIBCH	9606
Q6NW29	RWDD4	9606
Q6NW34	RMP64	9606
Q6NW40	RGMB	9606
Q6NWV3	Ift122	10090
Q6NWW5	Kif24	10090
Q6NWW9	Fndc3b	10090
Q6NWY9	PRPF40B	9606
Q6NX45	ZNF774	9606
Q6NX49	ZNF544	9606
Q6NXE6	ARMC6	9606
Q6NXG1	ESRP1	9606
Q6NXH2	Manea	10090
Q6NXH3	Gpbp1	10090
Q6NXH8	Mettl25	10090
Q6NXH9	Krt73	10090
Q6NXI6	Rprd2	10090
Q6NXI8	Cxxc4	10090
Q6NXJ0	Wwc2	10090
Q6NXK2	Znf532	10090
Q6NXK5	Dusp11	10090
Q6NXK7	Dpp10	10090
Q6NXK8	Asic1	10090
Q6NXL6	Senp5	10090
Q6NXM2	Rcbtb1	10090
Q6NXM3	Tmem130	10090
Q6NXN1	Szrd1	10090
Q6NXN4	DPY19L2P1	9606
Q6NXP0	EFCAB12	9606
Q6NXP2	GARIN1A	9606
Q6NXP6	NOXRED1	9606
Q6NXR0	IRGC	9606
Q6NXR4	TTI2	9606
Q6NXS1	PPP1R2B	9606
Q6NXT1	ANKRD54	9606
Q6NXT2	H3-5	9606
Q6NXT4	SLC30A6	9606
Q6NXT6	TAPT1	9606
Q6NXW6	Rad17	10090
Q6NXY1	Tbc1d31	10090
Q6NXY9	Polr3g	10090
Q6NXZ1	Krabd3	10090
Q6NY15	Tsga10	10090
Q6NY19	KANK3	9606
Q6NYC1	JMJD6	9606
Q6NYC8	PPP1R18	9606
Q6NZ36	FAAP20	9606
Q6NZ63	STEAP1B	9606
Q6NZ67	MZT2B	9606
Q6NZA9	Taf9b	10090
Q6NZB0	Dnajc8	10090
Q6NZB1	Prmt6	10090
Q6NZC7	Sec23ip	10090
Q6NZE7	Pabir2	10090
Q6NZF1	Zc3h11a	10090
Q6NZG4	Ddias	10090
Q6NZI2	CAVIN1	9606
Q6NZJ6	Eif4g1	10090
Q6NZK5	Kiaa1328	10090
Q6NZK8	Ptpdc1	10090
Q6NZL0	Mtcl3	10090
Q6NZL6	Tonsl	10090
Q6NZL8	Scube1	10090
Q6NZM9	Hdac4	10090
Q6NZN0	Rbm26	10090
Q6NZN1	Pprc1	10090
Q6NZP1	Zranb3	10090
Q6NZP2	Gpbp1l1	10090
Q6NZQ0	Cfap119	10090
Q6NZQ2	Ddx31	10090
Q6NZQ4	Paxip1	10090
Q6NZQ6	Znf740	10090
Q6NZQ8	Marchf1	10090
Q6NZR2	Msantd2	10090
Q6NZR5	Skic2	10090
Q6NZY4	ZCCHC8	9606
Q6NZY7	CDC42EP5	9606
Q6P047	C8orf74	9606
Q6P050	FBXL22	9606
Q6P068	Arl5c	10090
Q6P069	Sri	10090
Q6P073	Ube2j2	10090
Q6P087	RPUSD3	9606
Q6P093	AADACL2	9606
Q6P0A1	FAM180B	9606
Q6P0N0	MIS18BP1	9606
Q6P0Q8	MAST2	9606
Q6P0X2	Znf511	10090
Q6P158	DHX57	9606
Q6P161	MRPL54	9606
Q6P179	ERAP2	9606
Q6P1A2	LPCAT3	9606
Q6P1B1	Xpnpep1	10090
Q6P1B3	Pianp	10090
Q6P1C1	Ippk	10090
Q6P1C6	Lrig3	10090
Q6P1D5	Sez6l	10090
Q6P1D7	Slx4	10090
Q6P1E1	Zmiz1	10090
Q6P1E7	Primpol	10090
Q6P1E8	Efcab6	10090
Q6P1F6	Ppp2r2a	10090
Q6P1G0	Heatr6	10090
Q6P1G2	Kdm2b	10090
Q6P1G6	Fam167a	10090
Q6P1H1	Cyb561a3	10090
Q6P1H6	Ankle2	10090
Q6P1I3	Kics2	10090
Q6P1I6	Psd2	10090
Q6P1J0	Maneal	10090
Q6P1J6	PLB1	9606
Q6P1J9	CDC73	9606
Q6P1K1	SLC48A1	9606
Q6P1K2	PMF1	9606
Q6P1K8	GTF2H2C; GTF2H2C_2	9606
Q6P1L5	FAM117B	9606
Q6P1L6	ZNF343	9606
Q6P1L8	MRPL14	9606
Q6P1M0	SLC27A4	9606
Q6P1M3	LLGL2	9606
Q6P1M9	ARMCX5	9606
Q6P1N0	CC2D1A	9606
Q6P1N9	TATDN1	9606
Q6P1Q0	LETMD1	9606
Q6P1Q9	METTL2B	9606
Q6P1R3	MSANTD2	9606
Q6P1R4	DUS1L	9606
Q6P1S2	MISO1	9606
Q6P1W5	C1orf94	9606
Q6P1X5	TAF2	9606
Q6P1X6	C8orf82	9606
Q6P1Y1	Rtl3	10090
Q6P1Y8	Inpp4b	10090
Q6P1Z5	Pced1a	10090
Q6P205	Xlr3b	10090
Q6P253	Dmkn	10090
Q6P280	ZNF529	9606
Q6P2B1	Tnpo3	10090
Q6P2C0	WDR93	9606
Q6P2C8	MED27	9606
Q6P2D0	ZFP1	9606
Q6P2D8	XRRA1	9606
Q6P2E9	EDC4	9606
Q6P2H3	CEP85	9606
Q6P2H8	TMEM53	9606
Q6P2I3	FAHD2B	9606
Q6P2I7	EBLN2	9606
Q6P2K3	Cfap20dc	10090
Q6P2K6	Ppp4r3a	10090
Q6P2L6	Nsd3	10090
Q6P2L7	Golm2	10090
Q6P2M8	PNCK	9606
Q6P2P2	PRMT9	9606
Q6P2Q9	PRPF8	9606
Q6P2S7	TTC41P	9606
Q6P387	C16orf46	9606
Q6P3A1	Stmnd1	10090
Q6P3A4	Vsig8	10090
Q6P3A8	Bckdhb	10090
Q6P3A9	Arl11	10090
Q6P3B2	Ubald1	10090
Q6P3B9	Rbfa	10090
Q6P3D0	Nudt16	10090
Q6P3D7	Spic	10090
Q6P3E7	Hdac10	10090
Q6P3R8	NEK5	9606
Q6P3S1	DENND1B	9606
Q6P3S6	FBXO42	9606
Q6P3V2	ZNF585A	9606
Q6P3W2	DNAJC24	9606
Q6P3W6	NBPF10	9606
Q6P3W7	SCYL2	9606
Q6P3X3	TTC27	9606
Q6P3X8	PGBD2	9606
Q6P3Y5	Znf280c	10090
Q6P3Y9	Podnl1	10090
Q6P3Z3	Thap4	10090
Q6P444	MTFR2	9606
Q6P461	ACSM6	9606
Q6P474	PDXDC2P	9606
Q6P499	NIPAL3	9606
Q6P4A7	SFXN4	9606
Q6P4A8	PLBD1	9606
Q6P4D5	PABIR3	9606
Q6P4E1	GOLM2	9606
Q6P4F1	POFUT3	9606
Q6P4F2	FDX2	9606
Q6P4F7	ARHGAP11A	9606
Q6P4H8	ATPSCKMT	9606
Q6P4I2	WDR73	9606
Q6P4P1	Serpina3a	10090
Q6P4Q7	CNNM4	9606
Q6P4R8	NFRKB	9606
Q6P4S6	Sik3	10090
Q6P4S8	Ints1	10090
Q6P4T0	Atg2a	10090
Q6P4T1	Snx19	10090
Q6P4T2	Snrnp200	10090
Q6P4U0	Thsd7b	10090
Q6P531	GGT6	9606
Q6P539	Fam222b	10090
Q6P542	Abcf1	10090
Q6P549	Inppl1	10090
Q6P560	Znf182	10090
Q6P566	Lix1	10090
Q6P575	GUSBP11	9606
Q6P582	MZT2A	9606
Q6P587	FAHD1	9606
Q6P589	TNFAIP8L2	9606
Q6P597	KLC3	9606
Q6P5B0	Rrp12	10090
Q6P5C5	Smug1	10090
Q6P5C7	Znf728	10090
Q6P5D3	Dhx57	10090
Q6P5D4	Cep135	10090
Q6P5D8	Smchd1	10090
Q6P5E4	Uggt1	10090
Q6P5E6	Gga2	10090
Q6P5E8	Dgkq	10090
Q6P5F6	Slc39a10	10090
Q6P5F7	Ttyh3	10090
Q6P5F9	Xpo1	10090
Q6P5G0	Mapk4	10090
Q6P5G3	Mbtd1	10090
Q6P5G6	Ubxn7	10090
Q6P5H2	Nes	10090
Q6P5H6	Frmd5	10090
Q6P5Q4	LMOD2	9606
Q6P5R6	RPL22L1	9606
Q6P5S2	LEG1	9606
Q6P5S7	RNASEK	9606
Q6P5U7	Nwd2	10090
Q6P5U8	Ccdc148	10090
Q6P5W5	SLC39A4	9606
Q6P5X5	C22orf39	9606
Q6P5X7	TMEM71	9606
Q6P5Z2	PKN3	9606
Q6P656	CFAP161	9606
Q6P6B1	ERICH5	9606
Q6P6B7	ANKRD16	9606
Q6P6C2	ALKBH5	9606
Q6P6I6	Polr2m	10090
Q6P6J0	Adat2	10090
Q6P6J4	Alkbh2	10090
Q6P6J9	Txndc15	10090
Q6P6L0	Filip1l	10090
Q6P6M5	Pex11g	10090
Q6P6M7	Sepsecs	10090
Q6P6N5	Spred3	10090
Q6P6P7	Parp6	10090
Q6P7F1	Mpp4	10090
Q6P7N7	TMEM81	9606
Q6P7W0	Senp6	10090
Q6P7W2	Shkbp1	10090
Q6P7W5	Tsen2	10090
Q6P8G8	Orai3	10090
Q6P8H8	Alg8	10090
Q6P8I4	Pcnp	10090
Q6P8I6	Cox11	10090
Q6P8J2	Sat2	10090
Q6P8J7	Ckmt2	10090
Q6P8K8	Cpa4	10090
Q6P8M1	Tatdn1	10090
Q6P8U6	Pnlip	10090
Q6P8W9	Hmgb4	10090
Q6P8X1	Snx6	10090
Q6P8X6	Usp50	10090
Q6P8X9	Cfap126	10090
Q6P8Y0	Cfap161	10090
Q6P8Y1	Capsl	10090
Q6P8Y7	Snx31	10090
Q6P8Z1	Mycb	10090
Q6P902	Txndc2	10090
Q6P926	Spata24	10090
Q6P988	NOTUM	9606
Q6P995	FAM171B	9606
Q6P996	PDXDC1	9606
Q6P9A1	ZNF530	9606
Q6P9A2	GALNT18	9606
Q6P9A3	ZNF549	9606
Q6P9B6	MEAK7	9606
Q6P9B9	INTS5	9606
Q6P9F0	CCDC62	9606
Q6P9F5	TRIM40	9606
Q6P9F7	LRRC8B	9606
Q6P9G0	CYB5D1	9606
Q6P9G4	TMEM154	9606
Q6P9G9	ZNF449	9606
Q6P9H4	CNKSR3	9606
Q6P9H5	GIMAP6	9606
Q6P9J5	Kank4	10090
Q6P9J9	Ano6	10090
Q6P9K8	Caskin1	10090
Q6P9K9	Nrxn3	10090
Q6P9L4	Usp49	10090
Q6P9L6	Kif15	10090
Q6P9N1	Hycc1	10090
Q6P9P0	Slf2	10090
Q6P9P6	Kif11	10090
Q6P9P8	Dennd2c	10090
Q6P9Q4	Fhod1	10090
Q6P9Q6	Fkbp15	10090
Q6P9R1	Ddx51	10090
Q6P9R2	Oxsr1	10090
Q6P9R4	Arhgef18	10090
Q6P9S0	Mtss2	10090
Q6P9S1	Atmin	10090
Q6P9S7	Galnt10	10090
Q6P9Y7	Zfp82	10090
Q6P9Z1	Smarcd3	10090
Q6PA06	Atl2	10090
Q6PAC3	Dcaf13	10090
Q6PAC4	Pcare	10090
Q6PAJ1	Bcr	10090
Q6PAJ3	Garem2	10090
Q6PAK3	Prmt8	10090
Q6PAL0	Bend3	10090
Q6PAL1	Draxin	10090
Q6PAL7	Ahdc1	10090
Q6PAL8	Dennd5a	10090
Q6PAM0	Prkab2	10090
Q6PAM1	Txlna	10090
Q6PAN7	Prr18	10090
Q6PAQ4	Rexo4	10090
Q6PAQ9	Prrg3	10090
Q6PAR0	Klhdc10	10090
Q6PAR5	Gapvd1	10090
Q6PAT0	Adat3	10090
Q6PAV2	Herc4	10090
Q6PB30	CSAG1	9606
Q6PB44	Ptpn23	10090
Q6PB51	Ccdc117	10090
Q6PB60	Gprasp3	10090
Q6PB66	Lrpprc	10090
Q6PB70	Ano8	10090
Q6PB75	Tent4a	10090
Q6PB90	Pcdhb14	10090
Q6PB93	Galnt2	10090
Q6PB97	Fbxl19	10090
Q6PCB0	VWA1	9606
Q6PCB5	RSBN1L	9606
Q6PCB6	ABHD17C	9606
Q6PCB7	SLC27A1	9606
Q6PCB8	EMB	9606
Q6PCD5	RFWD3	9606
Q6PCE3	PGM2L1	9606
Q6PCL9	Papolg	10090
Q6PCM1	Kdm3a	10090
Q6PCM2	Ints6	10090
Q6PCN3	Ttbk1	10090
Q6PCN7	Hltf	10090
Q6PCP5	Mff	10090
Q6PCP7	Gpr156	10090
Q6PCQ0	Iqce	10090
Q6PCT2	FBXL19	9606
Q6PCW6	Cnfn	10090
Q6PCX7	Rgma	10090
Q6PCX9	Trim37	10090
Q6PCZ4	Magee1	10090
Q6PD03	Ppp2r5a	10090
Q6PD05	Znf821	10090
Q6PD10	Ip6k1	10090
Q6PD19	Armh3	10090
Q6PD21	Shb	10090
Q6PD24	Ankrd13d	10090
Q6PD26	Pigs	10090
Q6PD28	Ppp2r5b	10090
Q6PD29	Znf513	10090
Q6PD31	Trak1	10090
Q6PD62	CTR9	9606
Q6PD74	AAGAB	9606
Q6PDA7	SPAG11A	9606
Q6PDB4	ZNF880	9606
Q6PDC0	Rundc3b	10090
Q6PDC8	Slc60a1	10090
Q6PDD0	Ugt2a2	10090
Q6PDE7	Ggt6	10090
Q6PDE8	Slc68a1	10090
Q6PDF3	Svopl	10090
Q6PDG5	Smarcc2	10090
Q6PDG8	Mon1a	10090
Q6PDH0	Phldb1	10090
Q6PDH4	Ranbp3l	10090
Q6PDI5	Ecpas	10090
Q6PDI6	Mindy2	10090
Q6PDJ1	Cachd1	10090
Q6PDJ6	Fbxo42	10090
Q6PDK2	Kmt2d	10090
Q6PDK8	Dtx4	10090
Q6PDL0	Dync1li2	10090
Q6PDM1	Msl1	10090
Q6PDM2	Srsf1	10090
Q6PDM4	Iho1	10090
Q6PDN3	Mylk	10090
Q6PDQ2	Chd4	10090
Q6PDS0	Vstm2l	10090
Q6PDS3	Sarm1	10090
Q6PDX6	Rnf220	10090
Q6PDY0	Ccdc85b	10090
Q6PDY2	Ado	10090
Q6PDZ2	Taf1c	10090
Q6PE01	Snrnp40	10090
Q6PE13	Prrt3	10090
Q6PE15	Abhd10	10090
Q6PE54	Dhx40	10090
Q6PE55	Pdgfrl	10090
Q6PE65	Gpatch2l	10090
Q6PE84	Stoml3	10090
Q6PE87	Cfap206	10090
Q6PEB4	Osgepl1	10090
Q6PEB6	Mob4	10090
Q6PEE2	Ctif	10090
Q6PEE3	Rrm2b	10090
Q6PEM6	Gramd2b	10090
Q6PEM8	Slc46a1	10090
Q6PER3	Mapre3	10090
Q6PEV3	Wipf2	10090
Q6PEV8	FAM199X	9606
Q6PEW0	PRSS54	9606
Q6PEW1	ZCCHC12	9606
Q6PEX3	KRTAP26-1	9606
Q6PEX7	TEX38	9606
Q6PEY0	GJB7	9606
Q6PEY1	TMEM88	9606
Q6PEY2	TUBA3E	9606
Q6PEZ8	PODNL1	9606
Q6PF04	ZNF613	9606
Q6PF05	TTC23L	9606
Q6PF06	TRMT10B	9606
Q6PF15	KLHL35	9606
Q6PF18	MORN3	9606
Q6PF93	Pik3c3	10090
Q6PFC5	Lrit2	10090
Q6PFD5	Dlgap3	10090
Q6PFD6	Kif18b	10090
Q6PFD7	Naif1	10090
Q6PFD9	Nup98	10090
Q6PFE3	Rad54b	10090
Q6PFE7	Tmeff1	10090
Q6PFG8	Olig3	10090
Q6PFH3	Dcaf15	10090
Q6PFQ7	Rasa4	10090
Q6PFR5	Tra2a	10090
Q6PFW1	PPIP5K1	9606
Q6PFX2	Bend6	10090
Q6PFX6	Cdh24	10090
Q6PFX7	Nyap1	10090
Q6PFX8	Rimkla	10090
Q6PFX9	Tnks	10090
Q6PFY1	Fchsd1	10090
Q6PFY8	Trim45	10090
Q6PFY9	Cdc14b	10090
Q6PG04	Ccdc82	10090
Q6PG16	Hjurp	10090
Q6PG37	ZNF790	9606
Q6PG95	Cramp1	10090
Q6PGA0	Rcor3	10090
Q6PGB6	Naa50	10090
Q6PGB8	Smarca1	10090
Q6PGC1	Dhx29	10090
Q6PGC7	Slc35e3	10090
Q6PGD0	Atraid	10090
Q6PGE4	Znf316	10090
Q6PGE7	Slc6a7	10090
Q6PGF2	Morn4	10090
Q6PGF3	Med16	10090
Q6PGF7	Exoc8	10090
Q6PGG2	Gmip	10090
Q6PGG6	Gnl3l	10090
Q6PGH0	Ubtd2	10090
Q6PGH1	Bud31	10090
Q6PGH2	Jpt2	10090
Q6PGH4	Fam222a	10090
Q6PGK7	Chst10	10090
Q6PGL7	Washc2	10090
Q6PGN1	Erfe	10090
Q6PGN3	Dclk2	10090
Q6PGN9	PSRC1	9606
Q6PGP7	SKIC3	9606
Q6PGQ1	DRICH1	9606
Q6PGQ7	BORA	9606
Q6PH08	Erc2	10090
Q6PH81	C16orf87	9606
Q6PH85	DCUN1D2	9606
Q6PHB0	Il20ra	10090
Q6PHN1	Ccdc57	10090
Q6PHN7	Tmem164	10090
Q6PHN9	Rab35	10090
Q6PHP4	Znf512b	10090
Q6PHQ8	Naa35	10090
Q6PHR2	ULK3	9606
Q6PHS6	Snx13	10090
Q6PHS9	Cacna2d2	10090
Q6PHU5	Sort1	10090
Q6PHW0	IYD	9606
Q6PHZ2	Camk2d	10090
Q6PHZ5	Rbm15b	10090
Q6PHZ8	Kcnip4	10090
Q6PI25	CNIH2	9606
Q6PI26	SHQ1	9606
Q6PI47	KCTD18	9606
Q6PI48	DARS2	9606
Q6PI62	Gpr173	10090
Q6PI73	LILRA6	9606
Q6PI77	GPRASP3	9606
Q6PI78	TMEM65	9606
Q6PI97	HOATZ	9606
Q6PI98	INO80C	9606
Q6PIC6	Atp1a3	10090
Q6PID6	TTC33	9606
Q6PID8	KLHDC10	9606
Q6PIE5	Atp1a2	10090
Q6PIF2	SYCE2	9606
Q6PIF6	MYO7B	9606
Q6PII3	CCDC174	9606
Q6PII5	HAGHL	9606
Q6PIJ4	Nfrkb	10090
Q6PIJ6	FBXO38	9606
Q6PIL6	KCNIP4	9606
Q6PIP5	Nudcd1	10090
Q6PIS1	SLC23A3	9606
Q6PIU1	KCNV1	9606
Q6PIU2	NCEH1	9606
Q6PIV2	FOXR1	9606
Q6PIV7	SLC25A34	9606
Q6PIW4	FIGNL1	9606
Q6PIX5	Rhbdf1	10090
Q6PIX9	Mtnap1	10090
Q6PIY5	ARMH1	9606
Q6PIY7	TENT2	9606
Q6PIZ9	TRAT1	9606
Q6PJ21	SPSB3	9606
Q6PJ61	FBXO46	9606
Q6PJ69	TRIM65	9606
Q6PJE2	POMZP3	9606
Q6PJF5	RHBDF2	9606
Q6PJG2	MIDEAS	9606
Q6PJG6	BRAT1	9606
Q6PJG9	LRFN4	9606
Q6PJI9	WDR59	9606
Q6PJN8	Dalrd3	10090
Q6PJP8	DCLRE1A	9606
Q6PJQ5	FOXR2	9606
Q6PJT7	ZC3H14	9606
Q6PJW8	CNST	9606
Q6PK04	CCDC137	9606
Q6PK18	OGFOD3	9606
Q6PK57	DNM1P34	9606
Q6PK81	ZNF773	9606
Q6PKC3	TXNDC11	9606
Q6PKG0	LARP1	9606
Q6PKH6	DHRS4L2	9606
Q6PKN7	Inca1	10090
Q6PKX4	DOK6	9606
Q6PL18	ATAD2	9606
Q6PL24	TMED8	9606
Q6PL45	BRICD5	9606
Q6PML9	SLC30A9	9606
Q6PNC0	Dmxl1	10090
Q6PP77	XKRX	9606
Q6PR54	Rif1	10090
Q6PRD1	GPR179	9606
Q6PRD7	CEMP1	9606
Q6PUV4	CPLX2	9606
Q6PXP3	SLC2A7	9606
Q6PZD9	Cebpe	10090
Q6PZE0	Muc19	10090
Q6Q0C0	TRAF7	9606
Q6Q0C1	SLC25A47	9606
Q6Q2Z6	Acot5	10090
Q6Q473	Clca4a	10090
Q6Q477	Atp2b4	10090
Q6Q4G3	LVRN	9606
Q6Q6R3	Crip3	10090
Q6Q6R5	CRIP3	9606
Q6Q759	SPAG17	9606
Q6Q783	Kmt5c	10090
Q6Q788	APOA5	9606
Q6Q899	Rigi	10090
Q6Q8B3	CD200R1L	9606
Q6QAJ8	TMEM220	9606
Q6QD59	Bnip1	10090
Q6QEF8	CORO6	9606
Q6QHC5	DEGS2	9606
Q6QHF9	PAOX	9606
Q6QHK4	FIGLA	9606
Q6QI06	Rictor	10090
Q6QIY3	Scn10a	10090
Q6QLQ4	Clec7a	10090
Q6QN14	USP17L6P	9606
Q6QNK2	ADGRD1	9606
Q6QNU9	Tlr12	10090
Q6QNY0	BLOC1S3	9606
Q6QNY1	BLOC1S2	9606
Q6QR59	Tcaf3	10090
Q6QWF9	Camk2n1	10090
Q6R0H6	Gnas	10090
Q6R0H7	Gnas	10090
Q6R2P8	Neil2	10090
Q6R2W3	SCAND3	9606
Q6R327	RICTOR	9606
Q6R3M4	Poli	10090
Q6R5N8	Tlr13	10090
Q6R5P0	Tlr11	10090
Q6R653	Unc5cl	10090
Q6R6I7	Rxfp1	10090
Q6R6M4	USP17L2	9606
Q6R891	Ppp1r9b	10090
Q6RFH4	Gcsam	10090
Q6RFH5	WDR74	9606
Q6RFH8	DUX4L9	9606
Q6RHR9	Magi1	10090
Q6RHW0	Krt9	10090
Q6RI45	BRWD3	9606
Q6RI63	Fam120b	10090
Q6RKD8	Flrt1	10090
Q6RSH7	VHLL	9606
Q6RT24	Cenpe	10090
Q6RUT7	Uqcc4	10090
Q6RUT8	Ccdc154	10090
Q6RUU0	Ptx4	10090
Q6RVD6	SPATA8	9606
Q6RW13	AGTRAP	9606
Q6S545	POTEH	9606
Q6S5C2	Gnptg	10090
Q6S5G4	Gja6	10090
Q6S5H5	POTEG	9606
Q6S5I3	S100a15a	10090
Q6S5J6	Krit1	10090
Q6S5L8	SHC4	9606
Q6S5L9	Shc4	10090
Q6S7F2	E2f7	10090
Q6S8J3	POTEE	9606
Q6S8J7	POTEA	9606
Q6S9Z5	ZNF474	9606
Q6SA08	TSSK4	9606
Q6SJ93	FAM111B	9606
Q6SJ95	Tbpl2	10090
Q6SJ96	TBPL2	9606
Q6SJE0	Gfral	10090
Q6SJQ0	Cd300a	10090
Q6SJQ5	Cd300ld3	10090
Q6SJQ7	Cd300lf	10090
Q6SKR2	Hemk2	10090
Q6SP97	Enkur	10090
Q6SPF0	SAMD1	9606
Q6STE5	SMARCD3	9606
Q6SZW1	SARM1	9606
Q6T264	Maml1	10090
Q6T310	RASL11A	9606
Q6T311	ARL9	9606
Q6T3U4	Npc1l1	10090
Q6T423	SLC22A25	9606
Q6T4P5	PLPPR3	9606
Q6T4R5	NHS	9606
Q6T707	Scd4	10090
Q6TAC4	Vmn2r26	10090
Q6TAW2	Serp2	10090
Q6TCG2	Paqr9	10090
Q6TCG5	Paqr6	10090
Q6TCG8	Paqr3	10090
Q6TCH4	PAQR6	9606
Q6TCH7	PAQR3	9606
Q6TDP3	Klhl17	10090
Q6TDP4	KLHL17	9606
Q6TDU7	DNAI7	9606
Q6TDU8	Dnai7	10090
Q6TEK5	Vkorc1l1	10090
Q6TFL3	CCDC171	9606
Q6TFL4	KLHL24	9606
Q6TGC4	PADI6	9606
Q6TL19	Gucy2g	10090
Q6TU36	Defb50	10090
Q6TXD4	Dnmbp	10090
Q6TYB5	Fez2	10090
Q6U736	OPN5	9606
Q6U7H8	Pip5kl1	10090
Q6U7Q0	ZNF322	9606
Q6U7R4	Timd4	10090
Q6U841	SLC4A10	9606
Q6U949	IGF2-AS	9606
Q6UB28	METAP1D	9606
Q6UB35	MTHFD1L	9606
Q6UB98	ANKRD12	9606
Q6UB99	ANKRD11	9606
Q6UDR6	SPINT4	9606
Q6UE05	TMEM270	9606
Q6UGQ3	Scgb2b2	10090
Q6UJB9	Tmem270	10090
Q6UJY2	Slc9c1	10090
Q6UL01	Morn2	10090
Q6ULP2	AFTPH	9606
Q6UN15	FIP1L1	9606
Q6UQ17	Atp8b3	10090
Q6UQ28	PLET1	9606
Q6URK8	SPMIP8	9606
Q6URW6	Myh14	10090
Q6UUV7	CRTC3	9606
Q6UUV9	CRTC1	9606
Q6UVJ0	SASS6	9606
Q6UVK1	CSPG4	9606
Q6UVM3	KCNT2	9606
Q6UVW9	CLEC2A	9606
Q6UVY6	MOXD1	9606
Q6UW01	CBLN3	9606
Q6UW02	CYP20A1	9606
Q6UW10	SFTA2	9606
Q6UW15	REG3G	9606
Q6UW32	IGFL1	9606
Q6UW49	SPESP1	9606
Q6UW56	ATRAID	9606
Q6UW60	PCSK4	9606
Q6UW63	POGLUT2	9606
Q6UW68	TMEM205	9606
Q6UW78	UQCC3	9606
Q6UW88	EPGN	9606
Q6UWB1	IL27RA	9606
Q6UWB4	PRSS55	9606
Q6UWD8	C16orf54	9606
Q6UWE0	LRSAM1	9606
Q6UWE3	CLPSL2	9606
Q6UWF3	SCIMP	9606
Q6UWF7	NXPE4	9606
Q6UWF9	FAM180A	9606
Q6UWH4	GASK1B	9606
Q6UWH6	TEX261	9606
Q6UWI2	PARM1	9606
Q6UWI4	SHISA2	9606
Q6UWJ1	SLC9D1	9606
Q6UWJ8	CD164L2	9606
Q6UWK7	GPR15LG	9606
Q6UWL2	SUSD1	9606
Q6UWL6	KIRREL2	9606
Q6UWM5	GLIPR1L1	9606
Q6UWM7	LCTL	9606
Q6UWM9	UGT2A3	9606
Q6UWN0	LYPD4	9606
Q6UWN5	LYPD5	9606
Q6UWN8	SPINK6	9606
Q6UWP2	DHRS11	9606
Q6UWP7	LCLAT1	9606
Q6UWP8	SBSN	9606
Q6UWQ5	LYZL1	9606
Q6UWQ7	IGFL2	9606
Q6UWR7	ENPP6	9606
Q6UWS5	PET117	9606
Q6UWT2	ENHO	9606
Q6UWT4	C5orf46	9606
Q6UWU2	GLB1L	9606
Q6UWU4	C6orf89	9606
Q6UWV2	MPZL3	9606
Q6UWV6	ENPP7	9606
Q6UWV7	SHISAL2A	9606
Q6UWW0	LCN15	9606
Q6UWW8	CES3	9606
Q6UWW9	TMEM207	9606
Q6UWX4	HHIPL2	9606
Q6UWY0	ARSK	9606
Q6UWY2	PRSS57	9606
Q6UWY5	OLFML1	9606
Q6UWZ7	ABRAXAS1	9606
Q6UX01	LMBR1L	9606
Q6UX04	CWC27	9606
Q6UX06	OLFM4	9606
Q6UX07	DHRS13	9606
Q6UX15	LAYN	9606
Q6UX27	VSTM1	9606
Q6UX34	SNORC	9606
Q6UX39	AMTN	9606
Q6UX40	TMEM107	9606
Q6UX41	BTNL8	9606
Q6UX46	ALKAL2	9606
Q6UX52	C17orf99	9606
Q6UX53	TMT1B	9606
Q6UX65	DRAM2	9606
Q6UX68	XKR5	9606
Q6UX71	PLXDC2	9606
Q6UX72	B3GNT9	9606
Q6UX73	C16orf89	9606
Q6UX82	LYPD8	9606
Q6UX98	ZDHHC24	9606
Q6UXA7	C6orf15	9606
Q6UXB0	FAM131A	9606
Q6UXB1	IGFL3	9606
Q6UXB2	CXCL17	9606
Q6UXB3	LYPD2	9606
Q6UXB4	CLEC4G	9606
Q6UXB8	PI16	9606
Q6UXC1	MAMDC4	9606
Q6UXD1	HRCT1	9606
Q6UXD5	SEZ6L2	9606
Q6UXD7	SLC49A3	9606
Q6UXE8	BTNL3	9606
Q6UXF1	TMEM108	9606
Q6UXF7	CLEC18B	9606
Q6UXG2	ELAPOR1	9606
Q6UXG3	CD300LG	9606
Q6UXG8	BTNL9	9606
Q6UXH0	ANGPTL8	9606
Q6UXH1	CRELD2	9606
Q6UXH8	CCBE1	9606
Q6UXH9	PAMR1	9606
Q6UXI7	VIT	9606
Q6UXI9	NPNT	9606
Q6UXK2	ISLR2	9606
Q6UXK5	LRRN1	9606
Q6UXL0	IL20RB	9606
Q6UXM1	LRIG3	9606
Q6UXN2	TREML4	9606
Q6UXN7	TOMM20L	9606
Q6UXN8	CLEC9A	9606
Q6UXN9	WDR82	9606
Q6UXP3	TMEM14EP	9606
Q6UXP7	FAM151B	9606
Q6UXQ4	C2orf66	9606
Q6UXR4	SERPINA13P	9606
Q6UXS0	CLEC19A	9606
Q6UXS9	CASP12	9606
Q6UXT6	OR9H1	9606
Q6UXT8	ALKAL1	9606
Q6UXT9	ABHD15	9606
Q6UXU4	GSG1L	9606
Q6UXU6	TMEM92	9606
Q6UXV0	GFRAL	9606
Q6UXV1	IZUMO2	9606
Q6UXV4	APOOL	9606
Q6UXX5	ITIH6	9606
Q6UXX9	RSPO2	9606
Q6UXY1	BAIAP2L2	9606
Q6UXY8	TMC5	9606
Q6UXZ0	TMIGD1	9606
Q6UXZ3	CD300LD	9606
Q6UXZ4	UNC5D	9606
Q6UY01	LRRC31	9606
Q6UY09	CEACAM20	9606
Q6UY11	DLK2	9606
Q6UY14	ADAMTSL4	9606
Q6UY18	LINGO4	9606
Q6UY27	PATE2	9606
Q6UYE1	DLEU7	9606
Q6V0I7	FAT4	9606
Q6V0L0	CYP26C1	9606
Q6V1P9	DCHS2	9606
Q6V1X1	DPP8	9606
Q6V3W6	Drc7	10090
Q6V4S5	Sdk2	10090
Q6V595	Klhl6	10090
Q6V5K9	Znf474	10090
Q6V702	CFAP299	9606
Q6V9R5	ZNF562	9606
Q6VAB6	KSR2	9606
Q6VB84	FOXD4L3	9606
Q6VEQ5	WASH2P	9606
Q6VGS5	Ccdc88c	10090
Q6VH22	Ift172	10090
Q6VMN6	Prlhr	10090
Q6VMQ6	ATF7IP	9606
Q6VN19	Ranbp10	10090
Q6VN20	RANBP10	9606
Q6VNB8	Wdfy3	10090
Q6VNS1	Ntrk3	10090
Q6VUC0	TFAP2E	9606
Q6VUP9	Tfap2e	10090
Q6VV64	Kcnk18	10090
Q6VVB1	NHLRC1	9606
Q6VVW5	Npr2	10090
Q6VVW9	Cyp2r1	10090
Q6VVX0	CYP2R1	9606
Q6VY05	Dnd1	10090
Q6VY07	PACS1	9606
Q6VYH9	Hsh2d	10090
Q6VZZ7	Opn5	10090
Q6W049	Or56b34	10090
Q6W0C5	DPPA3	9606
Q6W2J9	BCOR	9606
Q6W349	LINC00575	9606
Q6W3E5	GDPD4	9606
Q6W3F0	P4ha3	10090
Q6W4X9	MUC6	9606
Q6W5C0	Cxcl3	10090
Q6W5P4	NPSR1	9606
Q6W8Q3	Pcp4l1	10090
Q6WBX7	Rad9b	10090
Q6WBX8	RAD9B	9606
Q6WCQ1	MPRIP	9606
Q6WKZ4	RAB11FIP1	9606
Q6WKZ7	Nostrin	10090
Q6WKZ8	Ubr2	10090
Q6WN34	CHRDL2	9606
Q6WQI6	HEPN1	9606
Q6WQJ1	Dagla	10090
Q6WRI0	IGSF10	9606
Q6WRX3	ZYG11A	9606
Q6WVG3	Kctd12	10090
Q6X1Y6	Asic3	10090
Q6X4T0	C12orf54	9606
Q6X4U4	SOSTDC1	9606
Q6X4W1	NSMF	9606
Q6X632	Gpr75	10090
Q6X6Z7	Tekt3	10090
Q6X784	ZPBP2	9606
Q6X786	Zpbp2	10090
Q6X7S9	Eid2	10090
Q6X893	Slc44a1	10090
Q6X9E4	FBXW12	9606
Q6XBJ3	Onecut2	10090
Q6XD76	ASCL4	9606
Q6XE24	RBMS3	9606
Q6XE38	SCGB1D4	9606
Q6XJV4	Cd200r4	10090
Q6XJV6	Cd200r1l	10090
Q6XLA1	CASC2	9606
Q6XP49	Glis3	10090
Q6XPR3	RPTN	9606
Q6XPS3	TPTE2	9606
Q6XQH0	Gal3st2	10090
Q6XQN6	NAPRT	9606
Q6XR72	SLC30A10	9606
Q6XUX1	Dstyk	10090
Q6XUX3	DSTYK	9606
Q6XVG2	Cyp2c54	10090
Q6XXX2	LINC00114	9606
Q6XYB7	LBX2	9606
Q6XYQ8	SYT10	9606
Q6XZB0	LIPI	9606
Q6XZF7	DNMBP	9606
Q6XZL8	Dot1l	10090
Q6Y1H2	HACD2	9606
Q6Y288	B3GLCT	9606
Q6Y2X3	DNAJC14	9606
Q6Y4S4	Kiss1	10090
Q6Y5D8	Arhgap10	10090
Q6Y685	Tacc1	10090
Q6Y7W6	GIGYF2	9606
Q6Y7W8	Gigyf2	10090
Q6YBV0	SLC36A4	9606
Q6YCH1	Tdpoz5	10090
Q6YCH2	Tdpoz4	10090
Q6YFQ2	COX6B2	9606
Q6YGZ1	Hpse	10090
Q6YHK3	CD109	9606
Q6YHU6	THADA	9606
Q6YI46	TMEM64	9606
Q6YN16	HSDL2	9606
Q6YND2	Znf653	10090
Q6YNI2	Gpr6	10090
Q6YP21	KYAT3	9606
Q6ZMB0	B3GNT6	9606
Q6ZMB5	TMEM184A	9606
Q6ZMC9	SIGLEC15	9606
Q6ZMD2	SPNS3	9606
Q6ZMG9	CERS6	9606
Q6ZMH5	SLC39A5	9606
Q6ZMI0	PPP1R21	9606
Q6ZMI3	GLDN	9606
Q6ZMJ2	SCARA5	9606
Q6ZMJ4	IL34	9606
Q6ZMM2	ADAMTSL5	9606
Q6ZMN7	PDZRN4	9606
Q6ZMN8	CCNI2	9606
Q6ZMP0	THSD4	9606
Q6ZMQ8	AATK	9606
Q6ZMR3	LDHAL6A	9606
Q6ZMR5	TMPRSS11A	9606
Q6ZMS4	ZNF852	9606
Q6ZMS7	ZNF783	9606
Q6ZMT1	STAC2	9606
Q6ZMT4	KDM7A	9606
Q6ZMT9	DTHD1	9606
Q6ZMU1	C3P1	9606
Q6ZMU5	TRIM72	9606
Q6ZMV5	PPP4R3C	9606
Q6ZMV7	LEKR1	9606
Q6ZMV8	ZNF730	9606
Q6ZMV9	KIF6	9606
Q6ZMW2	ZNF782	9606
Q6ZMW3	EML6	9606
Q6ZMY3	SPOCD1	9606
Q6ZMY6	WDR88	9606
Q6ZMY9	ZNF517	9606
Q6ZMZ0	RNF19B	9606
Q6ZMZ3	SYNE3	9606
Q6ZN01	MAMSTR	9606
Q6ZN03	LINC00322	9606
Q6ZN04	MEX3B	9606
Q6ZN06	ZNF813	9606
Q6ZN08	ZNF66	9606
Q6ZN11	ZNF793	9606
Q6ZN16	MAP3K15	9606
Q6ZN17	LIN28B	9606
Q6ZN18	AEBP2	9606
Q6ZN19	ZNF841	9606
Q6ZN28	MACC1	9606
Q6ZN30	BNC2	9606
Q6ZN32	ETV3L	9606
Q6ZN44	UNC5A	9606
Q6ZN54	DEF8	9606
Q6ZN55	ZNF574	9606
Q6ZN57	ZFP2	9606
Q6ZN66	GBP6	9606
Q6ZN68	DPY19L2P2	9606
Q6ZN79	ZNF705A	9606
Q6ZN84	CCDC81	9606
Q6ZNA1	ZNF836	9606
Q6ZNA4	RNF111	9606
Q6ZNA5	FRRS1	9606
Q6ZNB5	XNDC1N	9606
Q6ZNB6	NFXL1	9606
Q6ZNB7	AGMO	9606
Q6ZNC4	ZNF704	9606
Q6ZNC8	MBOAT1	9606
Q6ZNE5	ATG14	9606
Q6ZNE9	RUFY4	9606
Q6ZNF0	ACP7	9606
Q6ZNG0	ZNF620	9606
Q6ZNG1	ZNF600	9606
Q6ZNG2	DBX2	9606
Q6ZNG9	KRABD2	9606
Q6ZNH5	ZNF497	9606
Q6ZNI0	GCNT7	9606
Q6ZNJ1	NBEAL2	9606
Q6ZNK6	TIFAB	9606
Q6ZNL6	FGD5	9606
Q6ZNM6	SPMIP10	9606
Q6ZNQ3	LRRC69	9606
Q6ZNR0	TMEM91	9606
Q6ZNW5	GDPGP1	9606
Q6ZNX1	SHLD3	9606
Q6ZP01	RBM44	9606
Q6ZP29	SLC66A1	9606
Q6ZP65	BICDL1	9606
Q6ZP68	ATP11AUN	9606
Q6ZP80	TMEM182	9606
Q6ZP82	CCDC141	9606
Q6ZPB5	SDIM1	9606
Q6ZPD8	DGAT2L6	9606
Q6ZPD9	DPY19L3	9606
Q6ZPE2	Sbf1	10090
Q6ZPF3	Tiam2	10090
Q6ZPF4	Fmnl3	10090
Q6ZPG2	Wdr90	10090
Q6ZPI0	Jade1	10090
Q6ZPI3	Lcor	10090
Q6ZPJ0	Tex2	10090
Q6ZPJ3	Ube2o	10090
Q6ZPK0	Phf21a	10090
Q6ZPK7	Zfyve28	10090
Q6ZPL9	Ddx55	10090
Q6ZPQ6	Pitpnm2	10090
Q6ZPR1	Cfap97	10090
Q6ZPR4	Kcnt1	10090
Q6ZPR5	Smpd4	10090
Q6ZPR6	Ibtk	10090
Q6ZPS2	Carns1	10090
Q6ZPS6	Ankib1	10090
Q6ZPT1	Klhl9	10090
Q6ZPU9	Kifbp	10090
Q6ZPV2	Ino80	10090
Q6ZPY2	Smg5	10090
Q6ZPY5	Znf507	10090
Q6ZPY7	Kdm3b	10090
Q6ZPZ3	Zc3h4	10090
Q6ZQ03	Fnbp4	10090
Q6ZQ06	Cep162	10090
Q6ZQ08	Cnot1	10090
Q6ZQ11	Chsy1	10090
Q6ZQ12	Ninl	10090
Q6ZQ18	Efr3b	10090
Q6ZQ29	Taok2	10090
Q6ZQ38	Cand1	10090
Q6ZQ58	Larp1	10090
Q6ZQ73	Cand2	10090
Q6ZQ82	Arhgap26	10090
Q6ZQ88	Kdm1a	10090
Q6ZQ89	Marchf6	10090
Q6ZQ93	Usp34	10090
Q6ZQA0	Nbeal2	10090
Q6ZQA6	Igsf3	10090
Q6ZQB6	Ppip5k2	10090
Q6ZQE4	Nemp1	10090
Q6ZQF0	Topbp1	10090
Q6ZQF7	Jade2	10090
Q6ZQH8	Nup188	10090
Q6ZQI3	Mlec	10090
Q6ZQJ5	Dna2	10090
Q6ZQK0	Ncapd3	10090
Q6ZQK5	Acap2	10090
Q6ZQL4	Wdr43	10090
Q6ZQM0	Rffl	10090
Q6ZQM8	Ugt1a7	10090
Q6ZQN5	FOXI2	9606
Q6ZQN7	SLCO4C1	9606
Q6ZQQ2	SPATA31D1	9606
Q6ZQQ6	WDR87	9606
Q6ZQR2	CFAP77	9606
Q6ZQV5	ZNF788P	9606
Q6ZQW0	IDO2	9606
Q6ZQX7	LIAT1	9606
Q6ZQY2	LRRC74B	9606
Q6ZQY3	GADL1	9606
Q6ZR08	DNAH12	9606
Q6ZR37	PLEKHG7	9606
Q6ZR52	ZNF493	9606
Q6ZR62	RTL4	9606
Q6ZR85	C17orf107	9606
Q6ZRC1	C4orf50	9606
Q6ZRF7	ZNF818P	9606
Q6ZRF8	RNF207	9606
Q6ZRH7	CATSPERG	9606
Q6ZRI0	OTOG	9606
Q6ZRI6	C15orf39	9606
Q6ZRI8	ARHGAP36	9606
Q6ZRK6	CCDC73	9606
Q6ZRP0	PRR23C	9606
Q6ZRP7	QSOX2	9606
Q6ZRQ5	MMS22L	9606
Q6ZRR5	TLCD5	9606
Q6ZRR7	LRRC9	9606
Q6ZRS2	SRCAP	9606
Q6ZRS4	ITPRID1	9606
Q6ZRT6	PRR23B	9606
Q6ZRV2	FAM83H	9606
Q6ZRV3	LINC00696	9606
Q6ZRY4	RBPMS2	9606
Q6ZS02	DNM1P46	9606
Q6ZS10	CLEC17A	9606
Q6ZS11	RINL	9606
Q6ZS17	RIPOR1	9606
Q6ZS27	ZNF662	9606
Q6ZS30	NBEAL1	9606
Q6ZS62	COLCA1	9606
Q6ZS72	PEAK3	9606
Q6ZS81	WDFY4	9606
Q6ZS82	RGS9BP	9606
Q6ZS86	GK5	9606
Q6ZSA7	LRRC55	9606
Q6ZSB3	LINC00299	9606
Q6ZSB9	ZBTB49	9606
Q6ZSC3	RBM43	9606
Q6ZSG1	ARK2C	9606
Q6ZSG2	INSYN2A	9606
Q6ZSI9	CAPN12	9606
Q6ZSJ8	C1orf122	9606
Q6ZSJ9	SHISA6	9606
Q6ZSK4	NTM-AS1	9606
Q6ZSM3	SLC16A12	9606
Q6ZSS3	ZNF621	9606
Q6ZSS7	MFSD6	9606
Q6ZST2	COL25A1-DT	9606
Q6ZST4	LCNL1	9606
Q6ZSU1	CYP2G1P	9606
Q6ZSY5	PPP1R3F	9606
Q6ZSZ5	ARHGEF18	9606
Q6ZSZ6	TSHZ1	9606
Q6ZT07	TBC1D9	9606
Q6ZT12	UBR3	9606
Q6ZT21	TMPPE	9606
Q6ZT52	FAM43B	9606
Q6ZT62	BARGIN	9606
Q6ZT77	ZNF826P	9606
Q6ZT89	SLC25A48	9606
Q6ZT98	TTLL7	9606
Q6ZTA4	TRIM67	9606
Q6ZTB9	ZNF833P	9606
Q6ZTI6	RFLNA	9606
Q6ZTK2	APOLTP	9606
Q6ZTN6	ANKRD13D	9606
Q6ZTQ3	RASSF6	9606
Q6ZTQ4	CDHR3	9606
Q6ZTR5	CFAP47	9606
Q6ZTR6	ZNF516-DT	9606
Q6ZTR7	CIBAR2	9606
Q6ZTU2	EP400P1	9606
Q6ZTW0	TPGS1	9606
Q6ZTY9	LINC02902	9606
Q6ZTZ1	MSANTD1	9606
Q6ZU15	SEPTIN14	9606
Q6ZU35	CRACD	9606
Q6ZU45	CLEC20A	9606
Q6ZU52	KIAA0408	9606
Q6ZU64	CFAP65	9606
Q6ZU65	UBN2	9606
Q6ZU67	BEND4	9606
Q6ZU69	SPATA31F1	9606
Q6ZU80	CEP128	9606
Q6ZUA9	MROH5	9606
Q6ZUB0	SPATA31D4	9606
Q6ZUB1	SPATA31E1	9606
Q6ZUF6	LINC00336	9606
Q6ZUI0	TPRG1	9606
Q6ZUJ4	C3orf62	9606
Q6ZUJ8	PIK3AP1	9606
Q6ZUK4	TMEM26	9606
Q6ZUL3	LINC03042	9606
Q6ZUM4	ARHGAP27	9606
Q6ZUS5	CCDC121	9606
Q6ZUS6	CCDC149	9606
Q6ZUT1	NKAPD1	9606
Q6ZUT3	FRMD7	9606
Q6ZUT6	CCDC9B	9606
Q6ZUT9	DENND5B	9606
Q6ZUU3	FOXL2NB	9606
Q6ZUV0	ACOT7L	9606
Q6ZUX3	TOGARAM2	9606
Q6ZUX7	LHFPL2	9606
Q6ZV29	PNPLA7	9606
Q6ZV50	RFX8	9606
Q6ZV60	LINC00173	9606
Q6ZV65	FAM47E	9606
Q6ZV70	LANCL3	9606
Q6ZV73	FGD6	9606
Q6ZV77	LINC02908	9606
Q6ZV80	LINC02898	9606
Q6ZV89	SH2D5	9606
Q6ZVC0	NYAP1	9606
Q6ZVD7	STOX1	9606
Q6ZVD8	PHLPP2	9606
Q6ZVE7	GOLT1A	9606
Q6ZVF9	GPRIN3	9606
Q6ZVH7	ESPNL	9606
Q6ZVK1	TMEM179	9606
Q6ZVK8	NUDT18	9606
Q6ZVL6	KIAA1549L	9606
Q6ZVM7	TOM1L2	9606
Q6ZVN7	SEM1	9606
Q6ZVN8	HJV	9606
Q6ZVS7	CFAP144P1	9606
Q6ZVT0	TTLL10	9606
Q6ZVT6	CFAP20DC	9606
Q6ZVW7	IL17REL	9606
Q6ZVX7	NCCRP1	9606
Q6ZVX9	PAQR9	9606
Q6ZVZ8	ASB18	9606
Q6ZW05	PTCHD4	9606
Q6ZW13	C16orf86	9606
Q6ZW31	SYDE1	9606
Q6ZW49	PAXIP1	9606
Q6ZW61	BBS12	9606
Q6ZW76	ANKS3	9606
Q6ZWB6	KCTD8	9606
Q6ZWE6	PLEKHM3	9606
Q6ZWH5	NEK10	9606
Q6ZWI9	RFPL4B	9606
Q6ZWJ1	STXBP4	9606
Q6ZWJ8	KCP	9606
Q6ZWK4	RHEX	9606
Q6ZWK6	TMPRSS11F	9606
Q6ZWL3	CYP4V2	9606
Q6ZWM4	Lsm8	10090
Q6ZWN5	Rps9	10090
Q6ZWQ0	Syne2	10090
Q6ZWQ7	Spcs3	10090
Q6ZWR4	Ppp2r2b	10090
Q6ZWR6	Syne1	10090
Q6ZWS4	Cnih3	10090
Q6ZWS8	Spop	10090
Q6ZWT7	MBOAT2	9606
Q6ZWU9	Rps27	10090
Q6ZWV3	Rpl10	10090
Q6ZWV7	Rpl35	10090
Q6ZWX0	Wdr83os	10090
Q6ZWX6	Eif2s1	10090
Q6ZWY3	Rps27l	10090
Q6ZWY6	Ube2d2b	10090
Q6ZWY8	Tmsb10	10090
Q6ZWY9	H2bc4; H2bc6; H2bc8	10090
Q6ZWZ2	Ube2r2	10090
Q6ZXV5	TMTC3	9606
Q6ZYL4	GTF2H5	9606
Q701N2	KRTAP5-5	9606
Q701N4	KRTAP5-2	9606
Q702N8	XIRP1	9606
Q704Y3	Trpv1	10090
Q709C8	VPS13C	9606
Q709F0	ACAD11	9606
Q70CQ1	USP49	9606
Q70CQ2	USP34	9606
Q70CQ3	USP30	9606
Q70CQ4	USP31	9606
Q70E20	Sned1	10090
Q70E73	RAPH1	9606
Q70EK8	USP53	9606
Q70EK9	USP51	9606
Q70EL1	USP54	9606
Q70EL2	USP45	9606
Q70EL3	USP50	9606
Q70EL4	USP43	9606
Q70FJ1	Akap9	10090
Q70HW3	SLC25A26	9606
Q70IA6	MOB2	9606
Q70IA8	MOB3C	9606
Q70IV5	Synm	10090
Q70J99	UNC13D	9606
Q70JA7	CHSY3	9606
Q70KF4	Cmya5	10090
Q70KL2	Defb40	10090
Q70KL3	Defb39	10090
Q70KY4	Foxo6	10090
Q70SY1	CREB3L2	9606
Q70UQ0	IKBIP	9606
Q70UZ7	Vwa2	10090
Q70YC4	ZNF365	9606
Q70YC5	ZNF365	9606
Q70Z35	PREX2	9606
Q70Z44	HTR3D	9606
Q70Z53	FRA10AC1	9606
Q710D3	Unc93a	10090
Q711Q0	CEFIP	9606
Q711T7	Nadsyn1	10090
Q712K3	UBE2R2	9606
Q715T0	Nme8	10090
Q717B2	Tdpoz2	10090
Q717B4	Tdpoz3	10090
Q717R9	CYS1	9606
Q719H9	KCTD1	9606
Q719I0	AHSA2P	9606
Q71B07	Dpy19l3	10090
Q71DI3	H3C15; H3C14; H3C13	9606
Q71F23	CENPU	9606
Q71F56	MED13L	9606
Q71F78	LCA10	9606
Q71FD5	Znrf2	10090
Q71FD7	Fblim1	10090
Q71H61	ILDR2	9606
Q71KT5	Tm7sf2	10090
Q71KU9	Fgl1	10090
Q71LX4	Tln2	10090
Q71M36	Cspg5	10090
Q71MR7	Fpr-rs7	10090
Q71RC2	LARP4	9606
Q71RC9	SMIM5	9606
Q71RG4	TMUB2	9606
Q71RH2	TLCD3B	9606
Q71RI9	Kyat3	10090
Q71RS6	SLC24A5	9606
Q71SY5	MED25	9606
Q71U36	TUBA1A	9606
Q71UI9	H2AZ2	9606
Q71UM5	RPS27L	9606
Q75LS8	FKBP9P1	9606
Q75MW2	ZNF767P	9606
Q75N03	CBLL1	9606
Q75N62	Gimap8	10090
Q75N73	Slc39a14	10090
Q75N90	FBN3	9606
Q75NE6	MIR17HG	9606
Q75NR7	Recql4	10090
Q75QN2	INTS8	9606
Q75T13	PGAP1	9606
Q75UR0	Ano5	10090
Q75V66	ANO5	9606
Q75VT8	Hide1	10090
Q75VX8	GAREM2	9606
Q75WM6	H1-7	9606
Q761V0	Slc6a5	10090
Q762D5	Slc35d2	10090
Q765H6	Mgat5b	10090
Q765I0	UTS2B	9606
Q765I1	Uts2b	10090
Q765P7	MTSS2	9606
Q766D5	B4galnt4	10090
Q768S4	Rph3al	10090
Q769J6	Adamts13	10090
Q76B58	BRINP3	9606
Q76EC5	Chst9	10090
Q76EJ3	SLC35D2	9606
Q76FK4	NOL8	9606
Q76G19	PDZD4	9606
Q76HL1	Prss43	10090
Q76HP3	Tmem132d	10090
Q76I25	Higd1c	10090
Q76I76	SSH2	9606
Q76I79	Ssh1	10090
Q76JU9	Ffar1	10090
Q76K27	St6gal2	10090
Q76KD6	SPATC1	9606
Q76KF0	Sema6d	10090
Q76KJ5	Polr1g	10090
Q76KP1	B4GALNT4	9606
Q76KX8	ZNF534	9606
Q76L83	ASXL2	9606
Q76LL6	Fhod3	10090
Q76LS9	Mindy1	10090
Q76LW6	Dand5	10090
Q76LX8	ADAMTS13	9606
Q76M72	Slc22a27	10090
Q76M96	CCDC80	9606
Q76MJ5	ERN2	9606
Q76MZ3	Ppp2r1a	10090
Q76N32	CEP68	9606
Q76N33	Stambpl1	10090
Q76N89	HECW1	9606
Q76NI1	KNDC1	9606
Q78DX7	Ros1	10090
Q78HU3	Mvb12a	10090
Q78HU7	Gypc	10090
Q78IK2	Atp5mk	10090
Q78IK4	Apool	10090
Q78IQ7	Slc39a4	10090
Q78IS1	Tmed3	10090
Q78J03	Msrb2	10090
Q78JE5	Fbxo22	10090
Q78JN3	Eci3	10090
Q78JT3	Haao	10090
Q78JW9	Ubfd1	10090
Q78KK3	Slc67a1	10090
Q78PG9	Ccdc25	10090
Q78PY7	Snd1	10090
Q78RX3	Smim12	10090
Q78S06	Sys1	10090
Q78T54	Vma21	10090
Q78T81	Eeig1	10090
Q78TU8	Fam107a	10090
Q78WH7	Camk2n2	10090
Q78WZ7	Polr1f	10090
Q78XF5	Ostc	10090
Q78XR0	Trappc6a	10090
Q78Y63	Pdcl2	10090
Q78YY6	Dnajc15	10090
Q78YZ6	Scoc	10090
Q78ZA7	Nap1l4	10090
Q791N7	Polr1h	10090
Q791T5	Mtch1	10090
Q791V5	Mtch2	10090
Q793I8	Tifa	10090
Q794H2	Nap1l3	10090
Q7JJ13	Brd2	10090
Q7KYR7	BTN2A1	9606
Q7KZ85	SUPT6H	9606
Q7KZF4	SND1	9606
Q7KZI7	MARK2	9606
Q7KZN9	COX15	9606
Q7L014	DDX46	9606
Q7L099	RUFY3	9606
Q7L0J3	SV2A	9606
Q7L0Q8	RHOU	9606
Q7L0R7	RNF44	9606
Q7L0X0	TRIL	9606
Q7L0X2	ERICH6	9606
Q7L0Y3	TRMT10C	9606
Q7L190	DPPA4	9606
Q7L1I2	SV2B	9606
Q7L1Q6	BZW1	9606
Q7L1S5	CHST9	9606
Q7L1T6	CYB5R4	9606
Q7L1V2	MON1B	9606
Q7L1W4	LRRC8D	9606
Q7L211	ABHD13	9606
Q7L266	ASRGL1	9606
Q7L273	KCTD9	9606
Q7L2E3	DHX30	9606
Q7L2H7	EIF3M	9606
Q7L2J0	MEPCE	9606
Q7L2K0	TEDC2	9606
Q7L2R6	ZNF765	9606
Q7L2Z9	CENPQ	9606
Q7L311	ARMCX2	9606
Q7L3B6	CDC37L1	9606
Q7L3S4	ZNF771	9606
Q7L3T8	PARS2	9606
Q7L3V2	RTL10	9606
Q7L4E1	MIGA2	9606
Q7L4I2	RSRC2	9606
Q7L4P6	BEND5	9606
Q7L4S7	ARMCX6	9606
Q7L513	FCRLA	9606
Q7L523	RRAGA	9606
Q7L576	CYFIP1	9606
Q7L590	MCM10	9606
Q7L591	DOK3	9606
Q7L592	NDUFAF7	9606
Q7L5A3	ATOSB	9606
Q7L5A8	FA2H	9606
Q7L5D6	GET4	9606
Q7L5L3	GDPD3	9606
Q7L5N1	COPS6	9606
Q7L5N7	LPCAT2	9606
Q7L5Y1	ENOSF1	9606
Q7L5Y6	DET1	9606
Q7L5Y9	MAEA	9606
Q7L622	G2E3	9606
Q7L775	EPM2AIP1	9606
Q7L7L0	H2AC25	9606
Q7L7V1	DHX32	9606
Q7L7X3	TAOK1	9606
Q7L804	RAB11FIP2	9606
Q7L8A9	VASH1	9606
Q7L8C5	SYT13	9606
Q7L8J4	SH3BP5L	9606
Q7L8L6	FASTKD5	9606
Q7L8S5	OTUD6A	9606
Q7L8W6	DPH6	9606
Q7L945	ZNF627	9606
Q7L985	LINGO2	9606
Q7L9B9	EEPD1	9606
Q7L9L4	MOB1B	9606
Q7LBC6	KDM3B	9606
Q7LBE3	SLC26A9	9606
Q7LBR1	CHMP1B	9606
Q7LC44	ARC	9606
Q7LDG7	RASGRP2	9606
Q7LDI9	ERVK-6	9606
Q7LFL8	CXXC5	9606
Q7LFX5	CHST15	9606
Q7LG56	RRM2B	9606
Q7LGA3	HS2ST1	9606
Q7LGC8	CHST3	9606
Q7M4L6	SHF	9606
Q7M6U3	Tex14	10090
Q7M6Y2	Sox11	10090
Q7M6Y3	Picalm	10090
Q7M6Y5	Deup1	10090
Q7M6Y6	Mroh2b	10090
Q7M6Z0	Rtn4rl2	10090
Q7M6Z4	Kif27	10090
Q7M707	Tas2r109	10090
Q7M709	Tas2r129	10090
Q7M710	Tas2r125	10090
Q7M711	Tas2r113	10090
Q7M712	Tas2r110	10090
Q7M713	Tas2r116	10090
Q7M715	Tas2r117	10090
Q7M717	Tas2r102	10090
Q7M718	Tas2r124	10090
Q7M720	Tas2r13	10090
Q7M721	Tas2r120	10090
Q7M722	Tas2r114	10090
Q7M723	Tas2r104	10090
Q7M724	Tas2r106	10090
Q7M725	Tas2r107	10090
Q7M729	Scn4b	10090
Q7M732	Rtl1	10090
Q7M742	Scgb1c1	10090
Q7M747	Scgb2b24	10090
Q7M750	Opalin	10090
Q7M753	Pank2	10090
Q7M756	Prss54	10090
Q7M757	Brcc3dc	10090
Q7M758	Naaladl1	10090
Q7M759	Abhd17b	10090
Q7M760	Zranb1	10090
Q7M761	Ovch2	10090
Q7M764	Usp17le	10090
Q7RTM1	OTOP1	9606
Q7RTN6	STRADA	9606
Q7RTP0	NIPA1	9606
Q7RTP6	MICAL3	9606
Q7RTR0	NLRP9	9606
Q7RTR2	NLRC3	9606
Q7RTR8	TAS2R42	9606
Q7RTS1	BHLHA15	9606
Q7RTS3	PTF1A	9606
Q7RTS5	OTOP3	9606
Q7RTS6	OTOP2	9606
Q7RTS7	KRT74	9606
Q7RTS9	DYM	9606
Q7RTT3	SSX9P	9606
Q7RTT4	SSX8P	9606
Q7RTT5	SSX7	9606
Q7RTT6	SSX6P	9606
Q7RTT9	SLC29A4	9606
Q7RTU0	TCF24	9606
Q7RTU1	TCF23	9606
Q7RTU3	OLIG3	9606
Q7RTU4	BHLHA9	9606
Q7RTU5	ASCL5	9606
Q7RTU7	SCX	9606
Q7RTU9	STRC	9606
Q7RTV0	PHF5A	9606
Q7RTV2	GSTA5	9606
Q7RTV3	ZNF367	9606
Q7RTV5	PRXL2C	9606
Q7RTW8	OTOA	9606
Q7RTX0	TAS1R3	9606
Q7RTX1	TAS1R1	9606
Q7RTX7	CATSPER4	9606
Q7RTX9	SLC16A14	9606
Q7RTY0	SLC16A13	9606
Q7RTY1	SLC16A9	9606
Q7RTY3	PRSS45P	9606
Q7RTY5	PRSS48	9606
Q7RTY7	OVCH1	9606
Q7RTY8	TMPRSS7	9606
Q7RTY9	PRSS41	9606
Q7RTZ1	OVCH2	9606
Q7RTZ2	USP17L1	9606
Q7SIG6	Asap2	10090
Q7TM95	Tigd3	10090
Q7TM99	Slc16a9	10090
Q7TMA2	Znf503	10090
Q7TMA4	Ffar4	10090
Q7TMB3	Ppp1r3c	10090
Q7TMB8	Cyfip1	10090
Q7TMC8	Fcsk	10090
Q7TMD2	Defb37	10090
Q7TMD7	Dsg4	10090
Q7TME0	Plppr4	10090
Q7TME2	Spag5	10090
Q7TMF2	Eri1	10090
Q7TMF3	Ndufa12	10090
Q7TMF5	Serpina12	10090
Q7TMI3	Uhrf2	10090
Q7TMJ8	Pik3ip1	10090
Q7TMK6	Hook2	10090
Q7TMK9	Syncrip	10090
Q7TML3	Slc35f2	10090
Q7TMM8	Parp16	10090
Q7TMM9	Tubb2a	10090
Q7TMQ7	Wdr91	10090
Q7TMR0	Prcp	10090
Q7TMS5	Abcg2	10090
Q7TMV1	Rnf139	10090
Q7TMV3	Fastkd5	10090
Q7TMW6	Ciao3	10090
Q7TMX5	Shq1	10090
Q7TMY4	Thoc7	10090
Q7TMY7	Ipo8	10090
Q7TMY8	Huwe1	10090
Q7TN02	Med26	10090
Q7TN05	Ap1s3	10090
Q7TN08	Dact2	10090
Q7TN12	Inava	10090
Q7TN16	Hhip	10090
Q7TN22	Txndc16	10090
Q7TN29	Smap2	10090
Q7TN31	Aggf1	10090
Q7TN33	Celf6	10090
Q7TN37	Trpm4	10090
Q7TN51	Mrgprb8	10090
Q7TN58	Tmc8	10090
Q7TN60	Tmc6	10090
Q7TN73	Casd1	10090
Q7TN75	Peg10	10090
Q7TN79	Akap7	10090
Q7TN83	Syt16	10090
Q7TN84	Syt14	10090
Q7TN88	Pkd1l2	10090
Q7TN89	Eras	10090
Q7TN98	Cpeb4	10090
Q7TN99	Cpeb3	10090
Q7TNB4	Mro	10090
Q7TNB8	Sbno2	10090
Q7TNC4	Luc7l2	10090
Q7TNC6	Kif26b	10090
Q7TNC8	Glra2	10090
Q7TNC9	Inpp5a	10090
Q7TND5	Rpf1	10090
Q7TNE1	Sugct	10090
Q7TNE3	Spag7	10090
Q7TNF0	Doc2a	10090
Q7TNF8	Tspoap1	10090
Q7TNF9	Fam117a	10090
Q7TNG5	Eml2	10090
Q7TNG8	Ldhd	10090
Q7TNH6	Nphp3	10090
Q7TNI2	Tmem59l	10090
Q7TNI7	Il17f	10090
Q7TNJ0	Dcstamp	10090
Q7TNK1	Rfx4	10090
Q7TNK8	Adm2	10090
Q7TNL3	Stk40	10090
Q7TNM2	Trim46	10090
Q7TNP2	Ppp2r1b	10090
Q7TNR6	Igsf21	10090
Q7TNR9	Arhgef4	10090
Q7TNS2	Micos10	10090
Q7TNS7	Asic4	10090
Q7TNS8	Epop	10090
Q7TNT2	Far2	10090
Q7TNU6	Znf250	10090
Q7TNU7	Letm2	10090
Q7TNV0	Dek	10090
Q7TNV1	Tlcd3b	10090
Q7TNV7	Defb38	10090
Q7TNV8	Defb34	10090
Q7TNV9	Defb14	10090
Q7TPB0	Plppr3	10090
Q7TPC1	Cdsn	10090
Q7TPD0	Ints3	10090
Q7TPD1	Fbxo11	10090
Q7TPD2	Fam185a	10090
Q7TPD3	Robo2	10090
Q7TPD6	Raver2	10090
Q7TPD7	Lrrc75b	10090
Q7TPE5	Slc7a6os	10090
Q7TPG5	Tafa4	10090
Q7TPG6	Tafa3	10090
Q7TPG7	Tafa2	10090
Q7TPG8	Tafa1	10090
Q7TPH6	Mycbp2	10090
Q7TPM1	Prrc2b	10090
Q7TPM3	Trim17	10090
Q7TPM5	Spaca9	10090
Q7TPM6	Fsd1	10090
Q7TPM9	Mtmr10	10090
Q7TPN3	Pigv	10090
Q7TPN9	Prr14	10090
Q7TPQ3	Shprh	10090
Q7TPQ9	Arrdc3	10090
Q7TPR4	Actn1	10090
Q7TPS0	Rps6ka6	10090
Q7TPS5	C2cd5	10090
Q7TPV2	Dzip3	10090
Q7TPV4	Mybbp1a	10090
Q7TPW1	Nexn	10090
Q7TPX8	Oog2	10090
Q7TPX9	Lgalsl2	10090
Q7TPY9	Ldoc1	10090
Q7TPZ8	Cpa1	10090
Q7TQ07	Poln	10090
Q7TQ32	Hjv	10090
Q7TQ33	Rgmb	10090
Q7TQ40	Zic5	10090
Q7TQ48	Srl	10090
Q7TQ62	Podn	10090
Q7TQ65	Tmc4	10090
Q7TQ69	Tmc3	10090
Q7TQ95	Lnpk	10090
Q7TQA1	Igsf1	10090
Q7TQA3	Sdr16c5	10090
Q7TQA4	Tas2r140	10090
Q7TQA5	Tas2r39	10090
Q7TQA6	Tas2r38	10090
Q7TQA7	Tas2r3	10090
Q7TQA8	Tas2r136	10090
Q7TQA9	Tas2r135	10090
Q7TQB0	Tas2r134	10090
Q7TQB8	Tas2r40	10090
Q7TQB9	Tas2r143	10090
Q7TQC5	Aptx	10090
Q7TQC7	Gpatch2	10090
Q7TQD2	Tppp	10090
Q7TQE6	Maco1	10090
Q7TQE7	Matcap2	10090
Q7TQF2	Fbxo10	10090
Q7TQF7	Amph	10090
Q7TQG0	Zbtb5	10090
Q7TQG1	Plekha6	10090
Q7TQH0	Atxn2l	10090
Q7TQH7	Lrp10	10090
Q7TQI0	Tmem204	10090
Q7TQI3	Otub1	10090
Q7TQI7	Abtb2	10090
Q7TQI8	Tspyl2	10090
Q7TQJ1	Marveld1	10090
Q7TQJ8	Wtip	10090
Q7TQK0	Ccnt2	10090
Q7TQK1	Ints7	10090
Q7TQK4	Exosc3	10090
Q7TQK5	Ccdc93	10090
Q7TQN3	Wfikkn2	10090
Q7TQN9	Gpr142	10090
Q7TQP0	Gpr141	10090
Q7TQP2	Gpr135	10090
Q7TQP3	Gpr119	10090
Q7TQP4	Rxfp4	10090
Q7TQQ0	Or4e2	10090
Q7TR96	Or9g19	10090
Q7TRF3	Or7d11	10090
Q7TS48	Or5k16	10090
Q7TS55	Tnfsf18	10090
Q7TS63	Zfat	10090
Q7TS68	Nsun6	10090
Q7TS72	Itpkc	10090
Q7TS73	Rflna	10090
Q7TS74	Ckap2l	10090
Q7TS75	Amer1	10090
Q7TS99	Helt	10090
Q7TSA3	Btla	10090
Q7TSA6	Proser3	10090
Q7TSC1	Prrc2a	10090
Q7TSC3	Nek5	10090
Q7TSD4	Tbata	10090
Q7TSE6	Stk38l	10090
Q7TSF0	Dsg1c	10090
Q7TSF1	Dsg1b	10090
Q7TSF4	Lrrc75a	10090
Q7TSG1	Cep120	10090
Q7TSG2	Ctdp1	10090
Q7TSG3	Fbxo5	10090
Q7TSG5	Sh3d21	10090
Q7TSH2	Phkb	10090
Q7TSH3	Znf516	10090
Q7TSH4	Ccp110	10090
Q7TSH6	Scaf4	10090
Q7TSH7	Kcnf1	10090
Q7TSH8	Tmem94	10090
Q7TSH9	Zfp184	10090
Q7TSI0	Znf12	10090
Q7TSI1	Plekhm1	10090
Q7TSI3	Ppp6r1	10090
Q7TSJ2	Map6	10090
Q7TSJ6	Lats2	10090
Q7TSK2	Sez6	10090
Q7TSK3	Pcdh8	10090
Q7TSK7	Adamtsl2	10090
Q7TSL0	Ifnk	10090
Q7TSN2	Cd300c2	10090
Q7TSN6	Gpr151	10090
Q7TSN7	Igsf5	10090
Q7TSP5	Vtcn1	10090
Q7TSQ1	Clec18a	10090
Q7TSQ8	Pdpr	10090
Q7TSS2	Ube2q1	10090
Q7TST0	Btnl1	10090
Q7TST3	Samd10	10090
Q7TST5	Lamp3	10090
Q7TSU7	Kirrel2	10090
Q7TSV4	Pgm2	10090
Q7TSV6	Got1l1	10090
Q7TSV9	Enkd1	10090
Q7TSY6	Celf4	10090
Q7TSY8	Sgo2a	10090
Q7TSZ8	Nacc1	10090
Q7TT00	Supt20h	10090
Q7TT15	Galnt17	10090
Q7TT16	Ipmk	10090
Q7TT18	Atf7ip	10090
Q7TT23	Dnaaf9	10090
Q7TT28	Rexo1	10090
Q7TT36	Adgra3	10090
Q7TT37	Elp1	10090
Q7TT41	Moxd2	10090
Q7TT45	Rragd	10090
Q7TT50	Cdc42bpb	10090
Q7TT52	Ppp1r14d	10090
Q7TT79	Mcph1	10090
Q7Z2D5	PLPPR4	9606
Q7Z2E3	APTX	9606
Q7Z2F6	KRABD5	9606
Q7Z2G1	H2BW1	9606
Q7Z2H8	SLC36A1	9606
Q7Z2K6	ERMP1	9606
Q7Z2K8	GPRIN1	9606
Q7Z2Q7	LRRC70	9606
Q7Z2R9	SSBP3-AS1	9606
Q7Z2T5	TRMT1L	9606
Q7Z2V1	C16orf82	9606
Q7Z2W4	ZC3HAV1	9606
Q7Z2W7	TRPM8	9606
Q7Z2W9	MRPL21	9606
Q7Z2X4	PID1	9606
Q7Z2X7	PAGE2	9606
Q7Z2Y5	NRK	9606
Q7Z2Y8	GVINP1	9606
Q7Z2Z1	TICRR	9606
Q7Z2Z2	EFL1	9606
Q7Z304	MAMDC2	9606
Q7Z309	PABIR2	9606
Q7Z333	SETX	9606
Q7Z340	ZNF551	9606
Q7Z353	HDX	9606
Q7Z388	DPY19L4	9606
Q7Z392	TRAPPC11	9606
Q7Z398	ZNF550	9606
Q7Z3B0	SMIM15	9606
Q7Z3B1	NEGR1	9606
Q7Z3B3	KANSL1	9606
Q7Z3B4	NUP54	9606
Q7Z3C6	ATG9A	9606
Q7Z3D4	LYSMD3	9606
Q7Z3D6	DGLUCY	9606
Q7Z3E1	TIPARP	9606
Q7Z3E2	CCDC186	9606
Q7Z3E5	ARMC9	9606
Q7Z3F1	GPR155	9606
Q7Z3G6	PRICKLE2	9606
Q7Z3H0	ANKRD33	9606
Q7Z3H4	SAMD7	9606
Q7Z3I7	ZNF572	9606
Q7Z3J2	VPS35L	9606
Q7Z3J3	RGPD4	9606
Q7Z3K3	POGZ	9606
Q7Z3K6	MIER3	9606
Q7Z3Q1	SLC46A3	9606
Q7Z3S7	CACNA2D4	9606
Q7Z3S9	NOTCH2NLA	9606
Q7Z3T1	OR2W3	9606
Q7Z3T8	ZFYVE16	9606
Q7Z3U7	MON2	9606
Q7Z3V4	UBE3B	9606
Q7Z3V5	ZNF571	9606
Q7Z3Y7	KRT28	9606
Q7Z3Y8	KRT27	9606
Q7Z3Y9	KRT26	9606
Q7Z3Z0	KRT25	9606
Q7Z3Z2	RD3	9606
Q7Z3Z3	PIWIL3	9606
Q7Z3Z4	PIWIL4	9606
Q7Z401	DENND4A	9606
Q7Z402	TMC7	9606
Q7Z403	TMC6	9606
Q7Z404	TMC4	9606
Q7Z406	MYH14	9606
Q7Z407	CSMD3	9606
Q7Z408	CSMD2	9606
Q7Z410	TMPRSS9	9606
Q7Z412	PEX26	9606
Q7Z417	NUFIP2	9606
Q7Z418	KCNK18	9606
Q7Z419	RNF144B	9606
Q7Z422	SZRD1	9606
Q7Z429	GRINA	9606
Q7Z434	MAVS	9606
Q7Z442	PKD1L2	9606
Q7Z443	PKD1L3	9606
Q7Z444	ERAS	9606
Q7Z449	CYP2U1	9606
Q7Z460	CLASP1	9606
Q7Z465	BNIPL	9606
Q7Z478	DHX29	9606
Q7Z494	NPHP3	9606
Q7Z4B0	LINC00305	9606
Q7Z4F1	LRP10	9606
Q7Z4G1	COMMD6	9606
Q7Z4G4	TRMT11	9606
Q7Z4H3	HDDC2	9606
Q7Z4H4	ADM2	9606
Q7Z4H7	HAUS6	9606
Q7Z4H8	POGLUT3	9606
Q7Z4H9	FAM220A	9606
Q7Z4I7	LIMS2	9606
Q7Z4J2	GLT6D1	9606
Q7Z4K8	TRIM46	9606
Q7Z4L0	COX8C	9606
Q7Z4L5	TTC21B	9606
Q7Z4L9	PPP1R42	9606
Q7Z4M0	REC114	9606
Q7Z4N2	TRPM1	9606
Q7Z4N8	P4HA3	9606
Q7Z4P5	GDF7	9606
Q7Z4Q2	HEATR3	9606
Q7Z4R8	C6orf120	9606
Q7Z4S6	KIF21A	9606
Q7Z4S9	SH2D6	9606
Q7Z4T8	GALNTL5	9606
Q7Z4T9	CFAP91	9606
Q7Z4V0	ZNF438	9606
Q7Z4V5	HDGFL2	9606
Q7Z4W1	DCXR	9606
Q7Z4W2	LYZL2	9606
Q7Z4W3	KRTAP19-3	9606
Q7Z4Y8	ATP5MGL	9606
Q7Z553	MDGA2	9606
Q7Z569	BRAP	9606
Q7Z570	ZNF804A	9606
Q7Z572	SPATA21	9606
Q7Z589	EMSY	9606
Q7Z591	AKNA	9606
Q7Z5A4	PRSS42P	9606
Q7Z5A7	TAFA5	9606
Q7Z5A8	TAFA3	9606
Q7Z5A9	TAFA1	9606
Q7Z5B4	RIC3	9606
Q7Z5D8	NANOGNB	9606
Q7Z5G4	GOLGA7	9606
Q7Z5H3	ARHGAP22	9606
Q7Z5H4	VN1R5	9606
Q7Z5H5	VN1R4	9606
Q7Z5J1	HSD11B1L	9606
Q7Z5J4	RAI1	9606
Q7Z5J8	ANKAR	9606
Q7Z5K2	WAPL	9606
Q7Z5L0	VMO1	9606
Q7Z5L2	R3HCC1L	9606
Q7Z5L3	C1QL2	9606
Q7Z5L4	SPATA19	9606
Q7Z5L7	PODN	9606
Q7Z5L9	IRF2BP2	9606
Q7Z5M5	TMC3	9606
Q7Z5M8	ABHD12B	9606
Q7Z5N4	SDK1	9606
Q7Z5P4	HSD17B13	9606
Q7Z5P9	MUC19	9606
Q7Z5Q1	CPEB2	9606
Q7Z5Q5	POLN	9606
Q7Z5R6	APBB1IP	9606
Q7Z5S9	TMEM144	9606
Q7Z5U6	WDR53	9606
Q7Z5V6	SAXO4	9606
Q7Z5W3	BCDIN3D	9606
Q7Z5Y6	BMP8A	9606
Q7Z5Y7	KCTD20	9606
Q7Z601	GPR142	9606
Q7Z602	GPR141	9606
Q7Z614	SNX20	9606
Q7Z624	CAMKMT	9606
Q7Z628	NET1	9606
Q7Z692	CEACAM19	9606
Q7Z695	ADCK2	9606
Q7Z698	SPRED2	9606
Q7Z699	SPRED1	9606
Q7Z6A9	BTLA	9606
Q7Z6B0	CCDC91	9606
Q7Z6B7	SRGAP1	9606
Q7Z6E9	RBBP6	9606
Q7Z6G3	NECAB2	9606
Q7Z6G8	ANKS1B	9606
Q7Z6I5	SPATA12	9606
Q7Z6I6	ARHGAP30	9606
Q7Z6I8	C5orf24	9606
Q7Z6J0	SH3RF1	9606
Q7Z6J2	TAMALIN	9606
Q7Z6J4	FGD2	9606
Q7Z6J6	FRMD5	9606
Q7Z6J8	UBE3D	9606
Q7Z6J9	TSEN54	9606
Q7Z6K1	THAP5	9606
Q7Z6K3	PTAR1	9606
Q7Z6K4	NRARP	9606
Q7Z6K5	ARPIN	9606
Q7Z6L0	PRRT2	9606
Q7Z6L1	TECPR1	9606
Q7Z6M1	RABEPK	9606
Q7Z6M2	FBXO33	9606
Q7Z6M3	MILR1	9606
Q7Z6M4	MTERF4	9606
Q7Z6P3	RAB44	9606
Q7Z6R9	TFAP2D	9606
Q7Z6V5	ADAT2	9606
Q7Z6W1	TMCO2	9606
Q7Z6W7	DNAJB7	9606
Q7Z6Z6	PNPLA5	9606
Q7Z6Z7	HUWE1	9606
Q7Z713	ANKRD37	9606
Q7Z736	PLEKHH3	9606
Q7Z739	YTHDF3	9606
Q7Z745	MROH2B	9606
Q7Z769	SLC35E3	9606
Q7Z794	KRT77	9606
Q7Z7A1	CNTRL	9606
Q7Z7A3	CTU1	9606
Q7Z7A4	PXK	9606
Q7Z7B0	FILIP1	9606
Q7Z7B1	PIGW	9606
Q7Z7B7	DEFB132	9606
Q7Z7B8	DEFB128	9606
Q7Z7C7	STRA8	9606
Q7Z7C8	TAF8	9606
Q7Z7D3	VTCN1	9606
Q7Z7E8	UBE2Q1	9606
Q7Z7F0	KHDC4	9606
Q7Z7F7	MRPL55	9606
Q7Z7G0	ABI3BP	9606
Q7Z7G1	CLNK	9606
Q7Z7G2	CPLX4	9606
Q7Z7G8	VPS13B	9606
Q7Z7H3	CATIP	9606
Q7Z7H5	TMED4	9606
Q7Z7H8	MRPL10	9606
Q7Z7J5	DPPA2	9606
Q7Z7J7	LHFPL4	9606
Q7Z7J9	CAMK2N1	9606
Q7Z7K0	CMC1	9606
Q7Z7K2	ZNF467	9606
Q7Z7K6	CENPV	9606
Q7Z7L1	SLFN11	9606
Q7Z7L7	ZER1	9606
Q7Z7L8	C11orf96	9606
Q7Z7L9	ZSCAN2	9606
Q7Z7M0	MEGF8	9606
Q7Z7M1	ADGRD2	9606
Q7Z7M8	B3GNT8	9606
Q7Z7M9	GALNT5	9606
Q7Z7N9	TMEM179B	9606
Q80SS5	Ifna12	10090
Q80SS6	Gpbar1	10090
Q80ST9	Lca5	10090
Q80SU3	Zar1	10090
Q80SU4	Ifna13	10090
Q80SU6	Slc34a3	10090
Q80SU7	Gvin1	10090
Q80SV1	Lhfpl1	10090
Q80SW1	Ahcyl1	10090
Q80SW5	Etd	10090
Q80SX5	Otop2	10090
Q80SX8	Pif1	10090
Q80SY3	Atp6v0d2	10090
Q80SY4	Mib1	10090
Q80SY5	Prpf38b	10090
Q80SY6	Mapda	10090
Q80SZ7	Gng5	10090
Q80T03	Muc6	10090
Q80T11	Ush1g	10090
Q80T14	Fras1	10090
Q80T19	Hamp2	10090
Q80T21	Adamtsl4	10090
Q80T23	Sytl5	10090
Q80T32	Adgrd1	10090
Q80T41	Gabbr2	10090
Q80T62	Gpr101	10090
Q80T69	Rsbn1	10090
Q80T74	Klhl29	10090
Q80T79	Csmd3	10090
Q80T85	Dcaf5	10090
Q80T91	Megf11	10090
Q80TA1	Selenoi	10090
Q80TA6	Mtmr12	10090
Q80TA9	Epg5	10090
Q80TB7	Zswim6	10090
Q80TB8	Vat1l	10090
Q80TC5	Pogk	10090
Q80TC6	Zswim5	10090
Q80TD3	Fnip2	10090
Q80TE0	Rpap1	10090
Q80TE3	Marchf4	10090
Q80TE4	Sipa1l2	10090
Q80TE7	Lrrc7	10090
Q80TF3	Pcdh19	10090
Q80TF4	Klhl13	10090
Q80TF6	Stard9	10090
Q80TG1	Kansl1	10090
Q80TG9	Lrfn2	10090
Q80TH2	Erbin	10090
Q80TI0	Gramd1b	10090
Q80TI1	Plekhh1	10090
Q80TJ1	Cadps	10090
Q80TJ7	Phf8	10090
Q80TL0	Ppm1e	10090
Q80TL1	Adcy2	10090
Q80TL4	Phf24	10090
Q80TL7	Mon2	10090
Q80TM6	R3hdm2	10090
Q80TM9	Nisch	10090
Q80TN4	Dnajc16	10090
Q80TN5	Zdhhc17	10090
Q80TN7	Nav3	10090
Q80TP3	Ubr5	10090
Q80TQ2	Cyld	10090
Q80TQ5	Plekhm2	10090
Q80TR1	Adgrl1	10090
Q80TR4	Slit1	10090
Q80TR8	Dcaf1	10090
Q80TS3	Adgrl3	10090
Q80TS5	Znf423	10090
Q80TS7	Ddn	10090
Q80TS8	Sel1l3	10090
Q80TT2	Baiap3	10090
Q80TT8	Cul9	10090
Q80TV8	Clasp1	10090
Q80TY0	Fnbp1	10090
Q80TY4	St18	10090
Q80TY5	Vps13b	10090
Q80TZ3	Dnajc6	10090
Q80TZ9	Rere	10090
Q80U04	Pja2	10090
Q80U12	Sgsm2	10090
Q80U16	Ripor2	10090
Q80U19	Daam2	10090
Q80U22	Rusc2	10090
Q80U23	Snph	10090
Q80U28	Madd	10090
Q80U30	Clec16a	10090
Q80U35	Arhgef17	10090
Q80U38	Khnyn	10090
Q80U40	Rimbp2	10090
Q80U44	Zfyve16	10090
Q80U49	Cep170b	10090
Q80U56	Avl9	10090
Q80U57	Rims3	10090
Q80U58	Pum2	10090
Q80U59	Kiaa0232	10090
Q80U62	Rubcn	10090
Q80U63	Mfn2	10090
Q80U70	Suz12	10090
Q80U72	Scrib	10090
Q80U78	Pum1	10090
Q80U87	Usp8	10090
Q80U93	Nup214	10090
Q80U95	Ube3c	10090
Q80UC6	Gpr62	10090
Q80UC8	Gpr139	10090
Q80UE6	Wnk4	10090
Q80UF4	Sdccag8	10090
Q80UF7	Ticam1	10090
Q80UF9	Otop3	10090
Q80UG1	Fads6	10090
Q80UG2	Plxna4	10090
Q80UG5	Septin9	10090
Q80UG6	Alkal2	10090
Q80UG8	Ttll4	10090
Q80UJ1	Slc22a20	10090
Q80UJ7	Rab3gap1	10090
Q80UJ9	Setmar	10090
Q80UK0	Sestd1	10090
Q80UK7	Sass6	10090
Q80UK8	Ints2	10090
Q80UL9	Jaml	10090
Q80UM3	Naa15	10090
Q80UM7	Mogs	10090
Q80UN1	Kctd9	10090
Q80UN9	Trit1	10090
Q80UP3	Dgkz	10090
Q80UP5	Ankrd13a	10090
Q80UP8	Slc20a2	10090
Q80UQ2	Rassf6	10090
Q80US4	Actr5	10090
Q80US8	Mxd3	10090
Q80UU1	Ankzf1	10090
Q80UU2	Rpp38	10090
Q80UU9	Pgrmc2	10090
Q80UV9	Taf1	10090
Q80UW0	Hs6st2	10090
Q80UW2	Fbxo2	10090
Q80UW3	Rinl	10090
Q80UW5	Cdc42bpg	10090
Q80UW8	Polr2e	10090
Q80UX8	Abhd13	10090
Q80UY1	Carnmt1	10090
Q80UY2	Kcmf1	10090
Q80UZ0	Fgd5	10090
Q80UZ2	Sdad1	10090
Q80V03	Adck5	10090
Q80V23	Znf32	10090
Q80V24	Vgll4	10090
Q80V26	Bpnt2	10090
Q80V31	Cep104	10090
Q80V42	Cpm	10090
Q80V53	Chst14	10090
Q80V62	Fancd2	10090
Q80V63	Prdm4	10090
Q80V70	Megf6	10090
Q80V72	Ip6k2	10090
Q80V85	Trim62	10090
Q80V86	Ints8	10090
Q80V91	Dtx3	10090
Q80V94	Ap4e1	10090
Q80VA0	Galnt7	10090
Q80VA5	Sh3tc2	10090
Q80VC6	Trnau1ap	10090
Q80VC9	Camsap3	10090
Q80VD1	Fam98b	10090
Q80VF6	Fam181b	10090
Q80VG1	Scml4	10090
Q80VH0	Bank1	10090
Q80VI1	Trim56	10090
Q80VJ2	Sra1	10090
Q80VJ3	Dnph1	10090
Q80VJ6	Zscan4c	10090
Q80VJ8	Kash5	10090
Q80VK6	Arhgef38	10090
Q80VL1	Tdrkh	10090
Q80VL3	Prickle3	10090
Q80VM3	Ttc29	10090
Q80VM4	Znf579	10090
Q80VM7	Ankrd24	10090
Q80VM8	Pnma8a	10090
Q80VM9	Otop1	10090
Q80VN0	Cfap100	10090
Q80VP0	Tecpr1	10090
Q80VP1	Epn1	10090
Q80VP2	Spata7	10090
Q80VP5	Mtrfr	10090
Q80VP8	Tmem106c	10090
Q80VP9	Asphd2	10090
Q80VQ0	Aldh3b1	10090
Q80VQ1	Lrrc1	10090
Q80VR2	Ell3	10090
Q80VR3	Sult1c1	10090
Q80VU4	Ntf4	10090
Q80VV3	Eif4ebp3	10090
Q80VW5	Whrn	10090
Q80VW7	Akna	10090
Q80VY2	Inka2	10090
Q80VY9	Dhx33	10090
Q80W00	Ppp1r10	10090
Q80W03	Tox3	10090
Q80W04	Tmcc2	10090
Q80W14	Prpf40b	10090
Q80W15	Igfbpl1	10090
Q80W21	Gstm7	10090
Q80W22	Thnsl2	10090
Q80W31	Znf569	10090
Q80W32	Drc9	10090
Q80W35	Tmem202	10090
Q80W37	Snupn	10090
Q80W40	Acsm4	10090
Q80W47	Wipi2	10090
Q80W49	Crybg3	10090
Q80W54	Zmpste24	10090
Q80W65	Pcsk9	10090
Q80W68	Kirrel1	10090
Q80W71	Plekha8	10090
Q80W85	Npm2	10090
Q80W88	Homez	10090
Q80W93	Hydin	10090
Q80W94	Mogat2	10090
Q80W99	Catsper3	10090
Q80WB0	Fndc11	10090
Q80WB5	Ntaq1	10090
Q80WC1	Ubn2	10090
Q80WC3	Tnrc18	10090
Q80WC7	Agfg2	10090
Q80WC9	Aasdh	10090
Q80WE4	Kif20b	10090
Q80WG5	Lrrc8a	10090
Q80WG7	Trim36	10090
Q80WJ1	Ggn	10090
Q80WJ6	Abcc12	10090
Q80WJ7	Mtdh	10090
Q80WK2	Slc51b	10090
Q80WM3	Cplx4	10090
Q80WM4	Hapln4	10090
Q80WM5	Hapln3	10090
Q80WM7	Prss33	10090
Q80WM9	Tnfrsf14	10090
Q80WP8	Gadl1	10090
Q80WQ2	Vac14	10090
Q80WQ4	Trmt9b	10090
Q80WQ6	Rhbdf2	10090
Q80WQ8	Mis18bp1	10090
Q80WQ9	Zbed4	10090
Q80WR1	Tspan18	10090
Q80WS1	Rimklb	10090
Q80WS3	Fbll1	10090
Q80WT0	Jph4	10090
Q80WT2	Dmrt3	10090
Q80WT4	Gpr176	10090
Q80WT5	Aftph	10090
Q80WV3	Chst2	10090
Q80WV7	Srrm3	10090
Q80WW9	Ddrgk1	10090
Q80WY3	Nanos1	10090
Q80X19	Col14a1	10090
Q80X41	Vrk1	10090
Q80X44	Zbtb24	10090
Q80X45	Tmem167b	10090
Q80X50	Ubap2l	10090
Q80X53	Ccdc116	10090
Q80X56	Trim69	10090
Q80X59	Tmco5b	10090
Q80X60	Efcab3	10090
Q80X66	Btbd10	10090
Q80X71	Tmem106b	10090
Q80X72	Lrrc15	10090
Q80X73	Pelo	10090
Q80X76	Serpina3f	10090
Q80X80	C2cd2l	10090
Q80X82	Sympk	10090
Q80X85	Mrps7	10090
Q80X86	Armc12	10090
Q80X89	Ugt2a1	10090
Q80X90	Flnb	10090
Q80X91	Fam110d	10090
Q80X95	Rraga	10090
Q80XA0	Tmem121	10090
Q80XA6	Reps2	10090
Q80XB4	Nrap	10090
Q80XC2	Trmt61a	10090
Q80XC3	Usp6nl	10090
Q80XC6	Nrde2	10090
Q80XD1	Chn2	10090
Q80XD8	Prap1	10090
Q80XD9	Clec2e	10090
Q80XE1	Ric8b	10090
Q80XF5	Il22ra2	10090
Q80XG9	Lrrtm4	10090
Q80XH1	Kxd1	10090
Q80XH2	Impg2	10090
Q80XH4	Wscd1	10090
Q80XI1	Fbxo34	10090
Q80XI3	Eif4g3	10090
Q80XI4	Pip4k2b	10090
Q80XI6	Map3k11	10090
Q80XI7	Bpifb9a	10090
Q80XJ2	Rnf168	10090
Q80XJ3	Ttc28	10090
Q80XK6	Atg2b	10090
Q80XL1	Cblc	10090
Q80XL6	Acad11	10090
Q80XL7	Mppe1	10090
Q80XM3	Kcng4	10090
Q80XM9	Slc66a2	10090
Q80XN0	Bdh1	10090
Q80XP8	Fam76b	10090
Q80XP9	Wnk3	10090
Q80XQ2	Tbc1d5	10090
Q80XQ8	Fam168b	10090
Q80XR2	Atp2c1	10090
Q80XS6	Samd4b	10090
Q80XS7	Fam83e	10090
Q80XU3	Nucks1	10090
Q80XU8	Lrfn4	10090
Q80XZ4	Il22ra1	10090
Q80Y14	Glrx5	10090
Q80Y17	Llgl1	10090
Q80Y19	Arhgap11a	10090
Q80Y20	Alkbh8	10090
Q80Y24	Prickle2	10090
Q80Y44	Ddx10	10090
Q80Y50	Camta2	10090
Q80Y55	Bsdc1	10090
Q80Y56	Rbsn	10090
Q80Y61	Baiap2l2	10090
Q80Y72	Cstl1	10090
Q80Y73	Hoatz	10090
Q80Y75	Dnajb13	10090
Q80Y81	Elac2	10090
Q80Y83	Dixdc1	10090
Q80Y84	Kdm5b	10090
Q80Y86	Mapk15	10090
Q80Y98	Ddhd2	10090
Q80YA3	Ddhd1	10090
Q80YA7	Dpp8	10090
Q80YA8	Crb2	10090
Q80YA9	Cnksr2	10090
Q80YC5	F12	10090
Q80YD1	Supv3l1	10090
Q80YD3	Spata31f3	10090
Q80YD6	Sergef	10090
Q80YE4	Aatk	10090
Q80YE7	Dapk1	10090
Q80YF6	Upk3b	10090
Q80YF9	Arhgap33	10090
Q80YG3	Klhdc1	10090
Q80YN3	Bcas1	10090
Q80YP0	Cdk3	10090
Q80YP6	Zik1	10090
Q80YQ2	Med23	10090
Q80YQ8	Rmnd5a	10090
Q80YR2	Fhip2b	10090
Q80YR3	Skida1	10090
Q80YR4	Znf598	10090
Q80YR5	Safb2	10090
Q80YR6	Rbbp8	10090
Q80YR7	Clspn	10090
Q80YR9	Rbm12b1	10090
Q80YS5	Lrrc27	10090
Q80YS6	Afap1	10090
Q80YS9	Stkld1	10090
Q80YT5	Spata20	10090
Q80YT7	Pde4dip	10090
Q80YT9	Rbm11	10090
Q80YU0	Abhd16b	10090
Q80YV2	Zc3hc1	10090
Q80YV3	Trrap	10090
Q80YV4	Pank4	10090
Q80YW0	Cyth4	10090
Q80YW5	Bspry	10090
Q80YX1	Tnc	10090
Q80YY7	Znf618	10090
Q80Z10	Astn2	10090
Q80Z19	Muc2	10090
Q80Z24	Negr1	10090
Q80Z25	Ofd1	10090
Q80Z37	Topors	10090
Q80Z38	Shank2	10090
Q80Z64	Nanog	10090
Q80Z71	Tnn	10090
Q80Z96	Vangl1	10090
Q80ZA0	Itln1b	10090
Q80ZA4	Pkhd1l1	10090
Q80ZA7	Fmr1nb	10090
Q80ZC9	Psors1c2	10090
Q80ZD3	Slc26a11	10090
Q80ZD8	Amigo1	10090
Q80ZD9	Amigo2	10090
Q80ZE3	Siglec10	10090
Q80ZE4	Paqr7	10090
Q80ZE5	Paqr8	10090
Q80ZF2	Ifne	10090
Q80ZF8	Adgrb3	10090
Q80ZI1	Trnp1	10090
Q80ZI2	Rtp2	10090
Q80ZI6	Lrsam1	10090
Q80ZJ1	Rap2a	10090
Q80ZJ6	Zer1	10090
Q80ZJ7	Snx32	10090
Q80ZJ8	Cracr2b	10090
Q80ZK0	Mrps10	10090
Q80ZK9	Wdtc1	10090
Q80ZM3	Etfbkmt	10090
Q80ZM7	Gtf2a2	10090
Q80ZM8	Crls1	10090
Q80ZN5	Cst13	10090
Q80ZN9	Cox6b2	10090
Q80ZQ0	Spaca4	10090
Q80ZQ5	Jazf1	10090
Q80ZQ9	Abitram	10090
Q80ZS3	Mrps26	10090
Q80ZU0	Arl5a	10090
Q80ZU4	Smim19	10090
Q80ZU5	Ccdc181	10090
Q80ZU7	Bpifb3	10090
Q80ZU9	Gpr137	10090
Q80ZV0	Rnaseh2b	10090
Q80ZW0	Stk35	10090
Q80ZW2	Them6	10090
Q80ZX8	Spag1	10090
Q810A1	Znf18	10090
Q810A3	Ttc9c	10090
Q810A5	Matcap1	10090
Q810A7	Ddx42	10090
Q810B3	Bsx	10090
Q810B6	Ankfy1	10090
Q810B7	Slitrk5	10090
Q810B8	Slitrk4	10090
Q810B9	Slitrk3	10090
Q810C0	Slitrk2	10090
Q810C1	Slitrk1	10090
Q810D6	Grwd1	10090
Q810F0	Prima1	10090
Q810F8	Tbx10	10090
Q810H5	Galp	10090
Q810I0	Vps37d	10090
Q810I2	Trim50	10090
Q810J1	Psg22	10090
Q810J8	Zfyve1	10090
Q810K3	Sgpp2	10090
Q810K9	Gxylt2	10090
Q810L3	Chfr	10090
Q810L4	Tmem39b	10090
Q810M1	Cfap299	10090
Q810M5	Zdhhc19	10090
Q810M6	Liat1	10090
Q810N6	Ankrd45	10090
Q810N9	Ccdc172	10090
Q810P2	Cimap1c	10090
Q810P3	Cdkn3	10090
Q810Q5	Coxfa4l3	10090
Q810S1	Mcub	10090
Q810T2	Ccnb3	10090
Q810U2	Teddm1a	10090
Q810U3	Nfasc	10090
Q810U4	Nrcam	10090
Q810U5	Ccdc50	10090
Q810V0	Mphosph10	10090
Q810W6	Cxcr1	10090
Q810Y8	Pramel7	10090
Q810Z1	Lcn10	10090
Q811B1	Xylt1	10090
Q811B3	Adamts12	10090
Q811B5	Prr3	10090
Q811C2	Atg4c	10090
Q811D0	Dlg1	10090
Q811D2	Ankrd26	10090
Q811F1	Zbtb41	10090
Q811G0	Bbs9	10090
Q811H0	Zbtb42	10090
Q811I0	Atpaf1	10090
Q811J3	Ireb2	10090
Q811L6	Mast4	10090
Q811M1	Arhgap15	10090
Q811P0	Slc36a3	10090
Q811P8	Arhgap32	10090
Q811Q4	Adam29	10090
Q811Q9	Pcyt1b	10090
Q811S7	Ubp1	10090
Q811T9	Disc1	10090
Q811U4	Mfn1	10090
Q811W0	Sox21	10090
Q811W1	Aard	10090
Q811W2	Cyp26b1	10090
Q812A2	Srgap3	10090
Q812A3	Ankrd23	10090
Q812A5	Prr5	10090
Q812B2	Gphb5	10090
Q812C9	Aoc2	10090
Q812E0	Cpeb2	10090
Q812F3	Hyal5	10090
Q812F8	Mgat4b	10090
Q812G0	Mgat4a	10090
Q86SE5	RALYL	9606
Q86SE8	NPM2	9606
Q86SE9	PCGF5	9606
Q86SF2	GALNT7	9606
Q86SG2	ANKRD23	9606
Q86SG3	DAZ4	9606
Q86SG4	HMGN2P46	9606
Q86SG5	S100A7A	9606
Q86SG6	NEK8	9606
Q86SG7	LYG2	9606
Q86SH2	ZAR1	9606
Q86SH4	PRNT	9606
Q86SI9	IRX2-DT	9606
Q86SJ2	AMIGO2	9606
Q86SJ6	DSG4	9606
Q86SK9	SCD5	9606
Q86SM5	MRGPRG	9606
Q86SM8	MRGPRE	9606
Q86SP6	GPR149	9606
Q86SQ0	PHLDB2	9606
Q86SQ3	ADGRE4P	9606
Q86SQ4	ADGRG6	9606
Q86SQ6	ADGRA1	9606
Q86SQ7	SDCCAG8	9606
Q86SQ9	DHDDS	9606
Q86SR1	GALNT10	9606
Q86SS6	SYT9	9606
Q86SU0	ILDR1	9606
Q86SX3	TEDC1	9606
Q86SX6	GLRX5	9606
Q86SY8	KTN1-AS1	9606
Q86SZ2	TRAPPC6B	9606
Q86T03	PIP4P1	9606
Q86T13	CLEC14A	9606
Q86T20	SMIM29	9606
Q86T23	CROCCP2	9606
Q86T24	ZBTB33	9606
Q86T26	TMPRSS11B	9606
Q86T29	ZNF605	9606
Q86T65	DAAM2	9606
Q86T75	NBPF11	9606
Q86T82	USP37	9606
Q86T90	KIAA1328	9606
Q86T96	RNF180	9606
Q86TA1	MOB3B	9606
Q86TB3	ALPK2	9606
Q86TB9	PATL1	9606
Q86TC9	MYPN	9606
Q86TD4	SRL	9606
Q86TE4	LUZP2	9606
Q86TG1	TMEM150A	9606
Q86TG7	PEG10	9606
Q86TH1	ADAMTSL2	9606
Q86TI0	TBC1D1	9606
Q86TI2	DPP9	9606
Q86TI4	WDR86	9606
Q86TJ2	TADA2B	9606
Q86TJ5	ZNF554	9606
Q86TL0	ATG4D	9606
Q86TL2	STIMATE	9606
Q86TM3	DDX53	9606
Q86TM6	SYVN1	9606
Q86TN4	TRPT1	9606
Q86TP1	PRUNE1	9606
Q86TS9	MRPL52	9606
Q86TU6	LINC00523	9606
Q86TU7	SETD3	9606
Q86TV6	TTC7B	9606
Q86TW2	ADCK1	9606
Q86TX2	ACOT1	9606
Q86TY3	ARMH4	9606
Q86TZ1	TTC6	9606
Q86U02	LINC00596	9606
Q86U06	RBM23	9606
Q86U10	ASPG	9606
Q86U17	SERPINA11	9606
Q86U28	ISCA2	9606
Q86U37	LINC01551	9606
Q86U38	NOP9	9606
Q86U42	PABPN1	9606
Q86U44	METTL3	9606
Q86U70	LDB1	9606
Q86U86	PBRM1	9606
Q86U90	YRDC	9606
Q86UA1	PRPF39	9606
Q86UA6	RPAIN	9606
Q86UB2	BIVM	9606
Q86UB9	TMEM135	9606
Q86UC2	RSPH3	9606
Q86UD0	SAPCD2	9606
Q86UD1	OAF	9606
Q86UD3	MARCHF3	9606
Q86UD4	ZNF329	9606
Q86UD5	SLC9B2	9606
Q86UD7	TBC1D26	9606
Q86UE3	ZNF546	9606
Q86UE4	MTDH	9606
Q86UE6	LRRTM1	9606
Q86UE8	TLK2	9606
Q86UF1	TSPAN33	9606
Q86UF2	CTAGE6	9606
Q86UF4	CCDC190	9606
Q86UG4	SLCO6A1	9606
Q86UK0	ABCA12	9606
Q86UK5	EVC2	9606
Q86UK7	ZNF598	9606
Q86UL3	GPAT4	9606
Q86UL8	MAGI2	9606
Q86UN2	RTN4RL1	9606
Q86UN3	RTN4RL2	9606
Q86UN6	AKAP14	9606
Q86UP0	CDH24	9606
Q86UP2	KTN1	9606
Q86UP3	ZFHX4	9606
Q86UP6	CUZD1	9606
Q86UP8	GTF2IRD2	9606
Q86UP9	LHFPL3	9606
Q86UQ0	ZNF589	9606
Q86UQ4	ABCA13	9606
Q86UQ5	GTSCR1	9606
Q86UQ8	NFE4	9606
Q86UR1	NOXA1	9606
Q86UR5	RIMS1	9606
Q86US8	SMG6	9606
Q86UT5	NHERF4	9606
Q86UT6	NLRX1	9606
Q86UT8	CENATAC	9606
Q86UU0	BCL9L	9606
Q86UU1	PHLDB1	9606
Q86UU5	GGN	9606
Q86UU9	TAC4	9606
Q86UV5	USP48	9606
Q86UV6	TRIM74	9606
Q86UV7	TRIM73	9606
Q86UW1	SLC51A	9606
Q86UW2	SLC51B	9606
Q86UW6	N4BP2	9606
Q86UW7	CADPS2	9606
Q86UW8	HAPLN4	9606
Q86UW9	DTX2	9606
Q86UX2	ITIH5	9606
Q86UX6	STK32C	9606
Q86UX7	FERMT3	9606
Q86UY5	FAM83A	9606
Q86UY6	NAA40	9606
Q86UY8	NT5DC3	9606
Q86UZ6	ZBTB46	9606
Q86V15	CASZ1	9606
Q86V20	SHLD2	9606
Q86V21	AACS	9606
Q86V24	ADIPOR2	9606
Q86V25	VASH2	9606
Q86V35	CABP7	9606
Q86V40	TRABD2A	9606
Q86V42	FAM124A	9606
Q86V48	LUZP1	9606
Q86V59	PNMA8A	9606
Q86V71	ZNF429	9606
Q86V81	ALYREF	9606
Q86V85	GPR180	9606
Q86V86	PIM3	9606
Q86V87	FHIP2B	9606
Q86V88	MDP1	9606
Q86V97	KBTBD6	9606
Q86VB7	CD163	9606
Q86VD1	MORC1	9606
Q86VD7	SLC25A42	9606
Q86VD9	PIGZ	9606
Q86VE0	MYPOP	9606
Q86VE3	SATL1	9606
Q86VE9	SERINC5	9606
Q86VF2	IGFN1	9606
Q86VF5	MOGAT3	9606
Q86VF7	NRAP	9606
Q86VG3	IFTAP	9606
Q86VH2	KIF27	9606
Q86VH4	LRRTM4	9606
Q86VH5	LRRTM3	9606
Q86VI1	EXOC3L1	9606
Q86VI3	IQGAP3	9606
Q86VI4	LAPTM4B	9606
Q86VK4	ZNF410	9606
Q86VL8	SLC47A2	9606
Q86VM9	ZC3H18	9606
Q86VN1	VPS36	9606
Q86VP1	TAX1BP1	9606
Q86VP3	PACS2	9606
Q86VP6	CAND1	9606
Q86VQ0	LCA5	9606
Q86VQ1	GLCCI1	9606
Q86VQ3	TXNDC2	9606
Q86VQ6	TXNRD3	9606
Q86VR2	RETREG3	9606
Q86VR7	VSIG10L	9606
Q86VR8	FJX1	9606
Q86VS3	IQCH	9606
Q86VS8	HOOK3	9606
Q86VU5	COMTD1	9606
Q86VV4	RANBP3L	9606
Q86VV8	RTTN	9606
Q86VW0	SESTD1	9606
Q86VW1	SLC22A16	9606
Q86VW2	ARHGEF25	9606
Q86VX2	COMMD7	9606
Q86VX9	MON1A	9606
Q86VY4	TSPYL5	9606
Q86VY9	TMEM200A	9606
Q86VZ1	P2RY8	9606
Q86VZ2	WDR5B	9606
Q86VZ4	LRP11	9606
Q86VZ5	SGMS1	9606
Q86VZ6	JAZF1	9606
Q86W10	CYP4Z1	9606
Q86W11	ZSCAN30	9606
Q86W24	NLRP14	9606
Q86W25	NLRP13	9606
Q86W26	NLRP10	9606
Q86W28	NLRP8	9606
Q86W33	TPRA1	9606
Q86W34	AMZ2	9606
Q86W42	THOC6	9606
Q86W47	KCNMB4	9606
Q86W50	METTL16	9606
Q86W54	SPATA24	9606
Q86W56	PARG	9606
Q86W67	FAM228A	9606
Q86W74	ANKRD46	9606
Q86W92	PPFIBP1	9606
Q86WA6	BPHL	9606
Q86WA8	LONP2	9606
Q86WA9	SLC26A11	9606
Q86WB0	ZC3HC1	9606
Q86WB7	UNC93A	9606
Q86WC4	OSTM1	9606
Q86WC6	PPP1R27	9606
Q86WD7	SERPINA9	9606
Q86WG3	ATCAY	9606
Q86WG5	SBF2	9606
Q86WH2	RASSF3	9606
Q86WI0	LHFPL1	9606
Q86WI1	PKHD1L1	9606
Q86WI3	NLRC5	9606
Q86WJ1	CHD1L	9606
Q86WK6	AMIGO1	9606
Q86WK7	AMIGO3	9606
Q86WK9	PAQR7	9606
Q86WN1	FCHSD1	9606
Q86WN2	IFNE	9606
Q86WP2	GPBP1	9606
Q86WQ0	NR2C2AP	9606
Q86WR0	CCDC25	9606
Q86WR6	CHCT1	9606
Q86WR7	PROSER2	9606
Q86WS3	OOSP2	9606
Q86WS4	REDIC1	9606
Q86WS5	TMPRSS12	9606
Q86WT1	IFT70A	9606
Q86WT6	TRIM69	9606
Q86WU2	LDHD	9606
Q86WV1	SKAP1	9606
Q86WV5	TEN1	9606
Q86WV6	STING1	9606
Q86WW8	COA5	9606
Q86WX3	RPS19BP1	9606
Q86WZ0	HEATR4	9606
Q86WZ6	ZNF227	9606
Q86X02	CDR2L	9606
Q86X10	RALGAPB	9606
Q86X19	TMEM17	9606
Q86X24	HORMAD1	9606
Q86X27	RALGPS2	9606
Q86X29	LSR	9606
Q86X40	LRRC28	9606
Q86X45	DNAAF11	9606
Q86X51	EZHIP	9606
Q86X52	CHSY1	9606
Q86X53	ERICH1	9606
Q86X55	CARM1	9606
Q86X59	LINC02875	9606
Q86X60	FAM72B	9606
Q86X67	NUDT13	9606
Q86X76	NIT1	9606
Q86X83	COMMD2	9606
Q86X95	CIRSR	9606
Q86XA0	METTL23	9606
Q86XA9	HEATR5A	9606
Q86XD5	FAM131B	9606
Q86XD8	ZFAND4	9606
Q86XE0	SNX32	9606
Q86XE3	MICU3	9606
Q86XE5	HOGA1	9606
Q86XF0	DHFR2	9606
Q86XF7	ZNF575	9606
Q86XG9	NBPF5P	9606
Q86XH1	DRC11	9606
Q86XI2	NCAPG2	9606
Q86XI6	PPP1R3B	9606
Q86XI8	ZSWIM9	9606
Q86XJ0	CALHM3	9606
Q86XJ1	GAS2L3	9606
Q86XK2	FBXO11	9606
Q86XK3	SFR1	9606
Q86XK7	VSIG1	9606
Q86XL3	ANKLE2	9606
Q86XM0	CATSPERD	9606
Q86XN6	ZNF761	9606
Q86XN7	PROSER1	9606
Q86XN8	MEX3D	9606
Q86XP0	PLA2G4D	9606
Q86XP1	DGKH	9606
Q86XP3	DDX42	9606
Q86XP6	GKN2	9606
Q86XQ3	CATSPER3	9606
Q86XR2	NIBAN3	9606
Q86XR5	PRIMA1	9606
Q86XR7	TICAM2	9606
Q86XR8	CEP57	9606
Q86XS5	ANGPTL5	9606
Q86XS8	RNF130	9606
Q86XT2	VPS37D	9606
Q86XT4	TRIM50	9606
Q86XT9	TMEM219	9606
Q86XU0	ZNF677	9606
Q86XW9	NME9	9606
Q86XX4	FRAS1	9606
Q86XZ4	SPATS2	9606
Q86Y01	DTX1	9606
Q86Y07	VRK2	9606
Q86Y13	DZIP3	9606
Q86Y22	COL23A1	9606
Q86Y25	ZNF354C	9606
Q86Y26	NUTM1	9606
Q86Y27	BAGE5	9606
Q86Y28	BAGE4	9606
Q86Y29	BAGE3	9606
Q86Y30	BAGE2	9606
Q86Y33	CDC20B	9606
Q86Y34	ADGRG3	9606
Q86Y37	CACUL1	9606
Q86Y38	XYLT1	9606
Q86Y39	NDUFA11	9606
Q86Y46	KRT73	9606
Q86Y56	DNAAF5	9606
Q86Y78	LYPD6	9606
Q86Y79	PTRH1	9606
Q86Y82	STX12	9606
Q86Y91	KIF18B	9606
Q86Y97	KMT5C	9606
Q86YA3	ZGRF1	9606
Q86YB7	ECHDC2	9606
Q86YB8	ERO1B	9606
Q86YC2	PALB2	9606
Q86YC3	NRROS	9606
Q86YD1	PTOV1	9606
Q86YD3	TMEM25	9606
Q86YD5	LDLRAD3	9606
Q86YD7	FAM90A1	9606
Q86YE8	ZNF573	9606
Q86YF9	DZIP1	9606
Q86YG4	NT5DC4	9606
Q86YH2	ZNF280B	9606
Q86YH6	PDSS2	9606
Q86YI8	PHF13	9606
Q86YJ5	MARCHF9	9606
Q86YJ6	THNSL2	9606
Q86YJ7	ANKRD13B	9606
Q86YL5	TDRP	9606
Q86YL7	PDPN	9606
Q86YM7	HOMER1	9606
Q86YN1	DOLPP1	9606
Q86YN6	PPARGC1B	9606
Q86YP4	GATAD2A	9606
Q86YQ2	BPIFA4P	9606
Q86YQ8	CPNE8	9606
Q86YR5	GPSM1	9606
Q86YR6	POTED	9606
Q86YR7	MCF2L2	9606
Q86YS3	RAB11FIP4	9606
Q86YS6	RAB43	9606
Q86YS7	C2CD5	9606
Q86YT5	SLC13A5	9606
Q86YT6	MIB1	9606
Q86YT9	JAML	9606
Q86YV0	RASAL3	9606
Q86YV5	PRAG1	9606
Q86YV6	MYLK4	9606
Q86YV9	HPS6	9606
Q86YW0	PLCZ1	9606
Q86YW5	TREML1	9606
Q86YW7	GPHB5	9606
Q86YW9	MED12L	9606
Q86YZ3	HRNR	9606
Q86Z02	HIPK1	9606
Q86Z14	KLB	9606
Q86Z20	CCDC125	9606
Q86Z23	C1QL4	9606
Q8BFP9	Pdk1	10090
Q8BFQ2	TMEM229B	10090
Q8BFQ3	Gpr68	10090
Q8BFQ4	Wdr82	10090
Q8BFQ6	Slc49a4	10090
Q8BFQ8	Gatd1	10090
Q8BFQ9	Klhl42	10090
Q8BFR1	Zc3hav1l	10090
Q8BFR2	Fstl5	10090
Q8BFR4	Gns	10090
Q8BFR5	Tufm	10090
Q8BFR6	Zfand1	10090
Q8BFS6	Cpped1	10090
Q8BFS8	ZNF418	10090
Q8BFS9	Asnsd1	10090
Q8BFT2	Haus4	10090
Q8BFT6	Jmjd4	10090
Q8BFT9	Svop	10090
Q8BFU0	Rspo2	10090
Q8BFU1	Slc39a9	10090
Q8BFU2	H2ac25	10090
Q8BFU3	Rnf214	10090
Q8BFU7	P2ry10	10090
Q8BFU8	Slc17a8	10090
Q8BFV2	Pcid2	10090
Q8BFV3	Dusp4	10090
Q8BFW3	Ppp1r15b	10090
Q8BFW4	Trim65	10090
Q8BFW6	Entpd3	10090
Q8BFW7	Lpp	10090
Q8BFW9	Slc2a12	10090
Q8BFX1	Rnf187	10090
Q8BFX3	Kctd3	10090
Q8BFY0	Pirt	10090
Q8BFY6	Pef1	10090
Q8BFY7	Pimreg	10090
Q8BFY9	Tnpo1	10090
Q8BFZ1	Tecrl	10090
Q8BFZ2	Plppr1	10090
Q8BFZ3	Actbl2	10090
Q8BFZ4	Fbxl21	10090
Q8BFZ6	Idi2	10090
Q8BFZ8	Fam72a	10090
Q8BFZ9	Erlin2	10090
Q8BG02	Ppp2r2c	10090
Q8BG05	Hnrnpa3	10090
Q8BG07	Pld4	10090
Q8BG09	Tmem184b	10090
Q8BG15	Ctdspl2	10090
Q8BG16	Slc6a15	10090
Q8BG17	Nol12	10090
Q8BG18	Necab1	10090
Q8BG19	Tmtc4	10090
Q8BG21	Cacfd1	10090
Q8BG22	Clca2	10090
Q8BG26	Rusc1	10090
Q8BG28	B3galnt2	10090
Q8BG30	Nelfa	10090
Q8BG31	Vxn	10090
Q8BG32	Psmd11	10090
Q8BG34	Ubxn10	10090
Q8BG36	Dmrt2	10090
Q8BG39	Sv2b	10090
Q8BG40	Katnb1	10090
Q8BG41	Psmb11	10090
Q8BG47	Rnf152	10090
Q8BG48	Stk17b	10090
Q8BG50	Tmem169	10090
Q8BG51	Rhot1	10090
Q8BG54	Sptlc3	10090
Q8BG55	Gpr171	10090
Q8BG58	P4htm	10090
Q8BG60	Txnip	10090
Q8BG67	Efr3a	10090
Q8BG71	Tyw2	10090
Q8BG73	Sh3bgrl2	10090
Q8BG75	Tmem198	10090
Q8BG79	Cwf19l2	10090
Q8BG80	Fbxo46	10090
Q8BG81	Poldip3	10090
Q8BG84	Lair1	10090
Q8BG87	Tet3	10090
Q8BG89	Znf365	10090
Q8BG92	Clvs2	10090
Q8BG93	Nudt15	10090
Q8BG94	Commd7	10090
Q8BG95	Ppp1r12b	10090
Q8BG99	Pknox2	10090
Q8BGA2	Lhfpl2	10090
Q8BGA3	Lrrtm2	10090
Q8BGA5	Krr1	10090
Q8BGA7	Ints15	10090
Q8BGA8	Acsm5	10090
Q8BGA9	Oxa1l	10090
Q8BGB2	Ttc7a	10090
Q8BGB5	Limd2	10090
Q8BGB7	Enoph1	10090
Q8BGB8	Coq4	10090
Q8BGC0	Htatsf1	10090
Q8BGC3	Slc16a12	10090
Q8BGC4	Ptgr3	10090
Q8BGC9	Creg2	10090
Q8BGD0	Cep15	10090
Q8BGD4	Slco4c1	10090
Q8BGD5	Cpt1c	10090
Q8BGD6	Slc38a9	10090
Q8BGD7	Npas4	10090
Q8BGD8	Coa6	10090
Q8BGD9	Eif4b	10090
Q8BGE4	Susd6	10090
Q8BGE5	Fancm	10090
Q8BGE6	Atg4b	10090
Q8BGE7	Trim6	10090
Q8BGE9	Rxfp3	10090
Q8BGF3	Dnaaf10	10090
Q8BGF6	Elmod2	10090
Q8BGF7	Pan2	10090
Q8BGF8	Slc35d3	10090
Q8BGF9	Slc25a44	10090
Q8BGG0	Slc30a8	10090
Q8BGG6	Mospd3	10090
Q8BGG7	Ubash3b	10090
Q8BGG9	Acnat2	10090
Q8BGH2	Samm50	10090
Q8BGH4	Reep1	10090
Q8BGH7	Cdc42se2	10090
Q8BGI1	Rnf24	10090
Q8BGI3	Insig1	10090
Q8BGI4	Fam13a	10090
Q8BGI5	Pex26	10090
Q8BGI7	Lrrc39	10090
Q8BGJ0	Zdhhc15	10090
Q8BGJ9	U2af1l4	10090
Q8BGK2	Adprhl1	10090
Q8BGK5	Slc35f1	10090
Q8BGK6	Slc7a6	10090
Q8BGL1	Ppm1n	10090
Q8BGL3	Sult2a8	10090
Q8BGM5	Best2	10090
Q8BGM7	Prkag3	10090
Q8BGN2	D3Ertd751e	10090
Q8BGN3	Enpp6	10090
Q8BGN5	Nipal3	10090
Q8BGN6	Prrg4	10090
Q8BGN8	Synpr	10090
Q8BGP5	Tmem127	10090
Q8BGP6	Slc25a40	10090
Q8BGQ1	Vipas39	10090
Q8BGQ2	Csrnp2	10090
Q8BGQ4	Pomt2	10090
Q8BGQ6	Efcab14	10090
Q8BGQ7	Aars1	10090
Q8BGR2	Lrrc8d	10090
Q8BGR5	Fam53b	10090
Q8BGR6	Arl15	10090
Q8BGR8	Gskip	10090
Q8BGR9	Ublcp1	10090
Q8BGS0	Mak16	10090
Q8BGS1	Epb41l5	10090
Q8BGS2	Bola2	10090
Q8BGS3	Zkscan1	10090
Q8BGS7	Cept1	10090
Q8BGT0	Ostm1	10090
Q8BGT1	Flrt3	10090
Q8BGT5	Gpt2	10090
Q8BGT6	Micall1	10090
Q8BGT7	Smndc1	10090
Q8BGT8	Phyhipl	10090
Q8BGT9	Galnt12	10090
Q8BGU2	Cbln2	10090
Q8BGU5	Ccny	10090
Q8BGV0	Nars2	10090
Q8BGV3	Tacstd2	10090
Q8BGV4	Tti2	10090
Q8BGV5	Znf8	10090
Q8BGV7	Kctd13	10090
Q8BGV8	Mief1	10090
Q8BGV9	Atg4d	10090
Q8BGW0	Themis	10090
Q8BGW1	Fto	10090
Q8BGW2	Wbp1l	10090
Q8BGW3	Bhlhe23	10090
Q8BGW4	Dcaf12l2	10090
Q8BGW5	Nabp1	10090
Q8BGW6	Stk32a	10090
Q8BGW8	Vgll2	10090
Q8BGW9	Defb29	10090
Q8BGX0	Trim23	10090
Q8BGX1	Pced1b	10090
Q8BGX2	Timm29	10090
Q8BGX3	Lrtm2	10090
Q8BGX4	Ofcc1	10090
Q8BGX7	Spidr	10090
Q8BGY2	Eif5a2	10090
Q8BGY3	Luzp2	10090
Q8BGY4	Klhl26	10090
Q8BGY5	Tmem140	10090
Q8BGY6	B3gnt5	10090
Q8BGY7	Mims1	10090
Q8BGY9	Slc5a7	10090
Q8BGZ1	Hpcal4	10090
Q8BGZ2	Fam168a	10090
Q8BGZ3	Dcaf12	10090
Q8BGZ4	Cdc23	10090
Q8BGZ7	Krt75	10090
Q8BGZ8	Zpld1	10090
Q8BH00	Aldh8a1	10090
Q8BH01	Slc9d1	10090
Q8BH02	Tor4a	10090
Q8BH04	Pck2	10090
Q8BH05	Znf750	10090
Q8BH06	Il17re	10090
Q8BH07	Arl6ip6	10090
Q8BH10	Orai2	10090
Q8BH15	Cnot10	10090
Q8BH16	Fbxl2	10090
Q8BH18	Tmem117	10090
Q8BH24	Tm9sf4	10090
Q8BH26	Lyset	10090
Q8BH27	Megf9	10090
Q8BH31	Mfsd8	10090
Q8BH32	Susd4	10090
Q8BH34	Sema3d	10090
Q8BH35	C8b	10090
Q8BH43	Wasf2	10090
Q8BH44	Coro2b	10090
Q8BH47	Sec22a	10090
Q8BH48	Ubap1	10090
Q8BH49	Pheta1	10090
Q8BH50	Ark2n	10090
Q8BH51	Cox14	10090
Q8BH52	Creb3l2	10090
Q8BH53	Cfap69	10090
Q8BH55	Thnsl1	10090
Q8BH57	Wdr48	10090
Q8BH58	Tiprl	10090
Q8BH59	Slc25a12	10090
Q8BH60	Gopc	10090
Q8BH61	F13a1	10090
Q8BH64	Ehd2	10090
Q8BH65	Dennd6a	10090
Q8BH66	Atl1	10090
Q8BH69	Sephs1	10090
Q8BH70	Fbxl4	10090
Q8BH73	Qpctl	10090
Q8BH74	Nup107	10090
Q8BH75	Rnf41	10090
Q8BH79	Ano10	10090
Q8BH82	Napepld	10090
Q8BH83	Ankrd9	10090
Q8BH86	Dglucy	10090
Q8BH88	Depdc1b	10090
Q8BH89	Wfdc15a	10090
Q8BH93	Mapk1ip1l	10090
Q8BH95	Echs1	10090
Q8BH97	Rcn3	10090
Q8BH98	Mboat1	10090
Q8BHA0	Ino80c	10090
Q8BHA1	Lrrc24	10090
Q8BHA3	Dtd2	10090
Q8BHA9	Pxylp1	10090
Q8BHB0	Nod1	10090
Q8BHB3	Lax1	10090
Q8BHB4	Wdr3	10090
Q8BHB9	Clic6	10090
Q8BHC0	Lyve1	10090
Q8BHC1	Rab39b	10090
Q8BHC4	Dcakd	10090
Q8BHC7	Rhbdd1	10090
Q8BHC9	Pofut4	10090
Q8BHD0	Rab39a	10090
Q8BHD1	Poc1b	10090
Q8BHD4	Frmd3	10090
Q8BHD7	Ptbp3	10090
Q8BHD8	Pcmtd2	10090
Q8BHE0	Prr11	10090
Q8BHE1	Gemin8	10090
Q8BHE3	Atcay	10090
Q8BHE4	Tmem108	10090
Q8BHE5	Bmp3	10090
Q8BHE8	Maip1	10090
Q8BHF7	Pgs1	10090
Q8BHG1	Nrdc	10090
Q8BHG2	Czib	10090
Q8BHG3	Tmem30b	10090
Q8BHG9	Cggbp1	10090
Q8BHH1	Aqp11	10090
Q8BHH2	Rab9b	10090
Q8BHH8	Clrn3	10090
Q8BHH9	Tmem179	10090
Q8BHI4	Kbtbd3	10090
Q8BHI7	Elovl5	10090
Q8BHI9	Nim1k	10090
Q8BHJ5	Tbl1xr1	10090
Q8BHJ6	Serinc5	10090
Q8BHJ7	Gabra5	10090
Q8BHJ9	Slu7	10090
Q8BHK0	Pnma2	10090
Q8BHK1	Nipa1	10090
Q8BHK2	Scn3b	10090
Q8BHK3	Slc36a2	10090
Q8BHK6	Slamf7	10090
Q8BHK9	Ercc6l	10090
Q8BHL3	Tbc1d10b	10090
Q8BHL4	Gprc5a	10090
Q8BHL5	Elmo2	10090
Q8BHL6	Faap24	10090
Q8BHL7	Cdc42se1	10090
Q8BHL8	Psmf1	10090
Q8BHM9	Tmprss11f	10090
Q8BHN0	Ppm1l	10090
Q8BHN1	Txlng	10090
Q8BHN3	Ganab	10090
Q8BHN5	Rbm45	10090
Q8BHN7	Rlig1	10090
Q8BHN9	Clba1	10090
Q8BHP2	Nutm1	10090
Q8BHP7	Olfml2a	10090
Q8BHR2	Enox1	10090
Q8BHR8	Cstpp1	10090
Q8BHS3	Rbm22	10090
Q8BHS6	Armcx3	10090
Q8BHS8	Sybu	10090
Q8BHT6	B3glct	10090
Q8BHT7	Rgp1	10090
Q8BHW2	Oscp1	10090
Q8BHW5	Tmem255a	10090
Q8BHW6	Spata21	10090
Q8BHW9	Slfnl1	10090
Q8BHX1	Haus1	10090
Q8BHX3	Cdca8	10090
Q8BHY2	Noc4l	10090
Q8BHY3	Ano1	10090
Q8BHY8	Snx14	10090
Q8BHZ0	Cyria	10090
Q8BHZ4	Znf592	10090
Q8BHZ5	Cyren	10090
Q8BI06	Cemip	10090
Q8BI08	Mal2	10090
Q8BI17	Sh2d7	10090
Q8BI21	Rnf38	10090
Q8BI22	Cep128	10090
Q8BI29	Sarg	10090
Q8BI36	Jkamp	10090
Q8BI41	Synb	10090
Q8BI55	Dyrk4	10090
Q8BI66	Znf526	10090
Q8BI67	Znf473	10090
Q8BI69	Znf784	10090
Q8BI71	Exoc3l1	10090
Q8BI72	Cdkn2aip	10090
Q8BI73	Znf775	10090
Q8BI79	Ccdc40	10090
Q8BI84	Mia3	10090
Q8BI99	Znf879	10090
Q8BIA3	Mkx	10090
Q8BIA4	Fbxw8	10090
Q8BID6	Zbtb46	10090
Q8BID8	Fbxl14	10090
Q8BIE6	Frmd4a	10090
Q8BIF0	Cd99l2	10090
Q8BIF2	Rbfox3	10090
Q8BIF9	Znf787	10090
Q8BIG2	Lkaaear1	10090
Q8BIG4	Fbxo28	10090
Q8BIG7	Comtd1	10090
Q8BIH0	Sap130	10090
Q8BII1	Prox2	10090
Q8BIJ6	Iars2	10090
Q8BIJ7	Rufy1	10090
Q8BIK4	Dock9	10090
Q8BIK6	Tmprss7	10090
Q8BIL2	Msantd1	10090
Q8BIL5	Hook1	10090
Q8BIP0	Dars2	10090
Q8BIQ3	Znf2	10090
Q8BIQ5	Cstf2	10090
Q8BIQ8	Znf770	10090
Q8BIR2	Aste1	10090
Q8BIS8	Ccdc126	10090
Q8BIV3	Ranbp6	10090
Q8BIV7	Slc45a1	10090
Q8BIW1	Prune1	10090
Q8BIW9	Chtf18	10090
Q8BIX3	Arl14ep	10090
Q8BIX9	Ficd	10090
Q8BIY1	Gpatch3	10090
Q8BIY3	Zc3h12d	10090
Q8BIZ0	Pcdh20	10090
Q8BIZ1	Anks1b	10090
Q8BIZ6	Snip1	10090
Q8BJ03	Cox15	10090
Q8BJ05	Zc3h14	10090
Q8BJ25	Thap3	10090
Q8BJ34	Marf1	10090
Q8BJ37	Tdp1	10090
Q8BJ42	Dlgap2	10090
Q8BJ48	Nagpa	10090
Q8BJ51	Mfsd11	10090
Q8BJ52	Plppr5	10090
Q8BJ56	Pnpla2	10090
Q8BJ63	Ap5m1	10090
Q8BJ64	Chdh	10090
Q8BJ66	Kazald1	10090
Q8BJ71	Nup93	10090
Q8BJ73	Rspo4	10090
Q8BJ83	Tm2d3	10090
Q8BJ90	Znf771	10090
Q8BJA2	Slc41a1	10090
Q8BJA3	Hmbox1	10090
Q8BJD1	Itih5	10090
Q8BJE2	Btnl9	10090
Q8BJF9	Chmp2b	10090
Q8BJG4	Mob3c	10090
Q8BJH1	Zc2hc1a	10090
Q8BJI1	Slc6a17	10090
Q8BJI4	Pou6f2	10090
Q8BJK1	Kctd7	10090
Q8BJL0	Smarcal1	10090
Q8BJL1	Fbxo30	10090
Q8BJM3	R3hcc1l	10090
Q8BJM5	Slc30a6	10090
Q8BJM7	Tyw1	10090
Q8BJN4	Fndc9	10090
Q8BJQ2	Usp1	10090
Q8BJQ4	Ticam2	10090
Q8BJQ9	Csgalnact1	10090
Q8BJR6	Prss27	10090
Q8BJS4	Sun2	10090
Q8BJS7	Map10	10090
Q8BJS8	Mtbp	10090
Q8BJT9	Edem2	10090
Q8BJU0	Sgta	10090
Q8BJU2	Tspan9	10090
Q8BJU9	Mtrf1l	10090
Q8BJW5	Nol11	10090
Q8BJW6	Eif2a	10090
Q8BJW7	Eme1	10090
Q8BJY1	Psmd5	10090
Q8BJZ3	Tmbim1	10090
Q8BJZ4	Mrps35	10090
Q8BK03	Miga2	10090
Q8BK06	Fbxo9	10090
Q8BK08	Tmem11	10090
Q8BK26	Fbxo44	10090
Q8BK30	Ndufv3	10090
Q8BK35	Nop53	10090
Q8BK48	Ces2e	10090
Q8BK58	Hspbap1	10090
Q8BK62	Olfml3	10090
Q8BK63	Csnk1a1	10090
Q8BK64	Ahsa1	10090
Q8BK67	Rcc2	10090
Q8BK72	Mrps27	10090
Q8BK75	Elp6	10090
Q8BK84	Dusp29	10090
Q8BKA3	Srrm4	10090
Q8BKC5	Ipo5	10090
Q8BKC8	Pi4kb	10090
Q8BKD6	Rnf144b	10090
Q8BKE5	Fsbp	10090
Q8BKE6	Cyp20a1	10090
Q8BKE9	Ift74	10090
Q8BKF1	Polrmt	10090
Q8BKG3	Ptk7	10090
Q8BKG4	Fzd10	10090
Q8BKH7	Mapkap1	10090
Q8BKI2	Tnrc6b	10090
Q8BKJ9	Sirt7	10090
Q8BKK4	Ppp1r1c	10090
Q8BKK5	Znf689	10090
Q8BKN5	Tubgcp5	10090
Q8BKN6	Hs3st3a1	10090
Q8BKR5	Ppp1r37	10090
Q8BKS9	Pum3	10090
Q8BKT2	Hes7	10090
Q8BKT3	Gcfc2	10090
Q8BKT6	Tspan12	10090
Q8BKT7	Thoc5	10090
Q8BKT8	Haus7	10090
Q8BKU8	Tmem87b	10090
Q8BKV0	Spock3	10090
Q8BKV1	Gpc2	10090
Q8BKW4	Zcchc4	10090
Q8BKX1	Baiap2	10090
Q8BKX6	Smg1	10090
Q8BKX7	Znf410	10090
Q8BKY8	Mterf2	10090
Q8BKZ9	Pdhx	10090
Q8BL00	Cdhr3	10090
Q8BL03	Slc25a29	10090
Q8BL06	Usp54	10090
Q8BL07	Gpr150	10090
Q8BL43	Rassf10	10090
Q8BL48	Unk	10090
Q8BL65	Ablim2	10090
Q8BL66	Eea1	10090
Q8BL74	Gtf3c2	10090
Q8BL80	Arhgap22	10090
Q8BL86	Mblac2	10090
Q8BL95	Cfap298	10090
Q8BL97	Srsf7	10090
Q8BL99	Dop1a	10090
Q8BLA1	Dlec1	10090
Q8BLA8	Trpa1	10090
Q8BLB0	Zfp3	10090
Q8BLB7	L3mbtl3	10090
Q8BLB8	Ankrd34c	10090
Q8BLC3	Lypd1	10090
Q8BLD6	Ankrd55	10090
Q8BLD9	Drd5	10090
Q8BLE7	Slc17a6	10090
Q8BLF1	Nceh1	10090
Q8BLF2	Cdkl3	10090
Q8BLG0	Phf20	10090
Q8BLG2	Lpar4	10090
Q8BLH5	Prss50	10090
Q8BLH7	Hirip3	10090
Q8BLI0	Adamtsl1	10090
Q8BLI4	Dse	10090
Q8BLJ3	Plcxd3	10090
Q8BLK3	Lsamp	10090
Q8BLK9	Rps6kc1	10090
Q8BLM0	Klf8	10090
Q8BLN5	Lss	10090
Q8BLN6	Unc80	10090
Q8BLQ0	Fam124b	10090
Q8BLQ7	Slc7a4	10090
Q8BLQ9	Cadm2	10090
Q8BLR2	Cpne4	10090
Q8BLR5	Psd4	10090
Q8BLR7	Rnd1	10090
Q8BLR9	Hif1an	10090
Q8BLS7	Sowaha	10090
Q8BLU0	Flrt2	10090
Q8BLU2	Mettl21c	10090
Q8BLV3	Slc9a7	10090
Q8BLX4	Slc35c1	10090
Q8BLX7	Col16a1	10090
Q8BLY1	Smoc1	10090
Q8BLY2	Tars3	10090
Q8BLY3	Lrfn3	10090
Q8BLY7	Hps6	10090
Q8BM13	Olfm2	10090
Q8BM14	Lipk	10090
Q8BM15	Stg	10090
Q8BM39	Prpf18	10090
Q8BM47	Plekhm3	10090
Q8BM54	Mylip	10090
Q8BM55	Tmem214	10090
Q8BM65	Nyap2	10090
Q8BM72	Hspa13	10090
Q8BM75	Arid5b	10090
Q8BM81	Aadacl4fm1	10090
Q8BM85	Tbck	10090
Q8BM86	Lhfpl6	10090
Q8BM88	Ctso	10090
Q8BM89	Arsj	10090
Q8BM92	Cdh7	10090
Q8BM96	Adgrg7	10090
Q8BMA3	Cnksr3	10090
Q8BMA5	Npat	10090
Q8BMA6	Srp68	10090
Q8BMB0	Emsy	10090
Q8BMB3	Eif4e2	10090
Q8BMC0	Lpar6	10090
Q8BMC1	Atp6v1g3	10090
Q8BMC3	Shc2	10090
Q8BMC4	Nop9	10090
Q8BMD2	Dzip1	10090
Q8BMD5	Cdadc1	10090
Q8BMD6	Tmem260	10090
Q8BMD7	Morc4	10090
Q8BMD8	Slc25a24	10090
Q8BME9	Cbln4	10090
Q8BMF3	Me3	10090
Q8BMF4	Dlat	10090
Q8BMF5	Grik4	10090
Q8BMF8	Gldn	10090
Q8BMG1	Atrip	10090
Q8BMG7	Rab3gap2	10090
Q8BMG8	Slc25a32	10090
Q8BMI0	Fbxo38	10090
Q8BMI3	Gga3	10090
Q8BMI4	Gen1	10090
Q8BMJ2	Lars1	10090
Q8BMJ3	Eif1ax	10090
Q8BMJ7	Cgrrf1	10090
Q8BMJ8	Sp8	10090
Q8BMK0	Cep85	10090
Q8BMK1	Mettl2	10090
Q8BMK4	Ckap4	10090
Q8BMK5	Ccdc184	10090
Q8BML1	Mical2	10090
Q8BML2	Oacyl	10090
Q8BML9	Qars1	10090
Q8BMN3	Chrnb3	10090
Q8BMN4	Lmln	10090
Q8BMP4	Gper1	10090
Q8BMP6	Acbd3	10090
Q8BMQ2	Gtf3c4	10090
Q8BMQ3	Bnc2	10090
Q8BMQ8	Mon1b	10090
Q8BMS1	Hadha	10090
Q8BMS2	Spon2	10090
Q8BMS4	Coq3	10090
Q8BMS9	Rassf2	10090
Q8BMT4	Nrros	10090
Q8BMT9	Hhat	10090
Q8BMU0	Znf76	10090
Q8BMW7	Nipal1	10090
Q8BMY7	Spink2	10090
Q8BMZ5	Tsen34	10090
Q8BN21	Vrk2	10090
Q8BN57	Miso1	10090
Q8BN58	Arhgap28	10090
Q8BN59	Larp6	10090
Q8BN78	Zbtb33	10090
Q8BN82	Slc17a5	10090
Q8BNA6	Fat3	10090
Q8BND3	Wdr35	10090
Q8BND4	Ints6l	10090
Q8BND5	Qsox1	10090
Q8BNE1	Tcaf1	10090
Q8BNI4	Derl2	10090
Q8BNJ2	Adamts4	10090
Q8BNJ3	Nmnat2	10090
Q8BNJ6	Neto2	10090
Q8BNL5	Kctd6	10090
Q8BNN1	Spata2l	10090
Q8BNQ3	Gpr137b	10090
Q8BNU0	Armc6	10090
Q8BNV1	Trmt2a	10090
Q8BNW9	Kbtbd11	10090
Q8BNX1	Clec4g	10090
Q8BNX7	Nrac	10090
Q8BNY6	Ncs1	10090
Q8BP00	Iqcb1	10090
Q8BP01	Vmac	10090
Q8BP07	Tmem220	10090
Q8BP22	Cibar1	10090
Q8BP27	Sfr1	10090
Q8BP31	Rnf122	10090
Q8BP40	Acp6	10090
Q8BP47	Nars1	10090
Q8BP48	Metap1	10090
Q8BP56	Pgghg	10090
Q8BP67	Rpl24	10090
Q8BP71	Rbfox2	10090
Q8BP74	Pstk	10090
Q8BP78	Fra10ac1	10090
Q8BP86	Snapc4	10090
Q8BP92	Rcn2	10090
Q8BP97	Rhbdd3	10090
Q8BPA8	Dpcd	10090
Q8BPB0	Mob1b	10090
Q8BPB5	Efemp1	10090
Q8BPE4	Tmem177	10090
Q8BPG6	Sumf2	10090
Q8BPI1	Dnaaf2	10090
Q8BPK2	Zcchc3	10090
Q8BPM0	Daam1	10090
Q8BPM2	Map4k5	10090
Q8BPM6	Ric3	10090
Q8BPN8	Dmxl2	10090
Q8BPP0	Znf436	10090
Q8BPP1	Mab21l2	10090
Q8BPP5	Lypd6	10090
Q8BPQ7	Sgsm1	10090
Q8BPS4	Gpr180	10090
Q8BPT6	Immp2l	10090
Q8BPU7	Elmo1	10090
Q8BPW0	Iqcj	10090
Q8BPX9	Slc15a3	10090
Q8BPY9	Fignl1	10090
Q8BPZ8	Abraxas1	10090
Q8BQ30	Ppp1r18	10090
Q8BQ33	Ticrr	10090
Q8BQ47	Cnpy4	10090
Q8BQ48	Cep295	10090
Q8BQ86	Chst8	10090
Q8BQ89	Lix1l	10090
Q8BQB4	Fjx1	10090
Q8BQB6	Saxo2	10090
Q8BQC3	Igdcc3	10090
Q8BQC8	Rbak	10090
Q8BQH4	Ubald2	10090
Q8BQH6	Cdcp2	10090
Q8BQJ6	Trmt2b	10090
Q8BQM4	Heatr3	10090
Q8BQM7	Smco3	10090
Q8BQM8	Eml5	10090
Q8BQM9	Med12l	10090
Q8BQN5	Fam78b	10090
Q8BQN6	Znf146	10090
Q8BQP8	Rab11fip4	10090
Q8BQP9	Rgs7bp	10090
Q8BQQ1	Zdhhc14	10090
Q8BQR4	Kansl2	10090
Q8BQR7	Mageb18	10090
Q8BQS4	Eeig2	10090
Q8BQS5	Adipor2	10090
Q8BQT2	Dipk1c	10090
Q8BQU3	Sdhaf3	10090
Q8BQU6	Gjc2	10090
Q8BQU7	Tmem74	10090
Q8BQX5	Tmco6	10090
Q8BQY8	Hus1	10090
Q8BQZ4	Ralgapb	10090
Q8BQZ5	Cpsf4	10090
Q8BQZ8	Kcns3	10090
Q8BR07	Bicd1	10090
Q8BR21	Fam180a	10090
Q8BR26	Ifitm10	10090
Q8BR27	Atosb	10090
Q8BR37	Nhlrc1	10090
Q8BR63	Fam177a; Fam177a2	10090
Q8BR65	Suds3	10090
Q8BR70	Yipf6	10090
Q8BR76	Tmem67	10090
Q8BR86	Kirrel3	10090
Q8BR90	Rimoc1	10090
Q8BR93	Harbi1	10090
Q8BRB7	Kat6b	10090
Q8BRC6	Cfap91	10090
Q8BRE0	Rd3	10090
Q8BRF7	Scfd1	10090
Q8BRG6	Klhl24	10090
Q8BRG8	Tmem209	10090
Q8BRH0	Tmtc3	10090
Q8BRH3	Arhgap19	10090
Q8BRH4	Kmt2c	10090
Q8BRJ3	Rell2	10090
Q8BRJ4	Ppp1r3e	10090
Q8BRK8	Prkaa2	10090
Q8BRK9	Man2a2	10090
Q8BRM2	Gorab	10090
Q8BRM6	Mei4	10090
Q8BRN9	Cc2d1b	10090
Q8BRT1	Clasp2	10090
Q8BRU4	Clec9a	10090
Q8BRU6	Slc18a2	10090
Q8BRV5	Kiaa1671	10090
Q8BRX9	Marchf3	10090
Q8BS03	Pi15	10090
Q8BS35	Agmo	10090
Q8BS39	Ccdc32	10090
Q8BS40	Cptp	10090
Q8BS45	Ift56	10090
Q8BS90	Bora	10090
Q8BS95	Gphr	10090
Q8BSA9	Tyw3	10090
Q8BSD4	Gjd4	10090
Q8BSD5	She	10090
Q8BSE0	Rmdn2	10090
Q8BSF4	Pisd	10090
Q8BSF5	Klhl38	10090
Q8BSI6	R3hcc1	10090
Q8BSK8	Rps6kb1	10090
Q8BSL4	Hs3st5	10090
Q8BSL7	Arf2	10090
Q8BSM5	Gab3	10090
Q8BSM7	Slc43a1	10090
Q8BSN3	ODAD3	10090
Q8BSN5	Phf23	10090
Q8BSN9	Fastkd3	10090
Q8BSP2	Ncaph2	10090
Q8BSQ9	Pbrm1	10090
Q8BSS9	Ppfia2	10090
Q8BST6	Peli2	10090
Q8BSU2	Cxcl16	10090
Q8BSU7	Mob3a	10090
Q8BSV3	Bend7	10090
Q8BSY0	Asph	10090
Q8BSZ2	Ap3s2	10090
Q8BT07	Cep55	10090
Q8BT14	Cnot4	10090
Q8BT18	Armh4	10090
Q8BT20	Spink6	10090
Q8BT35	Mtln	10090
Q8BT42	Smim5	10090
Q8BT51	COA4	10090
Q8BT60	Cpne3	10090
Q8BTC1	Uqcc6	10090
Q8BTE0	Sdhaf4	10090
Q8BTE5	Cebpzos	10090
Q8BTE6	Wfdc21	10090
Q8BTF7	Lig4	10090
Q8BTF8	Ralyl	10090
Q8BTG3	Tcp11l1	10090
Q8BTG6	Spring1	10090
Q8BTG7	Ndrg4	10090
Q8BTH6	Scrt2	10090
Q8BTH8	Csnk1g1	10090
Q8BTI7	Ankrd52	10090
Q8BTI8	Srrm2	10090
Q8BTI9	Pik3cb	10090
Q8BTJ4	Enpp4	10090
Q8BTK5	Smyd4	10090
Q8BTM8	Flna	10090
Q8BTM9	Rasgrp4	10090
Q8BTN6	Leng9	10090
Q8BTP0	Pigz	10090
Q8BTP3	Cd200r5	10090
Q8BTQ0	PcgF3	10090
Q8BTR5	Dusp28	10090
Q8BTS4	Nup54	10090
Q8BTT6	Utp25	10090
Q8BTU1	Cfap20	10090
Q8BTU7	Rccd1	10090
Q8BTV1	Tusc3	10090
Q8BTV2	Cpsf7	10090
Q8BTW3	Exosc6	10090
Q8BTW8	Cdk5rap1	10090
Q8BTW9	Pak4	10090
Q8BTX9	Hsdl1	10090
Q8BTY1	Kyat1	10090
Q8BTY2	Slc4a7	10090
Q8BTY8	Scfd2	10090
Q8BTZ4	Anapc5	10090
Q8BTZ5	Ankrd46	10090
Q8BTZ7	Gmppb	10090
Q8BU00	Ikzf5	10090
Q8BU03	Pwp2	10090
Q8BU04	Ubr7	10090
Q8BU11	Tox4	10090
Q8BU14	Sec62	10090
Q8BU25	Pamr1	10090
Q8BU27	Ppm1m	10090
Q8BU30	Iars1	10090
Q8BU31	Rap2c	10090
Q8BU33	Hacl2	10090
Q8BU40	Nlrp4a	10090
Q8BU51	Bpifb6	10090
Q8BU85	Msrb3	10090
Q8BU88	Mrpl22	10090
Q8BU91	Slc26a9	10090
Q8BUB4	Wdfy2	10090
Q8BUB6	Ust	10090
Q8BUD0	Gpr4	10090
Q8BUE1	Slc9a4	10090
Q8BUE4	Aifm2	10090
Q8BUE7	Muc20	10090
Q8BUG2	Cndp1	10090
Q8BUG5	Caps2	10090
Q8BUH1	Txnl4b	10090
Q8BUH7	Rnf26	10090
Q8BUH8	Senp7	10090
Q8BUI3	LRWD1	10090
Q8BUJ9	Lrp12	10090
Q8BUK6	Hook3	10090
Q8BUL5	Klhl7	10090
Q8BUL6	Plekha1	10090
Q8BUM3	Ptpn7	10090
Q8BUM6	Fam163b	10090
Q8BUM9	Usp43	10090
Q8BUN5	Smad3	10090
Q8BUN9	Slc24a2	10090
Q8BUP8	Fam43a	10090
Q8BUR3	Foxj3	10090
Q8BUR4	Dock1	10090
Q8BUR9	Mzt1	10090
Q8BUV3	Gphn	10090
Q8BUV6	Lsm11	10090
Q8BUV8	Gpr107	10090
Q8BUW1	Kcnk10	10090
Q8BUX5	Rhbg	10090
Q8BUY5	Timmdc1	10090
Q8BUY8	Gprasp2	10090
Q8BUY9	Pggt1b	10090
Q8BUZ1	Abra	10090
Q8BUZ3	Tigd4	10090
Q8BV13	Cops7b	10090
Q8BV42	Znf786	10090
Q8BV49	Pyhin1	10090
Q8BV57	Ssc5d	10090
Q8BV66	Ifi44	10090
Q8BV79	Trank1	10090
Q8BV84	Prr9	10090
Q8BVA2	Tmem222	10090
Q8BVA4	Lmod1	10090
Q8BVA5	Ldah	10090
Q8BVB5	Defb42	10090
Q8BVC1	Defb22	10090
Q8BVC4	Ccdc68	10090
Q8BVD5	Mpp7	10090
Q8BVD7	C1qtnf7	10090
Q8BVE3	Atp6v1h	10090
Q8BVE8	Nsd2	10090
Q8BVF2	Pdcl3	10090
Q8BVF4	Ccdc30	10090
Q8BVF7	Aph1a	10090
Q8BVF9	Amz1	10090
Q8BVG4	Dpp9	10090
Q8BVG5	Galnt14	10090
Q8BVG8	Nat14	10090
Q8BVH9	Mettl6	10090
Q8BVI4	Qdpr	10090
Q8BVI5	Stx16	10090
Q8BVK9	Sp110	10090
Q8BVL3	Snx17	10090
Q8BVL9	Jakmip1	10090
Q8BVM2	Antxrl	10090
Q8BVM4	Azin2	10090
Q8BVM7	Flacc1	10090
Q8BVM9	Phf11a	10090
Q8BVN0	Ccdc122	10090
Q8BVN3	Catsper4	10090
Q8BVN4	Mterf4	10090
Q8BVN7	Slc25a41	10090
Q8BVN8	Dnali1	10090
Q8BVN9	Mael	10090
Q8BVP1	Triml1	10090
Q8BVP5	Csnk1g2	10090
Q8BVP6	Lypd4	10090
Q8BVQ5	Ppme1	10090
Q8BVR0	Banf2	10090
Q8BVR6	Rspry1	10090
Q8BVT6	Pp2d1	10090
Q8BVU0	Lrch3	10090
Q8BVU5	Nudt9	10090
Q8BVV7	Cep95	10090
Q8BVW0	Ganc	10090
Q8BVW3	Trim14	10090
Q8BVY0	Rsl1d1	10090
Q8BVZ1	Plin5	10090
Q8BVZ5	Il33	10090
Q8BW00	Ptrh1	10090
Q8BW10	Nob1	10090
Q8BW11	Prss58	10090
Q8BW22	Ss18l1	10090
Q8BW41	Pomgnt2	10090
Q8BW49	Ttc12	10090
Q8BW56	Qtman	10090
Q8BW66	Slc25a48	10090
Q8BW70	Usp38	10090
Q8BW72	Kdm4a	10090
Q8BW74	Hlf	10090
Q8BW75	Maob	10090
Q8BW86	Arhgef33	10090
Q8BW88	Plekhs1	10090
Q8BW93	C5ar2	10090
Q8BW94	Dnah3	10090
Q8BW96	Camk1d	10090
Q8BWA5	Klhl31	10090
Q8BWA8	Arhgef19	10090
Q8BWB1	Synpo2l	10090
Q8BWB6	Steap2	10090
Q8BWC0	Tpcn2	10090
Q8BWD2	Ip6k3	10090
Q8BWD8	Cdk19	10090
Q8BWF0	Aldh5a1	10090
Q8BWF2	Gimap5	10090
Q8BWG8	Arrb1	10090
Q8BWG9	Orai1	10090
Q8BWH0	Slc38a7	10090
Q8BWJ3	Phka2	10090
Q8BWJ4	Ldlrad4	10090
Q8BWL5	Rbms3	10090
Q8BWM0	Ptges2	10090
Q8BWN8	Acot4	10090
Q8BWP5	Ttpa	10090
Q8BWP8	B4gat1	10090
Q8BWQ1	Ugt2a3	10090
Q8BWQ4	Cmtr2	10090
Q8BWQ5	Dclk3	10090
Q8BWQ6	Vps35l	10090
Q8BWR2	Pithd1	10090
Q8BWR4	Usp40	10090
Q8BWR8	Rhpn2	10090
Q8BWS5	Gprin3	10090
Q8BWT1	Acaa2	10090
Q8BWT5	Dip2a	10090
Q8BWU1	Sprn	10090
Q8BWU3	Fam131a	10090
Q8BWU5	Osgep	10090
Q8BWU8	Etnppl	10090
Q8BWW4	Larp4	10090
Q8BWW9	Pkn2	10090
Q8BWY2	Clec1a	10090
Q8BWY3	Etf1	10090
Q8BWY4	Mblac1	10090
Q8BWY7	Slc39a11	10090
Q8BWY9	Cip2a	10090
Q8BWZ3	Naa25	10090
Q8BX02	Kank2	10090
Q8BX05	Gk5	10090
Q8BX07	Ctdsp2	10090
Q8BX09	Rbbp5	10090
Q8BX10	Pgam5	10090
Q8BX13	Ube3d	10090
Q8BX17	Gemin5	10090
Q8BX22	Sall4	10090
Q8BX32	Slx1b	10090
Q8BX35	Eda2r	10090
Q8BX37	Acp7	10090
Q8BX43	Relt	10090
Q8BX46	Skor1	10090
Q8BX51	Sgcz	10090
Q8BX57	Pxk	10090
Q8BX65	Mdfic	10090
Q8BX70	Vps13c	10090
Q8BX79	Gpr21	10090
Q8BX80	Engase	10090
Q8BX90	Fndc3a	10090
Q8BX94	Osbpl2	10090
Q8BXA0	Lrfn5	10090
Q8BXA1	Golim4	10090
Q8BXA5	Clptm1l	10090
Q8BXA6	Cldn17	10090
Q8BXA7	Phlpp2	10090
Q8BXB6	Slco2b1	10090
Q8BXC6	Commd2	10090
Q8BXF8	Actrt3	10090
Q8BXG3	Ift57	10090
Q8BXJ2	Trerf1	10090
Q8BXJ8	Znf385b	10090
Q8BXJ9	Tmem62	10090
Q8BXK4	Samtor	10090
Q8BXK8	Agap1	10090
Q8BXK9	Clic5	10090
Q8BXL7	Arfrp1	10090
Q8BXL9	Iffo1	10090
Q8BXN7	Ppm1k	10090
Q8BXN9	Tmem87a	10090
Q8BXP5	Ankrd33	10090
Q8BXQ2	Pigt	10090
Q8BXQ3	Lrtm1	10090
Q8BXQ6	Aopep	10090
Q8BXQ8	Fam53c	10090
Q8BXR1	Slc7a14	10090
Q8BXR5	Nalcn	10090
Q8BXR6	Peli3	10090
Q8BXR9	Osbpl6	10090
Q8BXS7	Gpr152	10090
Q8BXT1	Rgs8	10090
Q8BXT9	Sec22c	10090
Q8BXV2	Bri3bp	10090
Q8BXX2	Zbtb49	10090
Q8BXX9	Ccdc169	10090
Q8BXZ0	Ctxn3	10090
Q8BXZ1	Tmx3	10090
Q8BY02	Nkrf	10090
Q8BY35	Fgd2	10090
Q8BY46	Znf574	10090
Q8BY71	Hat1	10090
Q8BY79	Slc35g1	10090
Q8BY87	Usp47	10090
Q8BY89	Slc44a2	10090
Q8BY98	Sowahd	10090
Q8BYA0	Tbcd	10090
Q8BYB9	Poglut1	10090
Q8BYC4	Gpr20	10090
Q8BYC6	Taok3	10090
Q8BYF6	Slc5a8	10090
Q8BYG0	Ttc24	10090
Q8BYG9	Epha10	10090
Q8BYH0	Drgx	10090
Q8BYH3	Trmt13	10090
Q8BYH7	Tbc1d17	10090
Q8BYH8	Chd9	10090
Q8BYI6	Lpcat2	10090
Q8BYI8	Fam234b	10090
Q8BYI9	Tnr	10090
Q8BYJ6	Tbc1d4	10090
Q8BYK4	Rdh12	10090
Q8BYK5	Phactr3	10090
Q8BYK6	Ythdf3	10090
Q8BYK8	Zc3h6	10090
Q8BYL4	Yars2	10090
Q8BYM5	Nlgn3	10090
Q8BYM7	Rsph4a	10090
Q8BYM8	Cars2	10090
Q8BYN3	Itpk1	10090
Q8BYN5	Fsd1l	10090
Q8BYP3	Rhof	10090
Q8BYR1	Lcmt2	10090
Q8BYR2	Lats1	10090
Q8BYR5	Cadps2	10090
Q8BYR8	Slc41a2	10090
Q8BYU6	Tor1aip2	10090
Q8BYW1	Arhgap25	10090
Q8BYW9	Eogt	10090
Q8BYY4	Ttc39b	10090
Q8BYY9	Serpina3b	10090
Q8BYZ1	Abi3	10090
Q8BYZ7	Elmo3	10090
Q8BZ00	Slc9a9	10090
Q8BZ03	Prkd2	10090
Q8BZ05	Arap2	10090
Q8BZ09	Slc25a21	10090
Q8BZ10	Tmprss11g	10090
Q8BZ20	Parp12	10090
Q8BZ21	Kat6a	10090
Q8BZ25	Ankk1	10090
Q8BZ32	Asxl2	10090
Q8BZ33	Tns4	10090
Q8BZ34	Znf641	10090
Q8BZ36	Rint1	10090
Q8BZ39	Nmur2	10090
Q8BZ47	Znf609	10090
Q8BZ52	Fsd2	10090
Q8BZ60	Ston2	10090
Q8BZ64	Tctn1	10090
Q8BZ71	Stac3	10090
Q8BZ81	Lrrtm3	10090
Q8BZ89	Znf322	10090
Q8BZ94	Zmat4	10090
Q8BZ97	Prdm8	10090
Q8BZ98	Dnm3	10090
Q8BZA7	Gpr26	10090
Q8BZA9	Tigar	10090
Q8BZB2	Ppcdc	10090
Q8BZB3	Tmem266	10090
Q8BZE1	Cdcp3	10090
Q8BZF2	Nipal4	10090
Q8BZF8	Pgm5	10090
Q8BZG5	Mettl25b	10090
Q8BZH0	Slc39a13	10090
Q8BZH1	Tgm4	10090
Q8BZH4	Pogz	10090
Q8BZI0	Afap1l1	10090
Q8BZI6	Gucd1	10090
Q8BZJ7	Dcun1d2	10090
Q8BZK4	Slc35f4	10090
Q8BZL1	Neu4	10090
Q8BZL4	Gpr22	10090
Q8BZL8	Lmo3	10090
Q8BZM0	Klhl12	10090
Q8BZM1	Glmn	10090
Q8BZN2	Kcnv1	10090
Q8BZN4	Nuak2	10090
Q8BZN6	Dock10	10090
Q8BZP8	Npsr1	10090
Q8BZQ2	Crispld2	10090
Q8BZQ7	Anapc2	10090
Q8BZR0	Gpr82	10090
Q8BZR9	Ncbp3	10090
Q8BZS9	Dhx32	10090
Q8BZT2	Sh3rf2	10090
Q8BZT5	Lrrc19	10090
Q8BZT7	Pla2g3	10090
Q8BZT9	Lacc1	10090
Q8BZW2	Sowahb	10090
Q8BZW4	Zfp120	10090
Q8BZW8	Nhlrc2	10090
Q8BZX4	Srek1	10090
Q8BZZ3	Wwp1	10090
Q8C006	Trim35	10090
Q8C008	Dzank1	10090
Q8C010	Gpr61	10090
Q8C013	Tpbgl	10090
Q8C015	Pak5	10090
Q8C025	Chpt1	10090
Q8C031	Lrrc4c	10090
Q8C033	Arhgef10	10090
Q8C042	Eno4	10090
Q8C050	Rps6ka5	10090
Q8C052	Map1s	10090
Q8C078	Camkk2	10090
Q8C079	Strip1	10090
Q8C080	Snx16	10090
Q8C088	Egfem1	10090
Q8C092	Taf5	10090
Q8C0C0	Zhx2	10090
Q8C0C4	Ccser1	10090
Q8C0C7	Farsa	10090
Q8C0D0	Trub1	10090
Q8C0D4	Arhgap12	10090
Q8C0D5	Efl1	10090
Q8C0D7	Ing4	10090
Q8C0D9	Cep68	10090
Q8C0E2	Vps26b	10090
Q8C0E3	Trim47	10090
Q8C0F9	Prss35	10090
Q8C0G2	Traf3ip3	10090
Q8C0I1	Agps	10090
Q8C0I4	Epc2	10090
Q8C0J2	Atg16l1	10090
Q8C0J6	Sowahc	10090
Q8C0K5	Slc25a16	10090
Q8C0L0	Tmx4	10090
Q8C0L6	Paox	10090
Q8C0L8	Cog5	10090
Q8C0L9	Gpcpd1	10090
Q8C0M0	Wdr59	10090
Q8C0M8	Dnai1	10090
Q8C0M9	Asrgl1	10090
Q8C0N0	Gm4922	10090
Q8C0N1	Kif2b	10090
Q8C0N2	Gpat3	10090
Q8C0P0	Mastl	10090
Q8C0P5	Coro2a	10090
Q8C0P7	Znf451	10090
Q8C0Q2	Zhx3	10090
Q8C0Q3	Ttc34	10090
Q8C0Q4	Nek11	10090
Q8C0Q9	Rapgef5	10090
Q8C0R0	Usp37	10090
Q8C0R7	Zmynd15	10090
Q8C0R9	Lrrd1	10090
Q8C0S1	Dis3l	10090
Q8C0S4	Ttc21a	10090
Q8C0T0	Xkr8	10090
Q8C0T1	Fem1al	10090
Q8C0T5	Sipa1l1	10090
Q8C0T7	Slc67a2	10090
Q8C0T9	Adcy10	10090
Q8C0V0	Tlk1	10090
Q8C0V1	Terb1	10090
Q8C0V7	Stk-ps2	10090
Q8C0V9	Frmd6	10090
Q8C0W1	Ankmy1	10090
Q8C0X0	Lca5l	10090
Q8C0X2	Slc9b1	10090
Q8C0X7	Slco6c1	10090
Q8C0Y0	Ppp4r4	10090
Q8C0Y1	Tgif2	10090
Q8C0Z1	Fam234a	10090
Q8C102	Galnt5	10090
Q8C110	Slitrk6	10090
Q8C115	Plekhh2	10090
Q8C119	Ndnf	10090
Q8C120	Sh3rf3	10090
Q8C129	Lnpep	10090
Q8C131	Hcar1	10090
Q8C138	Adtrp	10090
Q8C142	Ldlrap1	10090
Q8C145	Slc39a6	10090
Q8C147	Dock8	10090
Q8C152	Tent5b	10090
Q8C156	Ncaph	10090
Q8C159	Ttc22	10090
Q8C160	Mslnl	10090
Q8C163	Exog	10090
Q8C165	Pm20d1	10090
Q8C166	Cpne1	10090
Q8C167	Prepl	10090
Q8C170	Myo9a	10090
Q8C172	Cers6	10090
Q8C176	Taf2	10090
Q8C180	Frs2	10090
Q8C181	Mbnl2	10090
Q8C186	Bpifc	10090
Q8C190	Vps9d1	10090
Q8C196	Cps1	10090
Q8C1A3	Mtrr	10090
Q8C1A5	Thop1	10090
Q8C1A9	Abhd18	10090
Q8C1B1	Camsap2	10090
Q8C1B2	Tiparp	10090
Q8C1B7	Septin11	10090
Q8C1C1	Psapl1	10090
Q8C1C8	Pnma1	10090
Q8C1D8	Iws1	10090
Q8C1E1	Bpifb2	10090
Q8C1E7	Tmem120a	10090
Q8C1F4	Csgalnact2	10090
Q8C1F5	Ttc16	10090
Q8C1I6	Krtap16-3	10090
Q8C1M2	Znf428	10090
Q8C1N8	Defa22	10090
Q8C1P2	Defa21	10090
Q8C1Q4	Metrn	10090
Q8C1Q6	Uqcc5	10090
Q8C1R0	Tssk5	10090
Q8C1S0	Med19	10090
Q8C1T8	Clec2h	10090
Q8C1W1	Vash1	10090
Q8C1Y8	Ccz1	10090
Q8C1Z7	Bbs4	10090
Q8C1Z8	Trmt10a	10090
Q8C206	Gpr157	10090
Q8C208	Ikzf4	10090
Q8C255	Dpep2	10090
Q8C261	Slc24a5	10090
Q8C262	Irgc	10090
Q8C263	Ska3	10090
Q8C267	Setdb2	10090
Q8C2A2	Tsen54	10090
Q8C2B3	Hdac7	10090
Q8C2E4	Ptcd1	10090
Q8C2E7	Washc5	10090
Q8C2K1	Def6	10090
Q8C2K5	Rasal3	10090
Q8C2L6	Tmem161b	10090
Q8C2P3	Dus1l	10090
Q8C2Q3	Rbm14	10090
Q8C2R7	Pigm	10090
Q8C2S0	Usp44	10090
Q8C2S5	Fbxl5	10090
Q8C2S7	Amigo3	10090
Q8C310	Robo4	10090
Q8C341	Suco	10090
Q8C351	Layn	10090
Q8C353	Tmem252	10090
Q8C398	Pigw	10090
Q8C3B8	Rft1	10090
Q8C3F2	Fam120c	10090
Q8C3F7	Klhl30	10090
Q8C3I8	Hgh1	10090
Q8C3I9	Dipk2b	10090
Q8C3J5	Dock2	10090
Q8C3K5	Tmem72	10090
Q8C3K6	Slc5a1	10090
Q8C3L1	Ssuh2	10090
Q8C3P7	Mettl3	10090
Q8C3Q5	Shisa7	10090
Q8C3Q9	Casp9	10090
Q8C3R1	Brat1	10090
Q8C3S2	Tango6	10090
Q8C3X2	Ccdc90b	10090
Q8C3X4	Guf1	10090
Q8C3X8	Lmf2	10090
Q8C3Y4	Kntc1	10090
Q8C407	Yipf4	10090
Q8C419	Gpr158	10090
Q8C428	Tmc7	10090
Q8C432	Rnf182	10090
Q8C436	Vcpkmt	10090
Q8C437	Pex5l	10090
Q8C456	Wdpcp	10090
Q8C460	Eri3	10090
Q8C494	Prr33	10090
Q8C4A0	Aqp6	10090
Q8C4A5	Asxl3	10090
Q8C4B4	Unc119b	10090
Q8C4G9	Adgra1	10090
Q8C4H2	Samd3	10090
Q8C4J0	Ccdc60	10090
Q8C4J7	Tbl3	10090
Q8C4M7	Cenpu	10090
Q8C4N4	Slc66a1	10090
Q8C4Q6	Aida	10090
Q8C4Q9	Tmem154	10090
Q8C4S8	Dennd2a	10090
Q8C4U2	Tmem145	10090
Q8C4U3	Sfrp1	10090
Q8C4V1	Arhgap24	10090
Q8C4V4	Fbxl3	10090
Q8C4W3	Nrn1l	10090
Q8C4X1	Cenpx	10090
Q8C4X2	Csnk1g3	10090
Q8C4X7	Minar2	10090
Q8C4Y3	Nelfb	10090
Q8C503	Sit1	10090
Q8C522	Endod1	10090
Q8C525	Mb21d2	10090
Q8C547	Heatr5b	10090
Q8C551	Rad51ap1	10090
Q8C552	Fam78a	10090
Q8C561	Lmbrd2	10090
Q8C567	Ncr1	10090
Q8C569	Fam118b	10090
Q8C570	Rae1	10090
Q8C581	Tmem91	10090
Q8C5D8	Pias2	10090
Q8C5G2	Vash2	10090
Q8C5H1	Ano4	10090
Q8C5H8	Nadk2	10090
Q8C5L3	Cnot2	10090
Q8C5L6	Inpp5k	10090
Q8C5L7	Rbm34	10090
Q8C5N3	Cwc22	10090
Q8C5N5	Pdcd2l	10090
Q8C5P5	Nt5dc1	10090
Q8C5P7	Tdrp	10090
Q8C5Q4	Grsf1	10090
Q8C5R2	Proser2	10090
Q8C5S7	Rec8	10090
Q8C5T4	Morn3	10090
Q8C5T8	Cfap263	10090
Q8C5U4	Spem2	10090
Q8C5U9	Ubqln3	10090
Q8C5V0	Spata32	10090
Q8C5V5	Wdr27	10090
Q8C5V8	Ccdc187	10090
Q8C5W0	Clmn	10090
Q8C5W3	Tbcel	10090
Q8C5W4	Morc2b	10090
Q8C5Y2	Misfa	10090
Q8C624	Spata33	10090
Q8C627	Fam221b	10090
Q8C633	Cabs1	10090
Q8C636	Spata16	10090
Q8C650	Septin10	10090
Q8C669	Peli1	10090
Q8C6A8	Bhlhe22	10090
Q8C6B2	Rtkn	10090
Q8C6B9	Rps19bp1	10090
Q8C6C7	Fam204a	10090
Q8C6C9	Leg1	10090
Q8C6D4	Bend5	10090
Q8C6E0	Cfap36	10090
Q8C6G1	Cfap410	10090
Q8C6G8	Wdr26	10090
Q8C6I2	Sdhaf2	10090
Q8C6J9	Nlrp4b	10090
Q8C6K9	Col6a6	10090
Q8C6L5	Cgas	10090
Q8C6M1	Usp20	10090
Q8C6N3	Syt15	10090
Q8C6P8	Zfp57	10090
Q8C6S9	Cfap54	10090
Q8C6U2	Slc66a3	10090
Q8C6V3	Tmem212	10090
Q8C6Y6	Asb14	10090
Q8C6Z1	Muc15	10090
Q8C726	Btbd9	10090
Q8C729	Hycc2	10090
Q8C735	Lin9	10090
Q8C739	Fam110b	10090
Q8C753	Katnip	10090
Q8C754	Vps52	10090
Q8C761	Dync2i1	10090
Q8C767	Ppp1r3b	10090
Q8C779	Radx	10090
Q8C784	Mosmo	10090
Q8C790	Fam221a	10090
Q8C796	Rcor2	10090
Q8C7B6	Fbxl22	10090
Q8C7B8	Zswim4	10090
Q8C7D2	Crbn	10090
Q8C7E7	Stbd1	10090
Q8C7E9	Cstf2t	10090
Q8C7G5	Apoa5	10090
Q8C7H1	Mmaa	10090
Q8C7K6	Pcyox1l	10090
Q8C7M3	Trim9	10090
Q8C7N7	Aph1b	10090
Q8C7Q4	Rbm4	10090
Q8C7R4	Uba6	10090
Q8C7R7	Rfx6	10090
Q8C7U1	N4bp3	10090
Q8C7U7	Galnt6	10090
Q8C7V3	Utp15	10090
Q8C7V8	Ccdc134	10090
Q8C7W7	Dclre1b	10090
Q8C7X2	Emc1	10090
Q8C804	Spice1	10090
Q8C811	Slc35e2a	10090
Q8C817	Tmem200a	10090
Q8C827	Zfp62	10090
Q8C828	Kbtbd13	10090
Q8C838	Trarg1	10090
Q8C850	Scara3	10090
Q8C854	Myef2	10090
Q8C863	Itch	10090
Q8C878	Uba3	10090
Q8C886	Plekhn1	10090
Q8C8B0	Alx1	10090
Q8C8C1	Rtp1	10090
Q8C8H8	Ky	10090
Q8C8J0	Stpg2	10090
Q8C8K3	Srsf12	10090
Q8C8M1	Sinhcaf	10090
Q8C8N2	Scai	10090
Q8C8N3	Vwc2	10090
Q8C8R3	Ank2	10090
Q8C8S3	Tmem150c	10090
Q8C8T7	Elfn1	10090
Q8C8T8	Tsr2	10090
Q8C8U0	Ppfibp1	10090
Q8C8V1	Zxdc	10090
Q8C8Y5	Samd7	10090
Q8C963	Ccdc159	10090
Q8C966	Phf21b	10090
Q8C985	Nrxn3	10090
Q8C996	Tmem163	10090
Q8C9A2	Endov	10090
Q8C9B9	Dido1	10090
Q8C9E8	Calhm6	10090
Q8C9H6	Strip2	10090
Q8C9J3	Spef2	10090
Q8C9M2	Ccdc15	10090
Q8C9R9	Efcab8	10090
Q8C9S4	Ccdc186	10090
Q8C9S8	Atg4a	10090
Q8C9V1	Tbc1d10c	10090
Q8C9W3	Adamts2	10090
Q8C9X1	Sntn	10090
Q8C9X6	Epc1	10090
Q8CA03	Slc46a2	10090
Q8CA71	Shisa4	10090
Q8CA72	Gan	10090
Q8CA95	Pde10a	10090
Q8CAA5	Fam163a	10090
Q8CAA7	Pgm2l1	10090
Q8CAB8	Castor2	10090
Q8CAC8	Spink10	10090
Q8CAE2	Henmt1	10090
Q8CAE3	Kcnmb1	10090
Q8CAE9	Podxl2	10090
Q8CAF4	Nhsl1	10090
Q8CAI1	Ccdc142	10090
Q8CAK1	Iba57	10090
Q8CAK3	Shfl	10090
Q8CAL5	Gpc5	10090
Q8CAM5	Rab36	10090
Q8CAQ8	Immt	10090
Q8CAS9	Parp9	10090
Q8CAT8	Fbxo48	10090
Q8CAV0	Ybey	10090
Q8CAY6	Acat2	10090
Q8CB12	Gsdmc3	10090
Q8CB14	Las2	10090
Q8CB19	Phtf2	10090
Q8CB27	Yod1	10090
Q8CB44	Gramd4	10090
Q8CB49	Tprg1	10090
Q8CB59	Fam161b	10090
Q8CB62	Cntrob	10090
Q8CB65	Nemp2	10090
Q8CB67	Lrp11	10090
Q8CB77	Eloa	10090
Q8CB87	Rab44	10090
Q8CB93	Gapt	10090
Q8CB96	Rassf4	10090
Q8CBA2	Slfn5	10090
Q8CBB2	Slc15a5	10090
Q8CBB9	Rsad2	10090
Q8CBC4	Cnst	10090
Q8CBC6	Lrrn3	10090
Q8CBC7	Ftsj1	10090
Q8CBD1	Nrip1	10090
Q8CBE3	Wdr37	10090
Q8CBF3	Ephb1	10090
Q8CBG9	Rnf170	10090
Q8CBH5	Mfsd6	10090
Q8CBH7	Marchf11	10090
Q8CBQ5	Pi4k2b	10090
Q8CBR1	Ildr1	10090
Q8CBR6	Tsku	10090
Q8CBW3	Abi1	10090
Q8CBW4	Dcaf12l1	10090
Q8CBW7	Chic1	10090
Q8CBX0	Tmem63c	10090
Q8CBX9	Bivm	10090
Q8CBY0	Gatc	10090
Q8CBY1	Samd4a	10090
Q8CBY3	Leng8	10090
Q8CBY8	Dctn4	10090
Q8CC12	Cdan1	10090
Q8CC14	Fam216b	10090
Q8CC21	Ttc19	10090
Q8CC27	Cacnb2	10090
Q8CC35	Synpo	10090
Q8CC36	Cdnf	10090
Q8CC70	Cfap300	10090
Q8CC84	Lysmd4	10090
Q8CC86	Naprt	10090
Q8CC88	Vwa8	10090
Q8CC96	Bnip5	10090
Q8CCA0	Dcun1d4	10090
Q8CCB4	Vps53	10090
Q8CCB5	Mettl24	10090
Q8CCE9	E4f1	10090
Q8CCF0	Prpf31	10090
Q8CCG1	Zc2hc1c	10090
Q8CCG4	Dppa4	10090
Q8CCH2	Nhlrc3	10090
Q8CCH7	Zfpm2	10090
Q8CCI5	Rybp	10090
Q8CCJ3	Ufl1	10090
Q8CCJ4	Amer2	10090
Q8CCJ9	Phf20l1	10090
Q8CCK0	Macroh2a2	10090
Q8CCM6	Timm21	10090
Q8CCN1	Nlrp10	10090
Q8CCN5	Bcas3	10090
Q8CCP0	Nemf	10090
Q8CCS2	Nalf1	10090
Q8CCS6	Pabpn1	10090
Q8CCT4	Tceal5	10090
Q8CCT7	Nsun3	10090
Q8CCX5	Krt222	10090
Q8CD10	Micu2	10090
Q8CD15	Riox2	10090
Q8CD19	Lancl3	10090
Q8CD26	Slc35e1	10090
Q8CD54	Piezo2	10090
Q8CD60	Insyn1	10090
Q8CD78	Sertm1	10090
Q8CD91	Smoc2	10090
Q8CD92	Ttc27	10090
Q8CD94	Lin52	10090
Q8CDA1	Inpp5f	10090
Q8CDB0	Mknk2	10090
Q8CDC0	Serpinb13	10090
Q8CDC7	Zbtb9	10090
Q8CDD8	Kctd20	10090
Q8CDD9	Lrif1	10090
Q8CDE2	Ccin	10090
Q8CDF7	Exd1	10090
Q8CDG1	Piwil2	10090
Q8CDG3	Vcpip1	10090
Q8CDG5	Crebrf	10090
Q8CDI2	Fbxo43	10090
Q8CDI6	Ccdc158	10090
Q8CDI7	Ccdc150	10090
Q8CDJ3	Atg14	10090
Q8CDJ8	Ston1	10090
Q8CDK2	Agbl2	10090
Q8CDK3	Iqub	10090
Q8CDL9	Ccdc87	10090
Q8CDM1	Atad2	10090
Q8CDM4	Ccdc73	10090
Q8CDM8	Fhip2a	10090
Q8CDN6	Txnl1	10090
Q8CDN8	Ccdc38	10090
Q8CDN9	Lrrc9	10090
Q8CDP0	Agbl3	10090
Q8CDR2	Rsph6a	10090
Q8CDS7	Fam243	10090
Q8CDT5	Spmip11	10090
Q8CDT7	Cabcoco1	10090
Q8CDU4	Fbxl13	10090
Q8CDU5	Efhb	10090
Q8CDU6	Hectd2	10090
Q8CDV0	Ccdc178	10090
Q8CDV6	Ccdc63	10090
Q8CDW1	Fam228a	10090
Q8CDY7	Dynlt4	10090
Q8CDZ2	Mettl21e	10090
Q8CE08	Acp3	10090
Q8CE13	Ccdc17	10090
Q8CE22	Dmtf1	10090
Q8CE23	Qrfp	10090
Q8CE33	Klhl11	10090
Q8CE46	Pus7l	10090
Q8CE47	Slc49a3	10090
Q8CE50	Snx30	10090
Q8CE64	Znf276	10090
Q8CE72	Cplane1	10090
Q8CE90	Map2k7	10090
Q8CE93	Calhm4	10090
Q8CE94	Slc16a13	10090
Q8CE96	Trmt6	10090
Q8CE97	Gm14137	10090
Q8CEC0	Nup88	10090
Q8CEC5	Nkiras1	10090
Q8CEC6	Ppwd1	10090
Q8CEE0	Cep57	10090
Q8CEE6	Pask	10090
Q8CEE7	Rdh13	10090
Q8CEF1	Fem1c	10090
Q8CEF8	Rnf222	10090
Q8CEF9	Tmem132c	10090
Q8CEG0	Panx3	10090
Q8CEG5	Ccdc28b	10090
Q8CEG8	Usp27x	10090
Q8CEI1	Bola3	10090
Q8CEK3	Spinkl	10090
Q8CEK7	Fate1	10090
Q8CEL2	Cfap61	10090
Q8CEQ0	Cdkl1	10090
Q8CES0	Naa30	10090
Q8CES1	Pmis2	10090
Q8CEZ0	Kctd2	10090
Q8CEZ1	Smco1	10090
Q8CEZ4	Mab21l4	10090
Q8CF02	Fam25a	10090
Q8CF27	Fam24a	10090
Q8CF31	Frey1	10090
Q8CF36	Fam229b	10090
Q8CF60	Znf263	10090
Q8CF66	Lamtor4	10090
Q8CF89	Tab1	10090
Q8CF90	Mafa	10090
Q8CF93	Galnt13	10090
Q8CF94	Rhd	10090
Q8CF98	Colec10	10090
Q8CFA1	Irak2	10090
Q8CFA2	Amt	10090
Q8CFA7	Klf17	10090
Q8CFB4	Gbp5	10090
Q8CFC2	Myt1	10090
Q8CFC7	Clasrp	10090
Q8CFD4	Snx8	10090
Q8CFD5	Ercc8	10090
Q8CFE2	Hpf1	10090
Q8CFE3	Rcor1	10090
Q8CFE4	Scyl2	10090
Q8CFE5	Btbd7	10090
Q8CFE6	Slc38a2	10090
Q8CFF0	Parp11	10090
Q8CFG0	Sulf2	10090
Q8CFG4	Dmrta1	10090
Q8CFG8	C1s2	10090
Q8CFG9	C1rb	10090
Q8CFH6	Sik2	10090
Q8CFI0	Nedd4l	10090
Q8CFI2	Cdc34	10090
Q8CFI5	Pars2	10090
Q8CFI7	Polr2b	10090
Q8CFJ7	Slc25a45	10090
Q8CFJ9	Wdr24	10090
Q8CFK2	Brf1	10090
Q8CFK6	Dennd1c	10090
Q8CFL8	Zswim3	10090
Q8CFN5	Mef2c	10090
Q8CFP6	Dnajc27	10090
Q8CFQ3	Aqr	10090
Q8CFR0	C1ql2	10090
Q8CFS6	Kcnv2	10090
Q8CFT2	Setd1b	10090
Q8CFU8	Tp53inp2	10090
Q8CFV2	Fam149a	10090
Q8CFV4	Nrn1	10090
Q8CFV9	Rfk	10090
Q8CFW1	Ano2	10090
Q8CFW7	Cc2d2a	10090
Q8CFX1	H6pd	10090
Q8CFY5	Cox10	10090
Q8CFZ4	Gpc3	10090
Q8CFZ5	Slc22a12	10090
Q8CG03	Pde5a	10090
Q8CG14	C1s1	10090
Q8CG16	C1ra	10090
Q8CG19	Ltbp1	10090
Q8CG27	Actl9	10090
Q8CG46	Smc5	10090
Q8CG47	Smc4	10090
Q8CG48	Smc2	10090
Q8CG50	Rab43	10090
Q8CG64	Fkrp	10090
Q8CG65	Sspo	10090
Q8CG70	P3h3	10090
Q8CG71	P3h2	10090
Q8CG72	Adprs	10090
Q8CG73	Rpgrip1l	10090
Q8CG76	Akr7a2	10090
Q8CG79	Tp53bp2	10090
Q8CG80	Shf	10090
Q8CG85	Mamdc2	10090
Q8CGA0	Ppm1f	10090
Q8CGA2	Tbc1d14	10090
Q8CGA3	Slc43a2	10090
Q8CGA4	Mturn	10090
Q8CGB3	Uaca	10090
Q8CGB6	Tns2	10090
Q8CGC4	Lsm14b	10090
Q8CGC6	Rbm28	10090
Q8CGC7	Eprs1	10090
Q8CGD2	Crispld1	10090
Q8CGE8	Ifi205a	10090
Q8CGE9	Rgs12	10090
Q8CGF1	Arhgap29	10090
Q8CGF5	Tlcd4	10090
Q8CGF6	Wdr47	10090
Q8CGF7	Tcerg1	10090
Q8CGI1	Fam193a	10090
Q8CGK3	Lonp1	10090
Q8CGK5	Ifnlr1	10090
Q8CGK6	Ifnl3	10090
Q8CGK7	Gnal	10090
Q8CGM1	Adgrb2	10090
Q8CGM2	Rp1l1	10090
Q8CGN4	Bcor	10090
Q8CGN5	Plin1	10090
Q8CGN8	Sprr4	10090
Q8CGP0	H2bc26	10090
Q8CGP1	H2bc12	10090
Q8CGP2	Hist1h2bp	10090
Q8CGP5	Hist1h2af	10090
Q8CGP6	H2ac12	10090
Q8CGP7	H2ac15	10090
Q8CGQ8	Slc24a4	10090
Q8CGR5	Klk14	10090
Q8CGR7	Upp2	10090
Q8CGS6	Polq	10090
Q8CGT6	Piwil4	10090
Q8CGU1	Calcoco1	10090
Q8CGV2	Tph2	10090
Q8CGV9	Tshz3	10090
Q8CGW4	Sox30	10090
Q8CGW9	Dmrtc2	10090
Q8CGY6	Unc45b	10090
Q8CGY8	Ogt	10090
Q8CGZ0	Cherp	10090
Q8CGZ9	Prl7b1	10090
Q8CH02	Sugp1	10090
Q8CH09	Sugp2	10090
Q8CH18	Ccar1	10090
Q8CH19	Csnk2a2ip	10090
Q8CH20	Cypt1	10090
Q8CH25	Sltm	10090
Q8CH36	Slc36a4	10090
Q8CH40	Nudt6	10090
Q8CH62	Lto1	10090
Q8CH72	Trim32	10090
Q8CH77	Nav1	10090
Q8CHB8	Ttll5	10090
Q8CHC4	Synj1	10090
Q8CHC8	Adnp2	10090
Q8CHD8	Rab11fip3	10090
Q8CHE4	Phlpp1	10090
Q8CHG3	Gcc2	10090
Q8CHG5	Arel1	10090
Q8CHG7	Rapgef2	10090
Q8CHH5	Bicral	10090
Q8CHH9	Septin8	10090
Q8CHI8	Ep400	10090
Q8CHJ2	Aqp12	10090
Q8CHK2	Rln3	10090
Q8CHK3	Mboat7	10090
Q8CHK4	Kat5	10090
Q8CHP0	Zc3h3	10090
Q8CHP5	Pym1	10090
Q8CHP6	Phc3	10090
Q8CHP8	Pgp	10090
Q8CHQ0	Fbxo4	10090
Q8CHQ6	Tmem125	10090
Q8CHQ9	Nat8f2	10090
Q8CHR6	Dpyd	10090
Q8CHR9	Pih1d2	10090
Q8CHS2	Dnajc22	10090
Q8CHS4	Plcxd1	10090
Q8CHS7	Dhrs7c	10090
Q8CHS8	Vps37a	10090
Q8CHT0	Aldh4a1	10090
Q8CHT1	Ngef	10090
Q8CHT3	Ints5	10090
Q8CHT6	Fam169b	10090
Q8CHU3	Epn2	10090
Q8CHV6	Tada2a	10090
Q8CHW1	Thap1	10090
Q8CHW4	Eif2b5	10090
Q8CHW5	Bicdl2	10090
Q8CHX6	Mbtps2	10090
Q8CHX7	Rftn2	10090
Q8CHY3	Dym	10090
Q8CHY6	Gatad2a	10090
Q8CHY7	Ttc23	10090
Q8CHZ8	Dleu7	10090
Q8CHZ9	Mterf1a	10090
Q8CI03	Flywch1	10090
Q8CI04	Cog3	10090
Q8CI08	Slain2	10090
Q8CI11	Gnl3	10090
Q8CI12	Smtnl2	10090
Q8CI15	Sphk1	10090
Q8CI17	Mab21L3	10090
Q8CI19	Pdgfc	10090
Q8CI32	Bag5	10090
Q8CI33	Cwf19l1	10090
Q8CI43	Myl6b	10090
Q8CI51	Pdlim5	10090
Q8CI52	Gramd1c	10090
Q8CI59	Steap3	10090
Q8CI61	Bag4	10090
Q8CI66	Stoml1	10090
Q8CI70	Lrrc20	10090
Q8CI71	Vps50	10090
Q8CI75	Dis3l2	10090
Q8CI78	Rmnd1	10090
Q8CI85	Ca12	10090
Q8CI94	Pygb	10090
Q8CI95	Osbpl11	10090
Q8CI96	Clip4	10090
Q8CIA5	Slc35b4	10090
Q8CIA9	Slc71a2	10090
Q8CIB5	Fermt2	10090
Q8CIB6	Tmem230	10090
Q8CIB9	Esco2	10090
Q8CIC2	Nup42	10090
Q8CID0	Kat14	10090
Q8CID3	Fam20a	10090
Q8CIE0	Serpina11	10090
Q8CIE2	Zmiz2	10090
Q8CIE4	Parp10	10090
Q8CIE6	Copa	10090
Q8CIF4	Btd	10090
Q8CIF6	Sidt2	10090
Q8CIG0	Depdc1a	10090
Q8CIG3	Kdm1b	10090
Q8CIG8	Prmt5	10090
Q8CIG9	Fbxl8	10090
Q8CIH5	Plcg2	10090
Q8CIH9	Ppat	10090
Q8CII0	Zbtb8b	10090
Q8CII2	Cdc123	10090
Q8CII8	Syne4	10090
Q8CII9	Crlf2	10090
Q8CIK8	Rfwd3	10090
Q8CIL4	Fsaf1	10090
Q8CIM1	Lrrc45	10090
Q8CIM3	D2hgdh	10090
Q8CIM5	Gpr84	10090
Q8CIM7	Cyp2d26	10090
Q8CIM8	Ints4	10090
Q8CIN4	Pak2	10090
Q8CIN6	Celf3	10090
Q8CIP3	Mrgprx1	10090
Q8CIP4	Mark4	10090
Q8CIP5	Disp2	10090
Q8CIQ6	Mtnr1b	10090
Q8CIQ7	Dock3	10090
Q8CIR4	Trpm6	10090
Q8CIS0	Card11	10090
Q8CIT0	Crh	10090
Q8CIT9	Sbsn	10090
Q8CIV2	Tmem259	10090
Q8CIV3	Liph	10090
Q8CIV7	Ovol2	10090
Q8CIV8	Tbce	10090
Q8CIW5	Twnk	10090
Q8CIW6	Slc26a6	10090
Q8CIX8	Lgsn	10090
Q8CIZ8	Vwf	10090
Q8CIZ9	Nox1	10090
Q8CJ00	Noxa1	10090
Q8CJ12	Adgrg2	10090
Q8CJ19	Mical3	10090
Q8CJ26	Nradd	10090
Q8CJ27	Aspm	10090
Q8CJ40	Crocc	10090
Q8CJ53	Trip10	10090
Q8CJ61	Cmtm4	10090
Q8CJ67	Stau2	10090
Q8CJ69	Bmper	10090
Q8CJ70	Il19	10090
Q8CJ78	Znf628	10090
Q8CJ91	Cd209b	10090
Q8CJ96	Rassf8	10090
Q8CJC5	Neurl3	10090
Q8CJC7	Klre1	10090
Q8CJF7	Ahctf1	10090
Q8CJF8	Ago4	10090
Q8CJF9	Ago3	10090
Q8CJG0	Ago2	10090
Q8CJG1	Ago1	10090
Q8CJH3	Plxnb1	10090
Q8CJI4	H1-7	10090
Q8HW98	Iglon5	10090
Q8HWB0	Mr1	10090
Q8HWE5	Mill2	10090
Q8HWE7	Mill1	10090
Q8HWS3	RFX6	9606
Q8IU53	CASC2	9606
Q8IU54	IFNL1	9606
Q8IU57	IFNLR1	9606
Q8IU60	DCP2	9606
Q8IU68	TMC8	9606
Q8IU80	TMPRSS6	9606
Q8IU81	IRF2BP1	9606
Q8IU85	CAMK1D	9606
Q8IU89	CERS3	9606
Q8IU99	CALHM1	9606
Q8IUA0	WFDC8	9606
Q8IUA7	ABCA9	9606
Q8IUB2	WFDC3	9606
Q8IUB3	WFDC10B	9606
Q8IUB5	WFDC13	9606
Q8IUB9	KRTAP19-1	9606
Q8IUC0	KRTAP13-1	9606
Q8IUC1	KRTAP11-1	9606
Q8IUC2	KRTAP8-1	9606
Q8IUC3	KRTAP7-1	9606
Q8IUC4	RHPN2	9606
Q8IUC6	TICAM1	9606
Q8IUC8	GALNT13	9606
Q8IUD2	ERC1	9606
Q8IUD6	RNF135	9606
Q8IUE0	TGIF2LY	9606
Q8IUE1	TGIF2LX	9606
Q8IUE6	H2AC21	9606
Q8IUF1	ZNG1B	9606
Q8IUF8	RIOX2	9606
Q8IUG1	KRTAP1-3	9606
Q8IUG5	MYO18B	9606
Q8IUH2	CREG2	9606
Q8IUH3	RBM45	9606
Q8IUH4	ZDHHC13	9606
Q8IUH5	ZDHHC17	9606
Q8IUH8	SPPL2C	9606
Q8IUI4	SNX29P2	9606
Q8IUI8	CRLF3	9606
Q8IUK5	PLXDC1	9606
Q8IUK8	CBLN2	9606
Q8IUL8	CILP2	9606
Q8IUM7	NPAS4	9606
Q8IUN9	CLEC10A	9606
Q8IUQ0	CLVS1	9606
Q8IUQ4	SIAH1	9606
Q8IUR0	TRAPPC5	9606
Q8IUR5	TMTC1	9606
Q8IUR6	CREBRF	9606
Q8IUR7	ARMC8	9606
Q8IUS5	EPHX4	9606
Q8IUW3	SPATA2L	9606
Q8IUW5	RELL1	9606
Q8IUX1	TMEM126B	9606
Q8IUX4	APOBEC3F	9606
Q8IUX7	AEBP1	9606
Q8IUX8	EGFL6	9606
Q8IUY3	GRAMD2A	9606
Q8IUZ0	LRRC49	9606
Q8IUZ5	PHYKPL	9606
Q8IV01	SYT12	9606
Q8IV03	LURAP1L	9606
Q8IV04	TBC1D10C	9606
Q8IV08	PLD3	9606
Q8IV13	CCNJL	9606
Q8IV16	GPIHBP1	9606
Q8IV20	LACC1	9606
Q8IV31	TMEM139	9606
Q8IV32	CCDC71	9606
Q8IV33	KIAA0825	9606
Q8IV35	CFAP337	9606
Q8IV36	HID1	9606
Q8IV38	ANKMY2	9606
Q8IV42	PSTK	9606
Q8IV45	UNC5CL	9606
Q8IV48	ERI1	9606
Q8IV50	LYSMD2	9606
Q8IV53	DENND1C	9606
Q8IV56	PRR15	9606
Q8IV61	RASGRP3	9606
Q8IV63	VRK3	9606
Q8IV76	PASD1	9606
Q8IV77	CNGA4	9606
Q8IVA1	PCP2	9606
Q8IVB4	SLC9A9	9606
Q8IVB5	LIX1L	9606
Q8IVC4	ZNF584	9606
Q8IVD9	NUDCD3	9606
Q8IVE0	CROCCP3	9606
Q8IVE3	PLEKHH2	9606
Q8IVF1	NUTM2A	9606
Q8IVF2	AHNAK2	9606
Q8IVF4	DNAH10	9606
Q8IVF5	TIAM2	9606
Q8IVF6	ANKRD18A	9606
Q8IVF7	FMNL3	9606
Q8IVG5	SAMD9L	9606
Q8IVG9	MT-RNR2	9606
Q8IVH2	FOXP4	9606
Q8IVH4	MMAA	9606
Q8IVH8	MAP4K3	9606
Q8IVI9	NOSTRIN	9606
Q8IVJ1	SLC41A1	9606
Q8IVJ8	APRG1	9606
Q8IVK1	GLYCAM1	9606
Q8IVL0	NAV3	9606
Q8IVL1	NAV2	9606
Q8IVL5	P3H2	9606
Q8IVL6	P3H3	9606
Q8IVL8	CPO	9606
Q8IVM0	CCDC50	9606
Q8IVM8	SLC22A9	9606
Q8IVN3	MUSTN1	9606
Q8IVN8	SBSPON	9606
Q8IVP5	FUNDC1	9606
Q8IVP9	ZNF547	9606
Q8IVQ6	ZDHHC21	9606
Q8IVS2	MCAT	9606
Q8IVS8	GLYCTK	9606
Q8IVT2	MISP	9606
Q8IVT5	KSR1	9606
Q8IVU1	IGDCC3	9606
Q8IVU3	HERC6	9606
Q8IVU9	CABCOCO1	9606
Q8IVV2	LOXHD1	9606
Q8IVV7	GID4	9606
Q8IVV8	NKAIN4	9606
Q8IVW1	ARL17A	9606
Q8IVW4	CDKL3	9606
Q8IVW6	ARID3B	9606
Q8IVW8	SPNS2	9606
Q8IVY1	C1orf210	9606
Q8IW00	VSTM4	9606
Q8IW03	SIAH3	9606
Q8IW19	APLF	9606
Q8IW35	CEP97	9606
Q8IW36	ZNF695	9606
Q8IW40	DNAAF19	9606
Q8IW41	MAPKAPK5	9606
Q8IW45	NAXD	9606
Q8IW50	FAM219A	9606
Q8IW52	SLITRK4	9606
Q8IW70	TMEM151B	9606
Q8IW75	SERPINA12	9606
Q8IW92	GLB1L2	9606
Q8IW93	ARHGEF19	9606
Q8IWA0	WDR75	9606
Q8IWA4	MFN1	9606
Q8IWA5	SLC44A2	9606
Q8IWA6	CCDC60	9606
Q8IWB1	ITPRIP	9606
Q8IWB4	SPATA31A7	9606
Q8IWB6	TEX14	9606
Q8IWB7	WDFY1	9606
Q8IWB9	TEX2	9606
Q8IWC1	MAP7D3	9606
Q8IWD4	CCDC117	9606
Q8IWD5	MFSD6L	9606
Q8IWE2	FAM114A1	9606
Q8IWE4	DCUN1D3	9606
Q8IWE5	PLEKHM2	9606
Q8IWF2	FOXRED2	9606
Q8IWF6	DENND6A	9606
Q8IWF7	UBE2DNL	9606
Q8IWF9	CCDC83	9606
Q8IWG1	DNAI3	9606
Q8IWI9	MGA	9606
Q8IWJ2	GCC2	9606
Q8IWK6	ADGRA3	9606
Q8IWL1	SFTPA2	9606
Q8IWL2	SFTPA1	9606
Q8IWL3	HSCB	9606
Q8IWL8	STH	9606
Q8IWN6	FAM223A	9606
Q8IWN7	RP1L1	9606
Q8IWP9	CCDC28A	9606
Q8IWQ3	BRSK2	9606
Q8IWR0	ZC3H7A	9606
Q8IWR1	TRIM59	9606
Q8IWS0	PHF6	9606
Q8IWT0	ZBTB8OS	9606
Q8IWT1	SCN4B	9606
Q8IWT3	CUL9	9606
Q8IWT6	LRRC8A	9606
Q8IWU2	LMTK2	9606
Q8IWU4	SLC30A8	9606
Q8IWU5	SULF2	9606
Q8IWU6	SULF1	9606
Q8IWU9	TPH2	9606
Q8IWV1	LAX1	9606
Q8IWV2	CNTN4	9606
Q8IWV7	UBR1	9606
Q8IWV8	UBR2	9606
Q8IWW6	ARHGAP12	9606
Q8IWW8	ADHFE1	9606
Q8IWX5	SGPP2	9606
Q8IWX7	UNC45B	9606
Q8IWX8	CHERP	9606
Q8IWY4	SCUBE1	9606
Q8IWY8	ZSCAN29	9606
Q8IWY9	CDAN1	9606
Q8IWZ3	ANKHD1	9606
Q8IWZ4	TRIM48	9606
Q8IWZ5	TRIM42	9606
Q8IWZ6	BBS7	9606
Q8IWZ8	SUGP1	9606
Q8IX01	SUGP2	9606
Q8IX03	WWC1	9606
Q8IX04	UEVLD	9606
Q8IX05	CD302	9606
Q8IX06	REXO1L1P	9606
Q8IX07	ZFPM1	9606
Q8IX12	CCAR1	9606
Q8IX15	HOMEZ	9606
Q8IX18	DHX40	9606
Q8IX19	MCEMP1	9606
Q8IX21	SLF2	9606
Q8IX29	FBXO16	9606
Q8IX30	SCUBE3	9606
Q8IX90	SKA3	9606
Q8IX94	CTAGE4	9606
Q8IX95	CTAGE3P	9606
Q8IXA5	SPACA3	9606
Q8IXB1	DNAJC10	9606
Q8IXB3	TRARG1	9606
Q8IXE1	OR4N5	9606
Q8IXF0	NPAS3	9606
Q8IXF9	AQP12A	9606
Q8IXH6	TP53INP2	9606
Q8IXH7	NELFCD	9606
Q8IXH8	CDH26	9606
Q8IXI1	RHOT2	9606
Q8IXI2	RHOT1	9606
Q8IXJ6	SIRT2	9606
Q8IXJ9	ASXL1	9606
Q8IXK0	PHC2	9606
Q8IXK2	GALNT12	9606
Q8IXL6	FAM20C	9606
Q8IXL7	MSRB3	9606
Q8IXL9	IQCF2	9606
Q8IXM2	BACC1	9606
Q8IXM3	MRPL41	9606
Q8IXM6	NRM	9606
Q8IXM7	CIMAP1C	9606
Q8IXN7	RIMKLA	9606
Q8IXP5	POU2AF2	9606
Q8IXQ3	C9orf40	9606
Q8IXQ4	GPALPP1	9606
Q8IXQ5	KLHL7	9606
Q8IXQ6	PARP9	9606
Q8IXQ8	PDZD9	9606
Q8IXQ9	ETFBKMT	9606
Q8IXR5	FAM178B	9606
Q8IXR9	C12orf56	9606
Q8IXS0	FAM217A	9606
Q8IXS2	DRC2	9606
Q8IXS8	HYCC2	9606
Q8IXT1	DDIAS	9606
Q8IXT2	DMRTC2	9606
Q8IXT5	RBM12B	9606
Q8IXU6	SLC35F2	9606
Q8IXV7	KLHDC8B	9606
Q8IXW0	LMNTD2	9606
Q8IXW5	RPAP2	9606
Q8IXX5	TMEM183A	9606
Q8IXY8	PPIL6	9606
Q8IXZ2	ZC3H3	9606
Q8IXZ3	SP8	9606
Q8IY17	PNPLA6	9606
Q8IY18	SMC5	9606
Q8IY21	DDX60	9606
Q8IY22	CMIP	9606
Q8IY26	PLPP6	9606
Q8IY31	IFT20	9606
Q8IY33	MICALL2	9606
Q8IY34	SLC15A3	9606
Q8IY37	DHX37	9606
Q8IY42	PGCKA1	9606
Q8IY45	AMN1	9606
Q8IY47	KBTBD2	9606
Q8IY49	MMD2	9606
Q8IY50	SLC35F3	9606
Q8IY51	TIGD4	9606
Q8IY57	YAF2	9606
Q8IY63	AMOTL1	9606
Q8IY67	RAVER1	9606
Q8IY81	FTSJ3	9606
Q8IY82	DRC7	9606
Q8IY84	NIM1K	9606
Q8IY85	EFCAB13	9606
Q8IY92	SLX4	9606
Q8IY95	TMEM192	9606
Q8IYA2	CCDC144CP	9606
Q8IYA6	CKAP2L	9606
Q8IYA7	MKX	9606
Q8IYA8	IHO1	9606
Q8IYB1	MB21D2	9606
Q8IYB3	SRRM1	9606
Q8IYB4	PEX5L	9606
Q8IYB5	SMAP1	9606
Q8IYB7	DIS3L2	9606
Q8IYB8	SUPV3L1	9606
Q8IYB9	ZNF595	9606
Q8IYD1	GSPT2	9606
Q8IYD2	KLHDC8A	9606
Q8IYD8	FANCM	9606
Q8IYD9	LAS2	9606
Q8IYE0	CCDC146	9606
Q8IYE1	CCDC13	9606
Q8IYF1	ELOA2	9606
Q8IYF3	TEX11	9606
Q8IYG6	LRRC56	9606
Q8IYH5	ZZZ3	9606
Q8IYI0	SHLD1	9606
Q8IYI6	EXOC8	9606
Q8IYI8	ZNF440	9606
Q8IYJ0	PIANP	9606
Q8IYJ1	CPNE9	9606
Q8IYJ2	C10orf67	9606
Q8IYJ3	SYTL1	9606
Q8IYK2	TEKTL1	9606
Q8IYK4	COLGALT2	9606
Q8IYK8	REM2	9606
Q8IYL2	TRMT44	9606
Q8IYL3	C1orf174	9606
Q8IYL9	GPR65	9606
Q8IYM0	FAM186B	9606
Q8IYM1	SEPTIN12	9606
Q8IYM2	SLFN12	9606
Q8IYM9	TRIM22	9606
Q8IYN0	ZNF100	9606
Q8IYN2	TCEAL8	9606
Q8IYN6	UBALD2	9606
Q8IYP2	PRSS58	9606
Q8IYP9	ZDHHC23	9606
Q8IYQ7	THNSL1	9606
Q8IYR0	CFAP206	9606
Q8IYR2	SMYD4	9606
Q8IYR6	TMEFF1	9606
Q8IYS0	GRAMD1C	9606
Q8IYS1	PM20D2	9606
Q8IYS2	KIAA2013	9606
Q8IYS4	DNAAF8	9606
Q8IYS5	OSCAR	9606
Q8IYS8	BOD1L2	9606
Q8IYT1	GARIN4	9606
Q8IYT2	CMTR2	9606
Q8IYT3	CCDC170	9606
Q8IYT4	KATNAL2	9606
Q8IYT8	ULK2	9606
Q8IYU2	HACE1	9606
Q8IYU4	UBQLNL	9606
Q8IYU8	MICU2	9606
Q8IYV9	IZUMO1	9606
Q8IYW2	CFAP46	9606
Q8IYW4	ENTHD1	9606
Q8IYW5	RNF168	9606
Q8IYX0	ZNF679	9606
Q8IYX1	TBC1D21	9606
Q8IYX3	CCDC116	9606
Q8IYX4	DND1	9606
Q8IYX7	SAXO1	9606
Q8IYX8	CEP57L1	9606
Q8IYY4	DZIP1L	9606
Q8IZ02	LRRC34	9606
Q8IZ07	ANKRD13A	9606
Q8IZ08	GPR135	9606
Q8IZ13	FAM200C	9606
Q8IZ16	SPACDR	9606
Q8IZ20	ZNF683	9606
Q8IZ21	PHACTR4	9606
Q8IZ26	ZNF34	9606
Q8IZ40	RCOR2	9606
Q8IZ41	RASEF	9606
Q8IZ52	CHPF	9606
Q8IZ57	NRSN1	9606
Q8IZ63	PRR22	9606
Q8IZ69	TRMT2A	9606
Q8IZ73	RPUSD2	9606
Q8IZ81	ELMOD2	9606
Q8IZ83	ALDH16A1	9606
Q8IZ96	CMTM1	9606
Q8IZA0	KIAA0319L	9606
Q8IZA3	H1-8	9606
Q8IZC4	RTKN2	9606
Q8IZC6	COL27A1	9606
Q8IZC7	ZNF101	9606
Q8IZD0	SAMD14	9606
Q8IZD2	KMT2E	9606
Q8IZD4	DCP1B	9606
Q8IZD6	SLC22A15	9606
Q8IZD9	DOCK3	9606
Q8IZE3	SCYL3	9606
Q8IZF0	NALCN	9606
Q8IZF2	ADGRF5	9606
Q8IZF3	ADGRF4	9606
Q8IZF4	ADGRG5	9606
Q8IZF5	ADGRF3	9606
Q8IZF6	ADGRG4	9606
Q8IZF7	ADGRF2P	9606
Q8IZH2	XRN1	9606
Q8IZI9	IFNL3	9606
Q8IZJ0	IFNL2	9606
Q8IZJ1	UNC5B	9606
Q8IZJ3	CPAMD8	9606
Q8IZJ4	RGL4	9606
Q8IZJ6	TDH	9606
Q8IZK6	MCOLN2	9606
Q8IZL2	MAML2	9606
Q8IZL8	PELP1	9606
Q8IZL9	CDK20	9606
Q8IZM8	ZNF654	9606
Q8IZM9	SLC38A6	9606
Q8IZN3	ZDHHC14	9606
Q8IZN7	DEFB107A; DEFB107B	9606
Q8IZP0	ABI1	9606
Q8IZP1	TBC1D3	9606
Q8IZP2	ST13P4	9606
Q8IZP6	RNF113B	9606
Q8IZP7	HS6ST3	9606
Q8IZP9	ADGRG2	9606
Q8IZQ1	WDFY3	9606
Q8IZQ5	SELENOH	9606
Q8IZQ8	MYOCD	9606
Q8IZR5	CMTM4	9606
Q8IZS5	OFCC1	9606
Q8IZS6	DYNLT2	9606
Q8IZS7	CLECL1	9606
Q8IZS8	CACNA2D3	9606
Q8IZT6	ASPM	9606
Q8IZT8	HS3ST5	9606
Q8IZT9	FAM9C	9606
Q8IZU0	FAM9B	9606
Q8IZU1	FAM9A	9606
Q8IZU2	WDR17	9606
Q8IZU3	SYCP3	9606
Q8IZU8	DSEL	9606
Q8IZU9	KIRREL3	9606
Q8IZV2	CMTM8	9606
Q8IZV5	RDH10	9606
Q8IZW8	TNS4	9606
Q8IZX4	TAF1L	9606
Q8IZY2	ABCA7	9606
Q8IZY5	BLID	9606
Q8J025	APCDD1	9606
Q8JZK9	Hmgcs1	10090
Q8JZL0	Znf467	10090
Q8JZL1	Il17rd	10090
Q8JZL2	Mchr1	10090
Q8JZL3	Thtpa	10090
Q8JZL7	Rasgef1b	10090
Q8JZM0	Tfb1m	10090
Q8JZM2	Prr15l	10090
Q8JZM4	Dner	10090
Q8JZM6	Tifab	10090
Q8JZM7	Cdc73	10090
Q8JZM8	Muc4	10090
Q8JZN3	Kcnj14	10090
Q8JZN5	Acad9	10090
Q8JZN7	Rhot2	10090
Q8JZP2	Syn3	10090
Q8JZP3	Klhl2	10090
Q8JZP9	Gas2l1	10090
Q8JZQ2	Afg3l2	10090
Q8JZQ5	Aoc1	10090
Q8JZQ9	Eif3b	10090
Q8JZR0	Acsl5	10090
Q8JZR4	Slc1a7	10090
Q8JZR6	Slc4a8	10090
Q8JZS0	Lin7a	10090
Q8JZS6	N4bp2l2	10090
Q8JZS7	Hmgcll1	10090
Q8JZS9	Mrpl48	10090
Q8JZU0	Nudt13	10090
Q8JZU2	Slc25a1	10090
Q8JZU6	Pxdc1	10090
Q8JZV4	Rbm41	10090
Q8JZV7	Amdhd2	10090
Q8JZV9	Bdh2	10090
Q8JZW4	Cpne5	10090
Q8JZW5	Sh2d5	10090
Q8JZW8	Pnma3	10090
Q8JZX3	Poc1a	10090
Q8JZX4	Rbm17	10090
Q8JZX9	Cdc42ep2	10090
Q8JZY2	Commd10	10090
Q8JZY4	Prorp	10090
Q8JZZ0	Ugt3a2	10090
Q8JZZ6	Ammecr1l	10090
Q8JZZ7	Adgrl2	10090
Q8K003	Tma7	10090
Q8K004	Spata2	10090
Q8K007	Sulf1	10090
Q8K009	Aldh1l2	10090
Q8K010	Oplah	10090
Q8K012	Fnbp1l	10090
Q8K013	Gtpbp10	10090
Q8K015	Cenpo	10090
Q8K019	Bclaf1	10090
Q8K021	Scamp1	10090
Q8K023	Akr1c18	10090
Q8K025	Frat2	10090
Q8K031	Stard8	10090
Q8K045	Pkn3	10090
Q8K057	Ift80	10090
Q8K064	Fam174b	10090
Q8K070	Samd14	10090
Q8K071	Tmem221	10090
Q8K072	Reep4	10090
Q8K078	Slco4a1	10090
Q8K083	Znf536	10090
Q8K087	Cmklr2	10090
Q8K088	Zbtb6	10090
Q8K093	Trhde	10090
Q8K097	Faim2	10090
Q8K099	Lrit1	10090
Q8K0B2	Lmbrd1	10090
Q8K0B3	Lrrc66	10090
Q8K0C1	Ipo13	10090
Q8K0C4	Cyp51a1	10090
Q8K0C5	Zg16	10090
Q8K0C8	Cox19	10090
Q8K0C9	Gmds	10090
Q8K0D0	Cdk17	10090
Q8K0D2	Habp2	10090
Q8K0D5	Gfm1	10090
Q8K0D7	Get1	10090
Q8K0E1	Kctd15	10090
Q8K0E3	Slc5a11	10090
Q8K0E7	Serinc2	10090
Q8K0E8	Fgb	10090
Q8K0F1	Tbc1d23	10090
Q8K0G5	Eipr1	10090
Q8K0G7	Phgr1	10090
Q8K0G8	Esrp2	10090
Q8K0H1	Slc47a1	10090
Q8K0H5	Taf10	10090
Q8K0H7	Slc45a3	10090
Q8K0J2	B3gnt7	10090
Q8K0L0	Asb2	10090
Q8K0L2	Entpd8	10090
Q8K0L3	Acsm2	10090
Q8K0L9	Zbtb20	10090
Q8K0P3	Meak7	10090
Q8K0Q5	Arhgap18	10090
Q8K0R6	Gltpd2	10090
Q8K0S0	Phyhip	10090
Q8K0S2	Erich5	10090
Q8K0S5	Rtn4rl1	10090
Q8K0S9	Snapc1	10090
Q8K0T0	Rtn1	10090
Q8K0T2	Dync2li1	10090
Q8K0T4	Katnal1	10090
Q8K0T7	Unc13c	10090
Q8K0U3	Tmem17	10090
Q8K0U4	Hspa12a	10090
Q8K0V2	Dcun1d3	10090
Q8K0V4	Cnot3	10090
Q8K0W3	Rnf208	10090
Q8K0W9	Dph3	10090
Q8K0X8	Fez1	10090
Q8K0Y2	Krt33a	10090
Q8K0Y7	Paxx	10090
Q8K0Z7	Taco1	10090
Q8K0Z9	Gpr153	10090
Q8K114	Ints9	10090
Q8K120	Nfatc4	10090
Q8K124	Plekho2	10090
Q8K126	Mtrf1	10090
Q8K129	Ctxn1	10090
Q8K135	Kiaa0319l	10090
Q8K136	Scnm1	10090
Q8K157	Galm	10090
Q8K158	Cnppd1	10090
Q8K174	Tmem60	10090
Q8K177	Krtcap3	10090
Q8K182	C8a	10090
Q8K183	Pdxk	10090
Q8K190	Saysd1	10090
Q8K194	Snrnp27	10090
Q8K199	Cmc2	10090
Q8K1A0	Mettl5	10090
Q8K1A5	Tmem41b	10090
Q8K1A6	Cc2d1a	10090
Q8K1B8	Fermt3	10090
Q8K1B9	Galnt18	10090
Q8K1C0	Angel2	10090
Q8K1C7	Slc16a14	10090
Q8K1C9	Lrrc41	10090
Q8K1D8	Enho	10090
Q8K1E0	Stx5	10090
Q8K1E3	Dlk2	10090
Q8K1E6	Alkbh3	10090
Q8K1F9	Lctl	10090
Q8K1G2	Evc2	10090
Q8K1H1	Tdrd7	10090
Q8K1H7	Tcp11l2	10090
Q8K1H9	Obp2a	10090
Q8K1I3	Spp2	10090
Q8K1I7	Wipf1	10090
Q8K1J5	Sde2	10090
Q8K1J6	Trnt1	10090
Q8K1K4	Cenpi	10090
Q8K1K6	Serpinb10	10090
Q8K1K9	Hinfp	10090
Q8K1L0	Creb5	10090
Q8K1L2	Spin4	10090
Q8K1L5	Ppp1r11	10090
Q8K1M4	Glis1	10090
Q8K1M6	Dnm1l	10090
Q8K1N1	Pnpla8	10090
Q8K1N2	Phldb2	10090
Q8K1N4	Spats2	10090
Q8K1R3	Pnpt1	10090
Q8K1R7	Nek9	10090
Q8K1S1	Lgi4	10090
Q8K1S2	Unc5d	10090
Q8K1S3	Unc5b	10090
Q8K1S4	Unc5a	10090
Q8K1S5	Klf11	10090
Q8K1S6	Spire2	10090
Q8K1S7	Kremen2	10090
Q8K1T0	Tmprss3	10090
Q8K1T1	Lrrc25	10090
Q8K1T4	Ly6g5b	10090
Q8K1T5	Ly6g5c	10090
Q8K1T6	Ly6g6e	10090
Q8K1X1	Wdr11	10090
Q8K1X4	Nckap1l	10090
Q8K1Y2	Prkd3	10090
Q8K1Z0	Coq9	10090
Q8K1Z6	Gpr18	10090
Q8K201	Kct2	10090
Q8K202	Polr1e	10090
Q8K203	Neil3	10090
Q8K209	Adgrg1	10090
Q8K211	Slc31a1	10090
Q8K212	Pacs1	10090
Q8K214	Scmh1	10090
Q8K215	Lyrm4	10090
Q8K221	Arfip2	10090
Q8K224	Nat10	10090
Q8K243	Trim68	10090
Q8K245	Uvrag	10090
Q8K248	Hpdl	10090
Q8K249	Cd300e	10090
Q8K259	Gin1	10090
Q8K262	Plac9	10090
Q8K268	Abcf3	10090
Q8K273	Mmgt1	10090
Q8K274	Fn3krp	10090
Q8K284	Gtf3c1	10090
Q8K285	Fcho1	10090
Q8K288	Tnfaip8l1	10090
Q8K296	Mtmr3	10090
Q8K297	Colgalt1	10090
Q8K298	Anln	10090
Q8K299	Scara5	10090
Q8K2A1	Gulp1	10090
Q8K2A6	Lipm	10090
Q8K2A7	Ints10	10090
Q8K2A8	Alg3	10090
Q8K2B0	P3h4	10090
Q8K2B3	Sdha	10090
Q8K2C6	Sirt5	10090
Q8K2C7	Os9	10090
Q8K2C8	Gpat4	10090
Q8K2C9	Hacd3	10090
Q8K2D0	Fam199x	10090
Q8K2D3	Edc3	10090
Q8K2D6	Dctd	10090
Q8K2F0	Brd3	10090
Q8K2F3	Depp1	10090
Q8K2F8	Lsm14a	10090
Q8K2G4	Bbs7	10090
Q8K2H1	Pphln1	10090
Q8K2H2	Otud6b	10090
Q8K2H3	Fam13b	10090
Q8K2H4	Acap1	10090
Q8K2H6	Anapc10	10090
Q8K2I1	Fntb	10090
Q8K2I2	Cchcr1	10090
Q8K2I3	Fmo2	10090
Q8K2I4	Manba	10090
Q8K2I9	Fbh1	10090
Q8K2J0	Plcd3	10090
Q8K2J4	Ccdc14	10090
Q8K2J7	Rell1	10090
Q8K2J9	Btbd6	10090
Q8K2K6	Agfg1	10090
Q8K2L8	Trappc12	10090
Q8K2M0	Mrpl38	10090
Q8K2M3	Srrd	10090
Q8K2P1	Lurap1l	10090
Q8K2P2	Fam83a	10090
Q8K2P6	Rfesd	10090
Q8K2P7	Slc38a1	10090
Q8K2Q0	Commd9	10090
Q8K2Q2	Gsto2	10090
Q8K2Q5	Chchd7	10090
Q8K2Q7	Brox	10090
Q8K2Q9	Shtn1	10090
Q8K2R5	Znf668	10090
Q8K2T1	Nmral1	10090
Q8K2T4	Uqcc3	10090
Q8K2T8	Paf1	10090
Q8K2U2	Alkbh6	10090
Q8K2V1	Ppp4r1	10090
Q8K2V6	Ipo11	10090
Q8K2W3	Txndc11	10090
Q8K2W6	Phf13	10090
Q8K2X1	Atp10d	10090
Q8K2X2	Rbm48	10090
Q8K2X3	Stn1	10090
Q8K2X8	Gtf2h5	10090
Q8K2Y0	Obi1	10090
Q8K2Y3	Eva1b	10090
Q8K2Y7	Mrpl47	10090
Q8K2Y9	Ccm2	10090
Q8K2Z2	Prpf39	10090
Q8K2Z4	Ncapd2	10090
Q8K2Z8	Ube2q2	10090
Q8K301	Ddx52	10090
Q8K304	Tmem129	10090
Q8K305	Nsl1	10090
Q8K310	Matr3	10090
Q8K327	Champ1	10090
Q8K330	Ssh3	10090
Q8K337	Inpp5b	10090
Q8K339	Kin	10090
Q8K341	Atat1	10090
Q8K342	Rassf9	10090
Q8K348	Acvr1c	10090
Q8K349	Gimap6	10090
Q8K352	Sash3	10090
Q8K353	Cystm1	10090
Q8K354	Cbr3	10090
Q8K358	Pigu	10090
Q8K363	Ddx18	10090
Q8K368	Fanci	10090
Q8K370	Acad10	10090
Q8K371	Amotl2	10090
Q8K375	Lrrc56	10090
Q8K377	Lrrtm1	10090
Q8K382	Dennd1a	10090
Q8K385	Frrs1	10090
Q8K386	Rab15	10090
Q8K387	Usp45	10090
Q8K389	Cdk5rap2	10090
Q8K394	Plcl2	10090
Q8K396	Mnd1	10090
Q8K3A0	Hscb	10090
Q8K3A2	Trpt1	10090
Q8K3A4	Rhno1	10090
Q8K3A6	Armcx6	10090
Q8K3A9	Mepce	10090
Q8K3B1	Fbxo45	10090
Q8K3C0	Rnasek	10090
Q8K3C3	Lzic	10090
Q8K3D3	Swi5	10090
Q8K3D6	Slc35e4	10090
Q8K3E5	Ahi1	10090
Q8K3F2	Mmp21	10090
Q8K3F6	Kcnq3	10090
Q8K3F7	Tdh	10090
Q8K3G5	Vrk3	10090
Q8K3G9	Appl2	10090
Q8K3H0	Appl1	10090
Q8K3H5	Myo3a	10090
Q8K3I4	Myrip	10090
Q8K3I6	Il27	10090
Q8K3I8	Defb19	10090
Q8K3I9	Glcci1	10090
Q8K3J1	Ndufs8	10090
Q8K3J5	Znf131	10090
Q8K3J9	Gprc5c	10090
Q8K3K7	Agpat2	10090
Q8K3K8	Optn	10090
Q8K3M5	Cables2	10090
Q8K3P0	Sdr9c7	10090
Q8K3P1	P2rx2	10090
Q8K3P5	Cnot6	10090
Q8K3Q3	Foxn4	10090
Q8K3R3	Plcd4	10090
Q8K3U4	Defb36	10090
Q8K3V1	Spata4	10090
Q8K3V4	Padi6	10090
Q8K3V7	Minar1	10090
Q8K3W0	Babam2	10090
Q8K3W2	Lrrc10	10090
Q8K3W3	Casc3	10090
Q8K3X4	Irf2bpl	10090
Q8K3X6	Anks4b	10090
Q8K3Y3	Lin28a	10090
Q8K3Z0	Nod2	10090
Q8K3Z9	Pom121	10090
Q8K400	Stxbp5	10090
Q8K402	Tbx22	10090
Q8K406	Lgi3	10090
Q8K409	Polb	10090
Q8K410	Adam32	10090
Q8K411	Pitrm1	10090
Q8K419	Lgals4	10090
Q8K424	Trpv3	10090
Q8K426	Retnlg	10090
Q8K440	Abca8b	10090
Q8K441	Abca6	10090
Q8K442	Abca8a	10090
Q8K443	Rgs13	10090
Q8K445	Clrn1	10090
Q8K448	Abca5	10090
Q8K449	Abca9	10090
Q8K450	Spag16	10090
Q8K458	Prokr2	10090
Q8K459	Pxt1	10090
Q8K467	Tmie	10090
Q8K479	C1qtnf5	10090
Q8K480	Mfrp	10090
Q8K482	Emilin2	10090
Q8K485	Kctd11	10090
Q8K4B0	Mta1	10090
Q8K4B2	Irak3	10090
Q8K4B4	Il23r	10090
Q8K4C2	Il17rc	10090
Q8K4C5	Il17c	10090
Q8K4D3	Slc36a1	10090
Q8K4D7	Plcz1	10090
Q8K4E0	Alms1	10090
Q8K4F0	Cd226	10090
Q8K4F5	Abhd11	10090
Q8K4F6	Nsun5	10090
Q8K4G1	Ltbp4	10090
Q8K4G2	Col23a1	10090
Q8K4G5	Ablim1	10090
Q8K4H1	Afmid	10090
Q8K4I3	Arhgef6	10090
Q8K4I7	Prss45	10090
Q8K4J0	Dclre1c	10090
Q8K4J2	Ebf4	10090
Q8K4J6	Mrtfa	10090
Q8K4K1	Cetn4	10090
Q8K4K2	Trib3	10090
Q8K4K3	Trib2	10090
Q8K4K4	Trib1	10090
Q8K4K6	Pank1	10090
Q8K4L0	Ddx54	10090
Q8K4L3	Svil	10090
Q8K4L4	Pof1b	10090
Q8K4L6	Mepe	10090
Q8K4M5	Commd1	10090
Q8K4N2	Spag11a	10090
Q8K4N3	Defb12	10090
Q8K4P0	Wdr33	10090
Q8K4P1	Npb	10090
Q8K4P7	St7l	10090
Q8K4P8	Hecw1	10090
Q8K4Q0	Rptor	10090
Q8K4Q6	Neil1	10090
Q8K4Q7	Cerk	10090
Q8K4Q8	Colec12	10090
Q8K4R4	Pitpnc1	10090
Q8K4R9	Dlgap5	10090
Q8K4S1	Plce1	10090
Q8K4T1	St8sia6	10090
Q8K4T3	Stradb	10090
Q8K4T5	Dusp19	10090
Q8K4X7	Agpat4	10090
Q8K4Z0	Lgi2	10090
Q8K4Z2	Fndc5	10090
Q8K4Z3	Naxe	10090
Q8K4Z5	Sf3a1	10090
Q8K4Z6	Gprc6a	10090
Q8K557	Onecut3	10090
Q8K558	Treml1	10090
Q8K561	Otoa	10090
Q8K572	Hus1b	10090
Q8K592	Amhr2	10090
Q8K595	Mcoln2	10090
Q8K596	Slc8a2	10090
Q8K5A4	Rasl10a	10090
Q8K5B1	Il31ra	10090
Q8K5B2	Mcfd2	10090
Q8K5B8	Hoxc12	10090
Q8K5C0	Grhl2	10090
Q8MH63	SLC7A5P1	9606
Q8N0S2	SYCE1	9606
Q8N0S6	CENPL	9606
Q8N0T1	RBIS	9606
Q8N0U2	TMEM61	9606
Q8N0U4	FAM185A	9606
Q8N0U6	LINC00518	9606
Q8N0U7	C1orf87	9606
Q8N0U8	VKORC1L1	9606
Q8N0V1	ZNF295-AS1	9606
Q8N0V3	RBFA	9606
Q8N0V4	LGI2	9606
Q8N0V5	GCNT2	9606
Q8N0W3	FCSK	9606
Q8N0W4	NLGN4X	9606
Q8N0W5	IQCK	9606
Q8N0W7	FMR1NB	9606
Q8N0X2	SPAG16	9606
Q8N0X4	CLYBL	9606
Q8N0X7	SPART	9606
Q8N0Y2	ZNF444	9606
Q8N0Y3	OR4N4	9606
Q8N0Y5	OR8I2	9606
Q8N0Y7	PGAM4	9606
Q8N0Z2	ABRA	9606
Q8N0Z3	SPICE1	9606
Q8N0Z6	TTC5	9606
Q8N0Z8	PUSL1	9606
Q8N0Z9	VSIG10	9606
Q8N100	ATOH7	9606
Q8N103	TAGAP	9606
Q8N104	DEFB106A; DEFB106B	9606
Q8N108	MIER1	9606
Q8N109	KIR2DL5A	9606
Q8N111	CEND1	9606
Q8N112	LSMEM2	9606
Q8N114	SHISA5	9606
Q8N118	CYP4X1	9606
Q8N119	MMP21	9606
Q8N122	RPTOR	9606
Q8N123	CPXCR1	9606
Q8N126	CADM3	9606
Q8N127	OR5AS1	9606
Q8N128	FAM177A1	9606
Q8N129	CNPY4	9606
Q8N130	SLC34A3	9606
Q8N131	TMEM123	9606
Q8N135	LGI4	9606
Q8N136	DAW1	9606
Q8N137	CNTROB	9606
Q8N138	ORMDL3	9606
Q8N139	ABCA6	9606
Q8N140	EID3	9606
Q8N141	ZFP82	9606
Q8N142	ADSS1	9606
Q8N143	BCL6B	9606
Q8N144	GJD3	9606
Q8N145	LGI3	9606
Q8N146	OR8H3	9606
Q8N148	OR6V1	9606
Q8N149	LILRA2	9606
Q8N157	AHI1	9606
Q8N158	GPC2	9606
Q8N159	NAGS	9606
Q8N162	OR8H2	9606
Q8N163	CCAR2	9606
Q8N165	PDIK1L	9606
Q8N183	NDUFAF2	9606
Q8N184	ZNF567	9606
Q8N187	CARF	9606
Q8N196	SIX5	9606
Q8N1A0	KRT222	9606
Q8N1A6	C4orf33	9606
Q8N1B3	CCNQ	9606
Q8N1B4	VPS52	9606
Q8N1C3	GABRG1	9606
Q8N1D0	SLC67A1-AS	9606
Q8N1D5	CFAP107	9606
Q8N1E2	LYG1	9606
Q8N1E6	FBXL14	9606
Q8N1F7	NUP93	9606
Q8N1F8	STK11IP	9606
Q8N1G0	ZNF687	9606
Q8N1G1	REXO1	9606
Q8N1G2	CMTR1	9606
Q8N1G4	LRRC47	9606
Q8N1H7	SIX6OS1	9606
Q8N1I0	DOCK4	9606
Q8N1I8	CACTIN-AS1	9606
Q8N1K5	THEMIS	9606
Q8N1L1	LINC00528	9606
Q8N1L4	CYP4Z2P	9606
Q8N1L9	BATF2	9606
Q8N1M1	BEST3	9606
Q8N1N0	CLEC4F	9606
Q8N1N2	DYNAP	9606
Q8N1N4	KRT78	9606
Q8N1P7	CRYBG2	9606
Q8N1Q1	CA13	9606
Q8N1Q8	THEM5	9606
Q8N1S5	SLC39A11	9606
Q8N1T3	MYO1H	9606
Q8N1V2	CFAP52	9606
Q8N1V8	LINC01561	9606
Q8N1W1	ARHGEF28	9606
Q8N1W2	ZNF710	9606
Q8N201	INTS1	9606
Q8N205	SYNE4	9606
Q8N228	SCML4	9606
Q8N239	KLHL34	9606
Q8N257	H2BC26	9606
Q8N264	ARHGAP24	9606
Q8N271	PROM2	9606
Q8N283	ANKRD35	9606
Q8N292	GAPT	9606
Q8N2A0	LINC00269	9606
Q8N2A8	PLD6	9606
Q8N2C3	DEPDC4	9606
Q8N2C7	UNC80	9606
Q8N2C9	UMODL1-AS1	9606
Q8N2E2	VWDE	9606
Q8N2E6	TOR2A	9606
Q8N2F6	ARMC10	9606
Q8N2G4	LYPD1	9606
Q8N2G6	ZCCHC24	9606
Q8N2G8	GHDC	9606
Q8N2H3	PYROXD2	9606
Q8N2H4	SYS1	9606
Q8N2H9	PELI3	9606
Q8N2I2	ZNF619	9606
Q8N2I9	STK40	9606
Q8N2K0	ABHD12	9606
Q8N2K1	UBE2J2	9606
Q8N2M4	TMEM86A	9606
Q8N2M8	CLASRP	9606
Q8N2N9	ANKRD36B	9606
Q8N2Q7	NLGN1	9606
Q8N2R0	OSR2	9606
Q8N2R8	FAM43A	9606
Q8N2S1	LTBP4	9606
Q8N2U0	TMEM256	9606
Q8N2U9	SLC66A2	9606
Q8N2W9	PIAS4	9606
Q8N2X6	EXOC3-AS1	9606
Q8N2Y8	RUSC2	9606
Q8N2Z9	CENPS	9606
Q8N300	SVBP	9606
Q8N302	AGGF1	9606
Q8N307	MUC20	9606
Q8N309	LRRC43	9606
Q8N319	LINC03040	9606
Q8N323	NXPE1	9606
Q8N326	RPP38-DT	9606
Q8N328	PGBD3	9606
Q8N335	GPD1L	9606
Q8N336	ELMOD1	9606
Q8N339	MT1M	9606
Q8N344	MIER2	9606
Q8N349	OR2L13	9606
Q8N350	CBARP	9606
Q8N357	SLC35F6	9606
Q8N365	CIART	9606
Q8N370	SLC43A2	9606
Q8N371	KDM8	9606
Q8N386	LRRC25	9606
Q8N387	MUC15	9606
Q8N392	ARHGAP18	9606
Q8N393	ZNF786	9606
Q8N394	TMTC2	9606
Q8N398	VWA5B2	9606
Q8N3A8	PARP8	9606
Q8N3C0	ASCC3	9606
Q8N3C7	CLIP4	9606
Q8N3D4	EHBP1L1	9606
Q8N3E9	PLCD3	9606
Q8N3F0	MTURN	9606
Q8N3F8	MICALL1	9606
Q8N3F9	GPR137C	9606
Q8N3G9	TMEM130	9606
Q8N3H0	TAFA2	9606
Q8N3I7	BBS5	9606
Q8N3J2	METTL4	9606
Q8N3J3	HROB	9606
Q8N3J5	PPM1K	9606
Q8N3J6	CADM2	9606
Q8N3J9	ZNF664	9606
Q8N3K9	CMYA5	9606
Q8N3L3	TXLNB	9606
Q8N3P4	VPS8	9606
Q8N3R3	TCAIM	9606
Q8N3R9	PALS1	9606
Q8N3S3	PHTF2	9606
Q8N3T1	GALNT15	9606
Q8N3T6	TMEM132C	9606
Q8N3U4	STAG2	9606
Q8N3V7	SYNPO	9606
Q8N3X1	FNBP4	9606
Q8N3X6	LCORL	9606
Q8N3Y1	FBXW8	9606
Q8N3Y3	LARGE2	9606
Q8N3Y7	SDR16C5	9606
Q8N3Z0	PRSS35	9606
Q8N3Z3	GTPBP8	9606
Q8N3Z6	ZCCHC7	9606
Q8N412	STPG2	9606
Q8N413	SLC25A45	9606
Q8N414	PGBD5	9606
Q8N423	LILRB2	9606
Q8N427	NME8	9606
Q8N428	GALNT16	9606
Q8N431	RASGEF1C	9606
Q8N434	SVOPL	9606
Q8N436	CPXM2	9606
Q8N441	FGFRL1	9606
Q8N442	GUF1	9606
Q8N443	RIBC1	9606
Q8N446	ZNF843	9606
Q8N448	LNX2	9606
Q8N456	LRRC18	9606
Q8N461	FBXL16	9606
Q8N465	D2HGDH	9606
Q8N468	SLC60A1	9606
Q8N474	SFRP1	9606
Q8N475	FSTL5	9606
Q8N485	LIX1	9606
Q8N488	RYBP	9606
Q8N490	PNKD	9606
Q8N4A0	GALNT4	9606
Q8N4B1	PHETA1	9606
Q8N4B4	FBXO39	9606
Q8N4B5	PRR18	9606
Q8N4C6	NIN	9606
Q8N4C7	STX19	9606
Q8N4C8	MINK1	9606
Q8N4C9	C17orf78	9606
Q8N4E4	PDCL2	9606
Q8N4E7	FTMT	9606
Q8N4F0	BPIFB2	9606
Q8N4F4	SLC22A24	9606
Q8N4F7	RNF175	9606
Q8N4G2	ARL14	9606
Q8N4H0	SPATA6L	9606
Q8N4H5	TOMM5	9606
Q8N4J0	CARNMT1	9606
Q8N4K4	RPRML	9606
Q8N4L1	TMEM151A	9606
Q8N4L2	PIP4P2	9606
Q8N4L4	SPEM1	9606
Q8N4L8	CCDC24	9606
Q8N4M1	SLC44A3	9606
Q8N4M7	C10orf126	9606
Q8N4N3	KLHL36	9606
Q8N4N8	KIF2B	9606
Q8N4P2	IFT70B	9606
Q8N4P3	HDDC3	9606
Q8N4P6	LRRC71	9606
Q8N4Q0	PTGR3	9606
Q8N4Q1	CHCHD4	9606
Q8N4S0	CCDC82	9606
Q8N4S7	PAQR4	9606
Q8N4S9	MARVELD2	9606
Q8N4T0	CPA6	9606
Q8N4T4	ARHGEF39	9606
Q8N4T8	CBR4	9606
Q8N4U5	TCP11L2	9606
Q8N4V1	MMGT1	9606
Q8N4V2	SVOP	9606
Q8N4W6	DNAJC22	9606
Q8N4W9	ZNF808	9606
Q8N4X5	AFAP1L2	9606
Q8N4Y2	CRACR2B	9606
Q8N4Z0	RAB42	9606
Q8N511	VMA12	9606
Q8N531	FBXL6	9606
Q8N535	LINC00471	9606
Q8N539	FIBCD1	9606
Q8N543	OGFOD1	9606
Q8N554	ZNF276	9606
Q8N556	AFAP1	9606
Q8N565	MREG	9606
Q8N567	ZCCHC9	9606
Q8N568	DCLK2	9606
Q8N573	OXR1	9606
Q8N584	TTC39C	9606
Q8N587	ZNF561	9606
Q8N594	MPND	9606
Q8N5A5	ZGPAT	9606
Q8N5B7	CERS5	9606
Q8N5C1	CALHM5	9606
Q8N5C6	SRBD1	9606
Q8N5C7	DTWD1	9606
Q8N5C8	TAB3	9606
Q8N5D0	WDTC1	9606
Q8N5D6	GBGT1	9606
Q8N5F7	NKAP	9606
Q8N5G0	SMIM20	9606
Q8N5G2	MACO1	9606
Q8N5H3	FAM89B	9606
Q8N5H7	SH2D3C	9606
Q8N5I2	ARRDC1	9606
Q8N5I3	KCNRG	9606
Q8N5I4	DHRSX	9606
Q8N5I9	NOPCHAP1	9606
Q8N5J2	MINDY1	9606
Q8N5J4	SPIC	9606
Q8N5K1	CISD2	9606
Q8N5L8	RPP25L	9606
Q8N5M1	ATPAF2	9606
Q8N5M4	TTC9C	9606
Q8N5M9	JAGN1	9606
Q8N5N4	C3orf22	9606
Q8N5N7	MRPL50	9606
Q8N5P1	ZC3H8	9606
Q8N5Q1	GARIN5B	9606
Q8N5R6	CCDC33	9606
Q8N5S1	SLC25A41	9606
Q8N5S3	CIMIP6	9606
Q8N5S9	CAMKK1	9606
Q8N5T2	TBC1D19	9606
Q8N5U0	C11orf42	9606
Q8N5U1	MS4A15	9606
Q8N5U6	RNF10	9606
Q8N5V2	NGEF	9606
Q8N5W8	FAM24B	9606
Q8N5W9	RFLNB	9606
Q8N5X7	EIF4E3	9606
Q8N5Y2	MSL3	9606
Q8N5Y8	PARP16	9606
Q8N5Z0	AADAT	9606
Q8N5Z5	KCTD17	9606
Q8N608	DPP10	9606
Q8N609	TRAM1L1	9606
Q8N612	FHIP1B	9606
Q8N614	TMEM156	9606
Q8N616	LINC00311	9606
Q8N628	OR2C3	9606
Q8N635	MEIOB	9606
Q8N653	LZTR1	9606
Q8N660	NBPF15	9606
Q8N661	TMEM86B	9606
Q8N668	COMMD1	9606
Q8N680	ZBTB2	9606
Q8N682	DRAM1	9606
Q8N684	CPSF7	9606
Q8N687	DEFB125	9606
Q8N688	DEFB123	9606
Q8N690	DEFB119	9606
Q8N693	ESX1	9606
Q8N695	SLC5A8	9606
Q8N697	SLC15A4	9606
Q8N699	MYCT1	9606
Q8N6C5	IGSF1	9606
Q8N6C7	MIR7-3HG	9606
Q8N6C8	LILRA3	9606
Q8N6D2	RNF182	9606
Q8N6D5	ANKRD29	9606
Q8N6F1	CLDN19	9606
Q8N6F7	GCSAM	9606
Q8N6F8	METTL27	9606
Q8N6G2	TEX26	9606
Q8N6G5	CSGALNACT2	9606
Q8N6G6	ADAMTSL1	9606
Q8N6H7	ARFGAP2	9606
Q8N6I1	EID2	9606
Q8N6I4	LYSET	9606
Q8N6K0	TEX29	9606
Q8N6K7	SAMD3	9606
Q8N6L0	KASH5	9606
Q8N6L1	KRTCAP2	9606
Q8N6L7	TMEM252	9606
Q8N6M0	OTUD6B	9606
Q8N6M3	FITM2	9606
Q8N6M5	ALLC	9606
Q8N6M6	AOPEP	9606
Q8N6M8	IQCF1	9606
Q8N6M9	ZFAND2A	9606
Q8N6N2	TTC9B	9606
Q8N6N3	C1orf52	9606
Q8N6N6	NATD1	9606
Q8N6N7	ACBD7	9606
Q8N6P7	IL22RA1	9606
Q8N6Q1	TMCO5A	9606
Q8N6Q3	CD177	9606
Q8N6Q8	METTL25	9606
Q8N6R0	METTL13	9606
Q8N6R1	SERP2	9606
Q8N6S4	ANKRD13C	9606
Q8N6S5	ARL6IP6	9606
Q8N6T0	TOP6BL	9606
Q8N6T3	ARFGAP1	9606
Q8N6T7	SIRT6	9606
Q8N6U2	LINC00612	9606
Q8N6U8	GPR161	9606
Q8N6V4	C10orf53	9606
Q8N6V9	TEX9	9606
Q8N6W0	CELF5	9606
Q8N6Y0	USHBP1	9606
Q8N6Y1	PCDH20	9606
Q8N6Y2	LRRC17	9606
Q8N715	CCDC185	9606
Q8N720	ZNF655	9606
Q8N726	CDKN2A	9606
Q8N729	NPW	9606
Q8N743	KIR3DL3	9606
Q8N752	CSNK1A1L	9606
Q8N755	SLC66A3	9606
Q8N766	EMC1	9606
Q8N769	SLIRP-OT1	9606
Q8N782	ZNF525	9606
Q8N7A1	KLHDC1	9606
Q8N7B1	HORMAD2	9606
Q8N7B6	PACRGL	9606
Q8N7B9	EFCAB3	9606
Q8N7C0	LRRC52	9606
Q8N7C3	TRIML2	9606
Q8N7C4	TMEM217	9606
Q8N7C7	RNF148	9606
Q8N7E2	CBLL2	9606
Q8N7F7	UBL4B	9606
Q8N7G0	POU5F2	9606
Q8N7H1	LINC01465	9606
Q8N7H5	PAF1	9606
Q8N7J2	AMER2	9606
Q8N7K0	ZNF433	9606
Q8N7L0	FAM216B	9606
Q8N7M0	DYNLT5	9606
Q8N7M2	ZNF283	9606
Q8N7N1	FAM86B1	9606
Q8N7N5	Dcaf8	10090
Q8N7N6	Traf3ip2	10090
Q8N7P1	PLD5	9606
Q8N7P3	CLDN22	9606
Q8N7Q2	CELF2-AS1	9606
Q8N7Q3	ZNF676	9606
Q8N7R0	NANOGP1	9606
Q8N7R1	POM121L12	9606
Q8N7R7	CCNYL1	9606
Q8N7S2	DNAJC5G	9606
Q8N7S6	ARIH2OS	9606
Q8N7U6	EFHB	9606
Q8N7U7	TPRX1	9606
Q8N7U9	LINC00469	9606
Q8N7W2	BEND7	9606
Q8N7X0	ADGB	9606
Q8N7X1	RBMXL3	9606
Q8N7X2	STPG3	9606
Q8N7X4	MAGEB6	9606
Q8N7X8	SIGLECL1	9606
Q8N7Y1	KIRREL3-AS3	9606
Q8N7Z2	GOLGA6L1	9606
Q8N7Z5	ANKRD31	9606
Q8N801	STPG4	9606
Q8N806	UBR7	9606
Q8N807	PDILT	9606
Q8N808	SLC35G3	9606
Q8N812	C12orf76	9606
Q8N813	PRR23E	9606
Q8N815	CNTD1	9606
Q8N816	KRT10-AS1	9606
Q8N819	PPM1N	9606
Q8N823	ZNF611	9606
Q8N831	TSPYL6	9606
Q8N841	TTLL6	9606
Q8N859	ZNF713	9606
Q8N865	SPMIP4	9606
Q8N878	FRMD1	9606
Q8N883	ZNF614	9606
Q8N884	CGAS	9606
Q8N888	BCORP1	9606
Q8N895	ZNF366	9606
Q8N8A2	ANKRD44	9606
Q8N8A6	DDX51	9606
Q8N8A8	FAM169BP	9606
Q8N8B7	TCEANC	9606
Q8N8C0	ZNF781	9606
Q8N8D1	PDCD7	9606
Q8N8D7	NKAIN3	9606
Q8N8E1	MAPKAPK5-AS1	9606
Q8N8E2	ZNF513	9606
Q8N8E3	CEP112	9606
Q8N8F6	YIPF7	9606
Q8N8F7	LSMEM1	9606
Q8N8G2	VGLL2	9606
Q8N8G6	LINC02915	9606
Q8N8H1	ZNF321P	9606
Q8N8I0	SAMD12	9606
Q8N8I6	LINC00482	9606
Q8N8J0	PI4KAP1	9606
Q8N8J6	ZNF615	9606
Q8N8J7	FAM241A	9606
Q8N8K9	KIAA1958	9606
Q8N8L2	ZNF491	9606
Q8N8L6	ARL10	9606
Q8N8M0	NAT16	9606
Q8N8N0	RNF152	9606
Q8N8N7	PTGR2	9606
Q8N8Q1	CYB561D1	9606
Q8N8Q3	ENDOV	9606
Q8N8Q8	COX18	9606
Q8N8Q9	NIPA2	9606
Q8N8R3	SLC25A29	9606
Q8N8R5	C2orf69	9606
Q8N8R7	ARL14EP	9606
Q8N8S7	ENAH	9606
Q8N8U2	CDYL2	9606
Q8N8U3	RTL3	9606
Q8N8U9	BMPER	9606
Q8N8V2	GBP7	9606
Q8N8V4	ANKS4B	9606
Q8N8V8	TMEM105	9606
Q8N8W4	PNPLA1	9606
Q8N8X9	MAB21L3	9606
Q8N8Y2	ATP6V0D2	9606
Q8N8Y5	ZFP41	9606
Q8N8Z3	DIP2C-AS1	9606
Q8N8Z6	DCBLD1	9606
Q8N8Z8	ZNF441	9606
Q8N907	DAND5	9606
Q8N910	PAK6-AS1	9606
Q8N912	NRAC	9606
Q8N944	AMER3	9606
Q8N945	PRELID2	9606
Q8N954	GPATCH11	9606
Q8N957	ANKFN1	9606
Q8N960	CEP120	9606
Q8N961	ABTB2	9606
Q8N966	ZDHHC22	9606
Q8N967	LRTM2	9606
Q8N972	ZNF709	9606
Q8N983	MRPL43	9606
Q8N987	NECAB1	9606
Q8N988	ZNF557	9606
Q8N998	CCDC89	9606
Q8N999	RLIG1	9606
Q8N9A8	CNEP1R1	9606
Q8N9B4	ANKRD42	9606
Q8N9B5	JMY	9606
Q8N9B8	RASGEF1A	9606
Q8N9C0	IGSF22	9606
Q8N9E0	FAM133A	9606
Q8N9F0	NAT8L	9606
Q8N9F7	GDPD1	9606
Q8N9F8	ZNF454	9606
Q8N9H8	EXD3	9606
Q8N9H9	CIROZ	9606
Q8N9I0	SYT2	9606
Q8N9I5	FADS6	9606
Q8N9I9	DTX3	9606
Q8N9K5	ZNF565	9606
Q8N9L1	ZIC4	9606
Q8N9L9	ACOT4	9606
Q8N9M1	C19orf47	9606
Q8N9M5	TMEM102	9606
Q8N9N2	ASCC1	9606
Q8N9N5	BANP	9606
Q8N9N7	LRRC57	9606
Q8N9N8	EIF1AD	9606
Q8N9P6	C9orf163	9606
Q8N9Q2	SREK1IP1	9606
Q8N9R0	LINC00304	9606
Q8N9R6	CDRT4	9606
Q8N9R8	SCAI	9606
Q8N9S3	Ahsa2	10090
Q8N9S9	SNX31	9606
Q8N9T2	NKAPP1	9606
Q8N9T8	KRI1	9606
Q8N9U0	TC2N	9606
Q8N9U9	SPANXA2-OT1	9606
Q8N9V2	TRIML1	9606
Q8N9V3	WDSUB1	9606
Q8N9V6	ANKRD53	9606
Q8N9V7	TOPAZ1	9606
Q8N9W4	GOLGA6L2	9606
Q8N9W5	DNAAF3	9606
Q8N9W6	BOLL	9606
Q8N9W8	GARIN2	9606
Q8N9X3	LINC01356	9606
Q8N9X5	LINC02912	9606
Q8N9Y4	FAM181A	9606
Q8N9Z0	ZNF610	9606
Q8N9Z2	CCDC71L	9606
Q8N9Z9	LMNTD1	9606
Q8NA03	FSIP1	9606
Q8NA19	L3MBTL4	9606
Q8NA23	WDR31	9606
Q8NA29	MFSD2A	9606
Q8NA31	TERB1	9606
Q8NA42	ZNF383	9606
Q8NA47	CCDC63	9606
Q8NA54	IQUB	9606
Q8NA56	TTC29	9606
Q8NA57	C12orf50	9606
Q8NA58	PNLDC1	9606
Q8NA61	CBY2	9606
Q8NA66	CNBD1	9606
Q8NA69	SAXO5	9606
Q8NA70	FAM47B	9606
Q8NA72	POC5	9606
Q8NA75	DCAF4L2	9606
Q8NA77	TEX19	9606
Q8NA82	MARCHF10	9606
Q8NA92	THAP8	9606
Q8NA97	FER1L6-AS1	9606
Q8NAA4	ATG16L2	9606
Q8NAA5	LRRC75A	9606
Q8NAA6	LINC02694	9606
Q8NAB2	KBTBD3	9606
Q8NAC3	IL17RC	9606
Q8NAE3	LINC01555	9606
Q8NAF0	ZNF579	9606
Q8NAG6	ANKLE1	9606
Q8NAJ2	LINC02913	9606
Q8NAM6	ZSCAN4	9606
Q8NAN2	MIGA1	9606
Q8NAP1	CASTOR3P	9606
Q8NAP3	ZBTB38	9606
Q8NAP8	ZBTB8B	9606
Q8NAT1	POMGNT2	9606
Q8NAT2	TDRD5	9606
Q8NAU1	FNDC5	9606
Q8NAV1	PRPF38A	9606
Q8NAV2	C8orf58	9606
Q8NAX2	KDF1	9606
Q8NB12	SMYD1	9606
Q8NB14	USP38	9606
Q8NB15	ZNF511	9606
Q8NB16	MLKL	9606
Q8NB25	FAM184A	9606
Q8NB37	GATD1	9606
Q8NB42	ZNF527	9606
Q8NB46	ANKRD52	9606
Q8NB49	ATP11C	9606
Q8NB50	ZFP62	9606
Q8NB59	SYT14	9606
Q8NB66	UNC13C	9606
Q8NB78	KDM1B	9606
Q8NB90	AFG2A	9606
Q8NB91	FANCB	9606
Q8NBA8	DTWD2	9606
Q8NBB2	ST20-AS1	9606
Q8NBB4	ZSCAN1	9606
Q8NBC4	C20orf203	9606
Q8NBD8	TMEM229B	9606
Q8NBE8	KLHL23	9606
Q8NBF1	GLIS1	9606
Q8NBF2	NHLRC2	9606
Q8NBF6	AVL9	9606
Q8NBH2	KY	9606
Q8NBI2	CYB561A3	9606
Q8NBI3	DRAXIN	9606
Q8NBI5	SLC43A3	9606
Q8NBI6	XXYLT1	9606
Q8NBJ4	GOLM1	9606
Q8NBJ5	COLGALT1	9606
Q8NBJ7	SUMF2	9606
Q8NBJ9	SIDT2	9606
Q8NBK3	SUMF1	9606
Q8NBL1	POGLUT1	9606
Q8NBL3	TMEM178A	9606
Q8NBM4	UBAC2	9606
Q8NBM8	PCYOX1L	9606
Q8NBN3	TMEM87A	9606
Q8NBN7	RDH13	9606
Q8NBP0	TTC13	9606
Q8NBP5	SLC67A2	9606
Q8NBP7	PCSK9	9606
Q8NBQ5	HSD17B11	9606
Q8NBQ7	AQP11	9606
Q8NBR0	TP53I13	9606
Q8NBR6	MINDY2	9606
Q8NBR9	NDUFV1-DT	9606
Q8NBS3	SLC4A11	9606
Q8NBS9	TXNDC5	9606
Q8NBT0	POC1A	9606
Q8NBT2	SPC24	9606
Q8NBT3	TMEM145	9606
Q8NBU5	ATAD1	9606
Q8NBV4	PLPP7	9606
Q8NBV8	SYT8	9606
Q8NBW4	SLC38A9	9606
Q8NBX0	SCCPDH	9606
Q8NBZ0	INO80E	9606
Q8NBZ7	UXS1	9606
Q8NBZ9	NEXN-AS1	9606
Q8NC01	CLEC1A	9606
Q8NC06	ACBD4	9606
Q8NC24	RELL2	9606
Q8NC26	ZNF114	9606
Q8NC38	ZNF436-AS1	9606
Q8NC42	RNF149	9606
Q8NC44	RETREG2	9606
Q8NC51	SERBP1	9606
Q8NC54	KCT2	9606
Q8NC56	LEMD2	9606
Q8NC60	NOA1	9606
Q8NC67	NETO2	9606
Q8NC69	KCTD6	9606
Q8NC74	RBBP8NL	9606
Q8NC96	NECAP1	9606
Q8NCA5	FAM98A	9606
Q8NCA9	ZNF784	9606
Q8NCB2	CAMKV	9606
Q8NCC3	PLA2G15	9606
Q8NCC5	SLC37A3	9606
Q8NCD3	HJURP	9606
Q8NCE0	TSEN2	9606
Q8NCE2	MTMR14	9606
Q8NCF0	CLEC18C	9606
Q8NCF5	NFATC2IP	9606
Q8NCG5	CHST4	9606
Q8NCG7	DAGLB	9606
Q8NCH0	CHST14	9606
Q8NCI6	GLB1L3	9606
Q8NCJ5	SPRYD3	9606
Q8NCK3	ZNF485	9606
Q8NCK7	SLC16A11	9606
Q8NCL4	GALNT6	9606
Q8NCL8	TMEM116	9606
Q8NCL9	APCDD1L	9606
Q8NCM2	KCNH5	9606
Q8NCM8	DYNC2H1	9606
Q8NCN2	ZBTB34	9606
Q8NCN4	RNF169	9606
Q8NCN5	PDPR	9606
Q8NCP5	ZBTB44	9606
Q8NCQ2	CSNK1G2-AS1	9606
Q8NCQ3	LINC00301	9606
Q8NCQ5	FBXO15	9606
Q8NCQ7	PROCA1	9606
Q8NCR0	B3GALNT2	9606
Q8NCR3	MFI	9606
Q8NCR6	SPMIP6	9606
Q8NCR9	CLRN3	9606
Q8NCS4	TMEM35B	9606
Q8NCS7	SLC44A5	9606
Q8NCT1	ARRDC4	9606
Q8NCT3	MATCAP2	9606
Q8NCU1	CCDC197	9606
Q8NCU4	CCDC191	9606
Q8NCU7	C2CD4A	9606
Q8NCU8	MTLN	9606
Q8NCV1	ADAD2	9606
Q8NCW0	KREMEN2	9606
Q8NCW5	NAXE	9606
Q8NCW6	GALNT11	9606
Q8NCX0	CCDC150	9606
Q8NCY6	MSANTD4	9606
Q8ND04	SMG8	9606
Q8ND07	BBOF1	9606
Q8ND23	CARMIL3	9606
Q8ND24	RNF214	9606
Q8ND25	ZNRF1	9606
Q8ND30	PPFIBP2	9606
Q8ND56	LSM14A	9606
Q8ND61	C3orf20	9606
Q8ND71	GIMAP8	9606
Q8ND76	CCNY	9606
Q8ND82	ZNF280C	9606
Q8ND83	SLAIN1	9606
Q8ND90	PNMA1	9606
Q8ND94	LRRN4CL	9606
Q8NDA2	HMCN2	9606
Q8NDA8	MROH1	9606
Q8NDB2	BANK1	9606
Q8NDB6	FAM156A; FAM156B	9606
Q8NDC0	MAPK1IP1L	9606
Q8NDC4	MORN4	9606
Q8NDD1	FSAF1	9606
Q8NDF8	TENT4B	9606
Q8NDG6	TDRD9	9606
Q8NDH2	LRTM3	9606
Q8NDH3	NPEPL1	9606
Q8NDH6	ICA1L	9606
Q8NDI1	EHBP1	9606
Q8NDL9	AGBL5	9606
Q8NDM7	CFAP43	9606
Q8NDN9	RCBTB1	9606
Q8NDP4	ZNF439	9606
Q8NDQ6	ZNF540	9606
Q8NDT2	RBM15B	9606
Q8NDV1	ST6GALNAC3	9606
Q8NDV2	GPR26	9606
Q8NDV3	SMC1B	9606
Q8NDV7	TNRC6A	9606
Q8NDW4	ZNF248	9606
Q8NDW8	TTC21A	9606
Q8NDX1	PSD4	9606
Q8NDX2	SLC17A8	9606
Q8NDX5	PHC3	9606
Q8NDX6	ZNF740	9606
Q8NDX9	LY6G5B	9606
Q8NDY3	ADPRHL1	9606
Q8NDY4	MDS2	9606
Q8NDY6	BHLHE23	9606
Q8NDY8	TMEM52	9606
Q8NDZ0	BEND2	9606
Q8NDZ2	SIMC1	9606
Q8NDZ4	DIPK2A	9606
Q8NDZ6	TMEM161B	9606
Q8NE00	SLC38A12	9606
Q8NE01	CNNM3	9606
Q8NE09	RGS22	9606
Q8NE18	NSUN7	9606
Q8NE22	SETD9	9606
Q8NE28	STKLD1	9606
Q8NE31	FAM13C	9606
Q8NE35	CPEB3	9606
Q8NE62	CHDH	9606
Q8NE63	HIPK4	9606
Q8NE65	ZNF738	9606
Q8NE71	ABCF1	9606
Q8NE79	POPDC1	9606
Q8NE86	MCU	9606
Q8NEA4	FBXO36	9606
Q8NEA5	C19orf18	9606
Q8NEA6	GLIS3	9606
Q8NEA9	GMCL2	9606
Q8NEB5	PLPP5	9606
Q8NEB7	ACRBP	9606
Q8NEB9	PIK3C3	9606
Q8NEC5	CATSPER1	9606
Q8NEC7	GSTCD	9606
Q8NEE0	KLHL30-AS1	9606
Q8NEE6	FBXL13	9606
Q8NEE8	TTC16	9606
Q8NEF3	CCDC112	9606
Q8NEF9	SRFBP1	9606
Q8NEG0	GARIN6	9606
Q8NEG2	C7orf57	9606
Q8NEG4	FAM83F	9606
Q8NEG5	ZSWIM2	9606
Q8NEG7	DENND6B	9606
Q8NEH6	MNS1	9606
Q8NEJ0	DUSP18	9606
Q8NEJ9	NGDN	9606
Q8NEK5	ZNF548	9606
Q8NEK8	TENT5D	9606
Q8NEL0	CCDC54	9606
Q8NEL9	DDHD1	9606
Q8NEM0	MCPH1	9606
Q8NEM1	ZNF680	9606
Q8NEM2	SHCBP1	9606
Q8NEM7	SUPT20H	9606
Q8NEM8	AGBL3	9606
Q8NEN0	ARMC2	9606
Q8NEN9	PDZD8	9606
Q8NEP3	DNAAF1	9606
Q8NEP7	KLHDC9	9606
Q8NEP9	ZNF555	9606
Q8NEQ5	C1orf162	9606
Q8NEQ6	SRARP	9606
Q8NER1	TRPV1	9606
Q8NER5	ACVR1C	9606
Q8NES3	LFNG	9606
Q8NES8	DEFB124	9606
Q8NET1	DEFB108B	9606
Q8NET4	RTL9	9606
Q8NET5	NFAM1	9606
Q8NET6	CHST13	9606
Q8NET8	TRPV3	9606
Q8NEU8	APPL2	9606
Q8NEV1	CSNK2A3	9606
Q8NEV4	MYO3A	9606
Q8NEV8	EXPH5	9606
Q8NEV9	IL27	9606
Q8NEW0	SLC30A7	9606
Q8NEW7	TMIE	9606
Q8NEX5	WFDC9	9606
Q8NEX6	WFDC11	9606
Q8NEX9	SDR9C7	9606
Q8NEY1	NAV1	9606
Q8NEY3	SPATA4	9606
Q8NEY4	ATP6V1C2	9606
Q8NEY8	PPHLN1	9606
Q8NEZ2	VPS37A	9606
Q8NEZ3	WDR19	9606
Q8NEZ4	KMT2C	9606
Q8NEZ5	FBXO22	9606
Q8NF37	LPCAT1	9606
Q8NF50	DOCK8	9606
Q8NF64	ZMIZ2	9606
Q8NF67	ANKRD20A12P	9606
Q8NF86	PRSS33	9606
Q8NF91	SYNE1	9606
Q8NF99	ZNF397	9606
Q8NFA0	USP32	9606
Q8NFA2	NOXO1	9606
Q8NFB2	TMEM185A	9606
Q8NFC6	BOD1L1	9606
Q8NFD2	ANKK1	9606
Q8NFD5	ARID1B	9606
Q8NFF2	SLC24A4	9606
Q8NFF5	FLAD1	9606
Q8NFG4	FLCN	9606
Q8NFH3	NUP43	9606
Q8NFH4	NUP37	9606
Q8NFH5	NUP35	9606
Q8NFH8	REPS2	9606
Q8NFI3	ENGASE	9606
Q8NFI4	ST13P5	9606
Q8NFJ5	GPRC5A	9606
Q8NFJ6	PROKR2	9606
Q8NFJ8	BHLHE22	9606
Q8NFJ9	BBS1	9606
Q8NFK1	GJC3	9606
Q8NFL0	B3GNT7	9606
Q8NFM4	ADCY4	9606
Q8NFM7	IL17RD	9606
Q8NFN8	GPR156	9606
Q8NFP0	PXT1	9606
Q8NFP4	MDGA1	9606
Q8NFP7	NUDT10	9606
Q8NFP9	NBEA	9606
Q8NFQ5	BPIFB6	9606
Q8NFQ6	BPIFC	9606
Q8NFQ8	TOR1AIP2	9606
Q8NFR3	SPTSSB	9606
Q8NFR7	CCDC148	9606
Q8NFR9	IL17RE	9606
Q8NFT2	STEAP2	9606
Q8NFT6	DBF4B	9606
Q8NFT8	DNER	9606
Q8NFU0	BEST4	9606
Q8NFU1	BEST2	9606
Q8NFU3	TSTD1	9606
Q8NFU4	FDCSP	9606
Q8NFU5	IPMK	9606
Q8NFU7	TET1	9606
Q8NFV4	ABHD11	9606
Q8NFV5	SPDYE1	9606
Q8NFW1	COL22A1	9606
Q8NFW5	DMBX1	9606
Q8NFW8	CMAS	9606
Q8NFW9	MYRIP	9606
Q8NFX7	STXBP6	9606
Q8NFY4	SEMA6D	9606
Q8NFY9	KBTBD8	9606
Q8NFZ0	FBH1	9606
Q8NFZ3	NLGN4Y	9606
Q8NFZ4	NLGN2	9606
Q8NFZ5	TNIP2	9606
Q8NFZ6	VN1R2	9606
Q8NFZ8	CADM4	9606
Q8NG04	SLC26A10P	9606
Q8NG06	TRIM58	9606
Q8NG08	HELB	9606
Q8NG11	TSPAN14	9606
Q8NG27	PJA1	9606
Q8NG31	KNL1	9606
Q8NG35	DEFB105A; DEFB105B	9606
Q8NG41	NPB	9606
Q8NG48	LINS1	9606
Q8NG50	RDM1	9606
Q8NG66	NEK11	9606
Q8NG68	TTL	9606
Q8NG75	OR5T1	9606
Q8NG76	OR2T33	9606
Q8NG77	OR2T12	9606
Q8NG78	OR8G5	9606
Q8NG80	OR2L5	9606
Q8NG81	OR2M7	9606
Q8NG83	OR2M3	9606
Q8NG84	OR2AK2	9606
Q8NG85	OR2L3	9606
Q8NG92	OR13H1	9606
Q8NG94	OR11H1	9606
Q8NG95	OR7G3	9606
Q8NG97	OR2Z1	9606
Q8NG98	OR7D4	9606
Q8NG99	OR7G2	9606
Q8NGA0	OR7G1	9606
Q8NGA1	OR1M1	9606
Q8NGA2	OR7A2P	9606
Q8NGA4	GPR32P1	9606
Q8NGA5	OR10H4	9606
Q8NGA6	OR10H5	9606
Q8NGA8	OR4F17	9606
Q8NGB2	OR4C5	9606
Q8NGB4	OR4S1	9606
Q8NGB6	OR4M2	9606
Q8NGB8	OR4F15	9606
Q8NGB9	OR4F6	9606
Q8NGC0	OR5AU1	9606
Q8NGC1	OR11G2	9606
Q8NGC2	OR4E2	9606
Q8NGC3	OR10G2	9606
Q8NGC4	OR10G3	9606
Q8NGC5	OR6J1	9606
Q8NGC6	OR4K17	9606
Q8NGC7	OR11H6	9606
Q8NGC8	OR11H7	9606
Q8NGC9	OR11H4	9606
Q8NGD0	OR4M1	9606
Q8NGD1	OR4N2	9606
Q8NGD2	OR4K2	9606
Q8NGD3	OR4K5	9606
Q8NGD4	OR4K1	9606
Q8NGD5	OR4K14	9606
Q8NGE0	OR10AD1	9606
Q8NGE1	OR6C4	9606
Q8NGE2	OR2AP1	9606
Q8NGE3	OR10P1	9606
Q8NGE5	OR10A7	9606
Q8NGE7	OR9K2	9606
Q8NGE8	OR4D9	9606
Q8NGE9	OR9Q2	9606
Q8NGF0	OR52B6	9606
Q8NGF1	OR52R1	9606
Q8NGF3	OR51D1	9606
Q8NGF4	OR5AP2	9606
Q8NGF6	OR10W1	9606
Q8NGF7	OR5B17	9606
Q8NGF8	OR4B1	9606
Q8NGF9	OR4X2	9606
Q8NGG0	OR8J3	9606
Q8NGG1	OR8J2	9606
Q8NGG2	OR5T2	9606
Q8NGG3	OR5T3	9606
Q8NGG4	OR8H1	9606
Q8NGG5	OR8K1	9606
Q8NGG6	OR8B12	9606
Q8NGG7	OR8A1	9606
Q8NGG8	OR8B3	9606
Q8NGH3	OR2D3	9606
Q8NGH5	OR56A1	9606
Q8NGH6	OR52L2P	9606
Q8NGH7	OR52L1	9606
Q8NGH8	OR56A4	9606
Q8NGH9	OR52E4	9606
Q8NGI0	OR52N2	9606
Q8NGI1	OR56B2	9606
Q8NGI2	OR52N4	9606
Q8NGI3	OR56B1	9606
Q8NGI4	OR4D11	9606
Q8NGI6	OR4D10	9606
Q8NGI7	OR10V1	9606
Q8NGI8	OR5AN1	9606
Q8NGI9	OR5A2	9606
Q8NGJ0	OR5A1	9606
Q8NGJ1	OR4D6	9606
Q8NGJ2	OR52H1	9606
Q8NGJ3	OR52E1	9606
Q8NGJ4	OR52E2	9606
Q8NGJ5	OR51L1	9606
Q8NGJ6	OR51A4	9606
Q8NGJ7	OR51A2	9606
Q8NGJ8	OR51S1	9606
Q8NGJ9	OR51T1	9606
Q8NGK0	OR51G2	9606
Q8NGK1	OR51G1	9606
Q8NGK2	OR52B4	9606
Q8NGK3	OR52K2	9606
Q8NGK4	OR52K1	9606
Q8NGK5	OR52M1	9606
Q8NGK6	OR52I1	9606
Q8NGK9	OR5D16	9606
Q8NGL0	OR5L2	9606
Q8NGL1	OR5D18	9606
Q8NGL2	OR5L1	9606
Q8NGL3	OR5D14	9606
Q8NGL4	OR5D13	9606
Q8NGL6	OR4A15	9606
Q8NGL7	OR4P4	9606
Q8NGL9	OR4C16	9606
Q8NGM1	OR4C15	9606
Q8NGM8	OR6M1	9606
Q8NGM9	OR8D4	9606
Q8NGN0	OR4D5	9606
Q8NGN1	OR6T1	9606
Q8NGN2	OR10S1	9606
Q8NGN3	OR10G4	9606
Q8NGN4	OR10G9	9606
Q8NGN5	OR10G8	9606
Q8NGN6	OR10G7	9606
Q8NGN7	OR10D4P	9606
Q8NGN8	OR4A4P	9606
Q8NGP0	OR4C13	9606
Q8NGP2	OR8J1	9606
Q8NGP3	OR5M9	9606
Q8NGP4	OR5M3	9606
Q8NGP6	OR5M8	9606
Q8NGP8	OR5M1	9606
Q8NGP9	OR5AR1	9606
Q8NGQ1	OR9G4	9606
Q8NGQ2	OR6Q1	9606
Q8NGQ3	OR1S2	9606
Q8NGQ4	OR10Q1	9606
Q8NGQ5	OR9Q1	9606
Q8NGQ6	OR9I1	9606
Q8NGR1	OR13A1	9606
Q8NGR2	OR1L6	9606
Q8NGR3	OR1K1	9606
Q8NGR4	OR5C1	9606
Q8NGR5	OR1L4	9606
Q8NGR6	OR1B1	9606
Q8NGR8	OR1L8	9606
Q8NGR9	OR1N2	9606
Q8NGS0	OR1N1	9606
Q8NGS1	OR1J4	9606
Q8NGS2	OR1J2	9606
Q8NGS3	OR1J1	9606
Q8NGS4	OR13F1	9606
Q8NGS5	OR13C4	9606
Q8NGS6	OR13C3	9606
Q8NGS7	OR13C8	9606
Q8NGS8	OR13C5	9606
Q8NGS9	OR13C2	9606
Q8NGT0	OR13C9	9606
Q8NGT1	OR2K2	9606
Q8NGT2	OR13J1	9606
Q8NGT5	OR9A2	9606
Q8NGT7	OR2A12	9606
Q8NGT9	OR2A1; OR2A42	9606
Q8NGU1	OR9A1P	9606
Q8NGU2	OR9A4	9606
Q8NGU4	OR2I1	9606
Q8NGU9	GPR150	9606
Q8NGV0	OR2Y1	9606
Q8NGV5	OR13D1	9606
Q8NGV6	OR5H6	9606
Q8NGV7	OR5H2	9606
Q8NGW1	OR6B3	9606
Q8NGW6	OR6K6	9606
Q8NGX0	OR11L1	9606
Q8NGX1	OR2T34	9606
Q8NGX2	OR2T35	9606
Q8NGX3	OR10T2	9606
Q8NGX5	OR10K1	9606
Q8NGX6	OR10R2	9606
Q8NGX8	OR6Y1	9606
Q8NGX9	OR6P1	9606
Q8NGY0	OR10X1	9606
Q8NGY1	OR10Z1	9606
Q8NGY2	OR6K2	9606
Q8NGY3	OR6K3	9606
Q8NGY5	OR6N1	9606
Q8NGY6	OR6N2	9606
Q8NGY7	OR10J6P	9606
Q8NGY9	OR2L8	9606
Q8NGZ0	OR2AJ1	9606
Q8NGZ2	OR14K1	9606
Q8NGZ3	OR13G1	9606
Q8NGZ4	OR2G3	9606
Q8NGZ5	OR2G2	9606
Q8NGZ6	OR6F1	9606
Q8NGZ9	OR2T10	9606
Q8NH00	OR2T4	9606
Q8NH01	OR2T11	9606
Q8NH02	OR2T29	9606
Q8NH03	OR2T3	9606
Q8NH04	OR2T27	9606
Q8NH05	OR4Q3	9606
Q8NH06	OR1P1	9606
Q8NH07	OR11H2	9606
Q8NH08	OR10AC1	9606
Q8NH09	OR8S1	9606
Q8NH10	OR8U1	9606
Q8NH16	OR2L2	9606
Q8NH18	OR5J2	9606
Q8NH19	OR10AG1	9606
Q8NH21	OR4F5	9606
Q8NH37	OR4C3	9606
Q8NH40	OR6S1	9606
Q8NH41	OR4K15	9606
Q8NH42	OR4K13	9606
Q8NH43	OR4L1	9606
Q8NH48	OR5B3	9606
Q8NH49	OR4X1	9606
Q8NH50	OR8K5	9606
Q8NH51	OR8K3	9606
Q8NH53	OR52N1	9606
Q8NH54	OR56A3	9606
Q8NH55	OR52E5	9606
Q8NH56	OR52N5	9606
Q8NH57	OR52P1	9606
Q8NH59	OR51Q1	9606
Q8NH60	OR52J3	9606
Q8NH61	OR51F2	9606
Q8NH63	OR51H1	9606
Q8NH64	OR51A7	9606
Q8NH67	OR52I2	9606
Q8NH69	OR5W2	9606
Q8NH70	OR4A16	9606
Q8NH72	OR4C6	9606
Q8NH73	OR4S2	9606
Q8NH74	OR10A6	9606
Q8NH76	OR56B4	9606
Q8NH79	OR6X1	9606
Q8NH80	OR10D3	9606
Q8NH81	OR10G6	9606
Q8NH83	OR4A5	9606
Q8NH85	OR8U3	9606
Q8NH87	OR9G1	9606
Q8NH89	OR5AK3P	9606
Q8NH90	OR5AK2	9606
Q8NH92	OR1S1	9606
Q8NH93	OR1L3	9606
Q8NH94	OR1L1	9606
Q8NH95	OR13C6P	9606
Q8NHA4	OR2AE1	9606
Q8NHA6	OR2W6P	9606
Q8NHA8	OR1F12P	9606
Q8NHB1	OR2V1	9606
Q8NHB7	OR5K1	9606
Q8NHB8	OR5K2	9606
Q8NHC4	OR10J5	9606
Q8NHC5	OR14A16	9606
Q8NHC6	OR14L1	9606
Q8NHC7	OR14C36	9606
Q8NHC8	OR2T6	9606
Q8NHE4	ATP6V0E2	9606
Q8NHG7	SVIP	9606
Q8NHG8	ZNRF2	9606
Q8NHH1	TTLL11	9606
Q8NHH9	ATL2	9606
Q8NHJ6	LILRB4	9606
Q8NHK3	KIR2DL5B	9606
Q8NHL6	LILRB1	9606
Q8NHM4	PRSS3P2	9606
Q8NHM5	KDM2B	9606
Q8NHP1	AKR7L	9606
Q8NHP6	MOSPD2	9606
Q8NHP7	EXD1	9606
Q8NHP8	PLBD2	9606
Q8NHQ1	CEP70	9606
Q8NHQ8	RASSF8	9606
Q8NHQ9	DDX55	9606
Q8NHR7	TERB2	9606
Q8NHR9	PFN4	9606
Q8NHS0	DNAJB8	9606
Q8NHS1	CLDND2	9606
Q8NHS2	GOT1L1	9606
Q8NHS3	MFSD8	9606
Q8NHS4	CLHC1	9606
Q8NHS9	SPATA22	9606
Q8NHU0	CT45A3	9606
Q8NHU2	CFAP61	9606
Q8NHU3	SGMS2	9606
Q8NHU6	TDRD7	9606
Q8NHV1	GIMAP7	9606
Q8NHV4	NEDD1	9606
Q8NHV5	MOSMO	9606
Q8NHV9	RHOXF1	9606
Q8NHW3	MAFA	9606
Q8NHW4	CCL4L1; CCL4L2	9606
Q8NHW5	RPLP0P6	9606
Q8NHW6	OTOS	9606
Q8NHX4	SPATA3	9606
Q8NHX9	TPCN2	9606
Q8NHY0	B4GALNT2	9606
Q8NHY2	COP1	9606
Q8NHY3	GAS2L2	9606
Q8NHY5	HUS1B	9606
Q8NHY6	ZFP28	9606
Q8NHZ7	MBD3L2	9606
Q8NHZ8	CDC26	9606
Q8NI08	NCOA7	9606
Q8NI17	IL31RA	9606
Q8NI22	MCFD2	9606
Q8NI27	THOC2	9606
Q8NI28	RNF32-DT	9606
Q8NI29	FBXO27	9606
Q8NI32	LYPD6B	9606
Q8NI35	PATJ	9606
Q8NI36	WDR36	9606
Q8NI37	PPTC7	9606
Q8NI38	NFKBID	9606
Q8NI51	CTCFL	9606
Q8NI60	COQ8A	9606
Q8NI77	KIF18A	9606
Q8NI99	ANGPTL6	9606
Q8QZR0	Tram1l1	10090
Q8QZR1	Tat	10090
Q8QZR3	Ces2a	10090
Q8QZR4	Oaf	10090
Q8QZR5	Gpt	10090
Q8QZR7	Pdik1l	10090
Q8QZR8	Ccnq	10090
Q8QZS1	Hibch	10090
Q8QZS3	Flcn	10090
Q8QZS5	Rnf183	10090
Q8QZT1	Acat1	10090
Q8QZT2	Ccsap	10090
Q8QZT4	Crb3	10090
Q8QZV0	Dedd2	10090
Q8QZV2	Shisa2	10090
Q8QZV4	Stk32c	10090
Q8QZV6	Fam161a	10090
Q8QZV7	IntS13	10090
Q8QZW2	Fev	10090
Q8QZW3	Fam151a	10090
Q8QZW7	Gabrp	10090
Q8QZX0	Sbk1	10090
Q8QZX2	Haus3	10090
Q8QZX5	Lsm10	10090
Q8QZY1	Eif3l	10090
Q8QZY2	Glyctk	10090
Q8QZY3	Dppa3	10090
Q8QZY4	Rtbdn	10090
Q8QZY6	Tspan14	10090
Q8QZY9	Sf3b4	10090
Q8QZZ7	Tprkb	10090
Q8QZZ8	Rab38	10090
Q8R000	Slc51a	10090
Q8R001	Mapre2	10090
Q8R003	Mbnl3	10090
Q8R007	Nectin4	10090
Q8R010	Aimp2	10090
Q8R015	Bloc1s5	10090
Q8R016	Blmh	10090
Q8R023	Pcgf1	10090
Q8R033	Lyrm2	10090
Q8R034	Anapc13	10090
Q8R035	Mrpl58	10090
Q8R040	Rpp21	10090
Q8R043	Smim29	10090
Q8R050	Gspt1	10090
Q8R054	Srpx2	10090
Q8R059	Gale	10090
Q8R060	Zwilch	10090
Q8R066	C1qtnf4	10090
Q8R070	Slc37a1	10090
Q8R071	Itpka	10090
Q8R079	Bfar	10090
Q8R080	Gtse1	10090
Q8R081	Hnrnpl	10090
Q8R086	Suox	10090
Q8R087	B4galt7	10090
Q8R088	Golph3l	10090
Q8R089	Fbrs	10090
Q8R090	Slc18a1	10090
Q8R092	Ltap1	10090
Q8R0A0	Gtf2f2	10090
Q8R0A2	Zbtb44	10090
Q8R0A5	Tceal3	10090
Q8R0A6	Vstm2a	10090
Q8R0A7	Kiaa0513	10090
Q8R0C0	Polr3gl	10090
Q8R0C3	Slc26a8	10090
Q8R0E5	Polr1has	10090
Q8R0F3	Sumf1	10090
Q8R0F5	Rbmx2	10090
Q8R0F6	Ilkap	10090
Q8R0F8	Fahd1	10090
Q8R0F9	Sec14l4	10090
Q8R0G7	Spns1	10090
Q8R0G9	Nup133	10090
Q8R0H9	Gga1	10090
Q8R0I0	Ace2	10090
Q8R0I4	Tm2d2	10090
Q8R0J1	Plekhg6	10090
Q8R0J4	Tmem134	10090
Q8R0J7	Vps37b	10090
Q8R0J8	Idnk	10090
Q8R0K2	Trim31	10090
Q8R0K4	Ccdc137	10090
Q8R0K9	E2f4	10090
Q8R0L1	Stap2	10090
Q8R0L9	Tada3	10090
Q8R0M8	Slc16a4	10090
Q8R0N6	Adhfe1	10090
Q8R0N9	Zdhhc1	10090
Q8R0P4	Aamdc	10090
Q8R0P8	Abhd8	10090
Q8R0S1	Atf7	10090
Q8R0S2	Iqsec1	10090
Q8R0S4	Cacnb4	10090
Q8R0S6	Wfikkn1	10090
Q8R0S9	Slc22a22	10090
Q8R0T2	Znf768	10090
Q8R0T6	Adgrg3	10090
Q8R0V5	Ido2	10090
Q8R0W0	Eppk1	10090
Q8R0W1	Cipc	10090
Q8R0W5	Ces4a	10090
Q8R0W6	Ndfip1	10090
Q8R0X2	Cacul1	10090
Q8R0X7	Sgpl1	10090
Q8R0Y6	Aldh1l1	10090
Q8R0Y8	Slc25a42	10090
Q8R0Z2	Enox2	10090
Q8R0Z5	Slc25a28	10090
Q8R0Z6	Angptl6	10090
Q8R100	Calhm5	10090
Q8R104	Sirt3	10090
Q8R105	Vps37c	10090
Q8R107	Prelid1	10090
Q8R115	Tmem82	10090
Q8R116	Notum	10090
Q8R121	Serpina10	10090
Q8R123	Flad1	10090
Q8R124	Klhl36	10090
Q8R127	Sccpdh	10090
Q8R138	Tmem119	10090
Q8R139	Slc29a4	10090
Q8R143	Pttg1ip	10090
Q8R146	Apeh	10090
Q8R149	Bud13	10090
Q8R151	Znfx1	10090
Q8R164	Bphl	10090
Q8R173	Zdhhc3	10090
Q8R179	Kbtbd4	10090
Q8R180	Ero1a	10090
Q8R182	Prrg2	10090
Q8R183	Timd2	10090
Q8R184	Fam110a	10090
Q8R189	Mmd2	10090
Q8R191	Syngr3	10090
Q8R197	Olah	10090
Q8R1A4	Dock7	10090
Q8R1B0	Stac2	10090
Q8R1B4	Eif3c	10090
Q8R1B5	Cplx3	10090
Q8R1B8	Rorb	10090
Q8R1C0	Kcnc4	10090
Q8R1C3	Vopp1	10090
Q8R1C6	Mettl22	10090
Q8R1C9	Apbb3	10090
Q8R1D1	Znf426	10090
Q8R1E7	Tmem234	10090
Q8R1F0	D8Ertd738e	10090
Q8R1F1	Niban2	10090
Q8R1F5	Hyi	10090
Q8R1F6	Hid1	10090
Q8R1F9	Rpp40	10090
Q8R1G1	Tasp1	10090
Q8R1G2	Cmbl	10090
Q8R1G6	Pdlim2	10090
Q8R1H0	Hopx	10090
Q8R1H8	Batf2	10090
Q8R1I1	Uqcr10	10090
Q8R1I2	Grp	10090
Q8R1J1	Tm6sf2	10090
Q8R1J3	Zcchc9	10090
Q8R1J9	Tor2a	10090
Q8R1K1	Ubac2	10090
Q8R1K4	Phykpl	10090
Q8R1L4	Kdelr3	10090
Q8R1L8	Angptl8	10090
Q8R1M0	Hmces	10090
Q8R1M2	H2aj	10090
Q8R1M8	Mptx1	10090
Q8R1N0	Znf830	10090
Q8R1N4	Nudcd3	10090
Q8R1P4	Atg10	10090
Q8R1P5	Kcnk13	10090
Q8R1Q0	Stx19	10090
Q8R1Q3	Angptl7	10090
Q8R1Q8	Dync1li1	10090
Q8R1Q9	Rbks	10090
Q8R1R3	Stard7	10090
Q8R1R4	Il34	10090
Q8R1S0	Coq6	10090
Q8R1S4	Mtss1	10090
Q8R1S9	Slc38a4	10090
Q8R1T1	Chmp7	10090
Q8R1T4	Slc35a3	10090
Q8R1U1	Cog4	10090
Q8R1U2	Cgref1	10090
Q8R1V4	Tmed4	10090
Q8R1W2	Gsg1	10090
Q8R1W8	Impg1	10090
Q8R1X6	Spart	10090
Q8R1Y2	Bmerb1	10090
Q8R1Z4	Ppp1r42	10090
Q8R1Z9	Rnf121	10090
Q8R205	Zc3h10	10090
Q8R207	Sptssa	10090
Q8R216	Sirt4	10090
Q8R218	Tmem150b	10090
Q8R235	Tmem203	10090
Q8R238	Sdsl	10090
Q8R239	Tmem268	10090
Q8R242	Ctbs	10090
Q8R2E6	V1ra11	10090
Q8R2E9	Ero1b	10090
Q8R2F2	Degs2	10090
Q8R2G4	Art3	10090
Q8R2G6	Ccdc80	10090
Q8R2H9	Phospho1	10090
Q8R2I0	Foxe1	10090
Q8R2I3	Defb35	10090
Q8R2I4	Defb13	10090
Q8R2I5	Defb15	10090
Q8R2I6	Defb9	10090
Q8R2I7	Defb11	10090
Q8R2I8	Defb10	10090
Q8R2K1	Fuom	10090
Q8R2K4	Taf6l	10090
Q8R2K7	Snapc5	10090
Q8R2L5	Mrps18c	10090
Q8R2M0	Tceanc2	10090
Q8R2M2	Dnttip2	10090
Q8R2N0	Ccdc59	10090
Q8R2N1	Aqp3	10090
Q8R2N2	Utp4	10090
Q8R2P1	Klhl25	10090
Q8R2Q0	Trim29	10090
Q8R2Q4	Gfm2	10090
Q8R2Q6	Tctn3	10090
Q8R2Q8	Bst2	10090
Q8R2R1	Pomt1	10090
Q8R2R3	Aagab	10090
Q8R2R5	Lrrc61	10090
Q8R2R6	Mtg1	10090
Q8R2R9	Ap3m2	10090
Q8R2S1	Rps6kl1	10090
Q8R2S8	Cd177	10090
Q8R2S9	Actr8	10090
Q8R2T8	Gtf3c5	10090
Q8R2U0	Seh1l	10090
Q8R2U2	Rmp64	10090
Q8R2U4	Ntmt1	10090
Q8R2U6	Nudt4	10090
Q8R2U7	Lrrc42	10090
Q8R2V2	Iffo2	10090
Q8R2V3	Znf445	10090
Q8R2V5	Adap2	10090
Q8R2W9	Pank3	10090
Q8R2X8	Blzf1	10090
Q8R2Y0	Abhd6	10090
Q8R2Y2	Mcam	10090
Q8R2Y3	Dolk	10090
Q8R2Y8	Ptrh2	10090
Q8R2Y9	Nabp2	10090
Q8R2Z0	C1qtnf12	10090
Q8R2Z3	Slc26a7	10090
Q8R2Z5	Vwa1	10090
Q8R307	Vps18	10090
Q8R310	Tmcc3	10090
Q8R313	Exoc6	10090
Q8R314	Slc35f5	10090
Q8R316	Hbp1	10090
Q8R317	Ubqln1	10090
Q8R322	Gle1	10090
Q8R323	Rfc3	10090
Q8R326	Pspc1	10090
Q8R331	Znhit1	10090
Q8R332	Nup58	10090
Q8R344	Ccdc12	10090
Q8R349	Cdc16	10090
Q8R361	Rab11fip5	10090
Q8R366	Igsf8	10090
Q8R367	Rerg	10090
Q8R368	Dnaaf4	10090
Q8R370	Ushbp1	10090
Q8R373	Clmp	10090
Q8R395	Commd5	10090
Q8R3A2	Cdpf1	10090
Q8R3B1	Plcd1	10090
Q8R3B7	Brd8	10090
Q8R3C0	Mcmbp	10090
Q8R3C6	Rbm19	10090
Q8R3D1	Tbc1d13	10090
Q8R3E3	Wipi1	10090
Q8R3F5	Mcat	10090
Q8R3F9	Tut1	10090
Q8R3G1	Ppp1r8	10090
Q8R3G9	Tspan8	10090
Q8R3H7	Hs2st1	10090
Q8R3H9	Ttc4	10090
Q8R3I2	Mboat2	10090
Q8R3I3	Cog6	10090
Q8R3I9	B3gnt8	10090
Q8R3J4	Mterf3	10090
Q8R3J5	Chac1	10090
Q8R3K3	Ptcd2	10090
Q8R3L0	Mmgt2	10090
Q8R3L2	Tcf25	10090
Q8R3L5	Slco3a1	10090
Q8R3L8	Cdk8	10090
Q8R3N1	Nop14	10090
Q8R3N2	Mfsd6l	10090
Q8R3N6	Thoc1	10090
Q8R3P0	Aspa	10090
Q8R3P2	Dtx2	10090
Q8R3P6	Ints14	10090
Q8R3P7	Cluap1	10090
Q8R3P9	Slf1	10090
Q8R3Q0	Saraf	10090
Q8R3Q2	Ppp6r2	10090
Q8R3Q6	Mix23	10090
Q8R3R5	Tmem185b	10090
Q8R3R8	Gabarapl1	10090
Q8R3S2	Tspan33	10090
Q8R3S6	Exoc1	10090
Q8R3T5	Stxbp6	10090
Q8R3U1	Plaat3	10090
Q8R3V5	Sh3glb2	10090
Q8R3V6	Cuedc1	10090
Q8R3W5	Tsen15	10090
Q8R3W7	Agr3	10090
Q8R3Y8	Irf2bp1	10090
Q8R3Z5	Cacnb1	10090
Q8R400	Adig	10090
Q8R404	Micos13	10090
Q8R409	Hexim1	10090
Q8R411	Myct1	10090
Q8R412	Ifi27l2a	10090
Q8R418	Dicer1	10090
Q8R420	Abca3	10090
Q8R422	Cd109	10090
Q8R429	Atp2a1	10090
Q8R448	Otos	10090
Q8R459	Il1f10	10090
Q8R460	Il36g	10090
Q8R464	Cadm4	10090
Q8R480	Nup85	10090
Q8R493	Chrnb4	10090
Q8R4A3	Dact1	10090
Q8R4B8	Nlrp3	10090
Q8R4C2	Rufy2	10090
Q8R4D1	Slc9a8	10090
Q8R4D5	Trpm8	10090
Q8R4E4	Myoz3	10090
Q8R4E6	Purg	10090
Q8R4E9	Cdt1	10090
Q8R4F0	Mcoln3	10090
Q8R4F1	Ntng2	10090
Q8R4G0	Ntng1	10090
Q8R4G6	Mgat5	10090
Q8R4G9	Chrna3	10090
Q8R4H2	Arhgef12	10090
Q8R4H4	Cpa5	10090
Q8R4H7	Nags	10090
Q8R4H9	Slc30a5	10090
Q8R4I1	Atxn7	10090
Q8R4I4	Gtf2a1l	10090
Q8R4I7	Neto1	10090
Q8R4K2	Irak4	10090
Q8R4K8	Pappa	10090
Q8R4L0	Sla2	10090
Q8R4N0	Clybl	10090
Q8R4P4	Tmc2	10090
Q8R4P5	Tmc1	10090
Q8R4P9	Abcc10	10090
Q8R4R6	Nup35	10090
Q8R4S0	Ppp1r14c	10090
Q8R4T1	Cys1	10090
Q8R4T9	Slc14a2	10090
Q8R4U0	Stab2	10090
Q8R4U1	Mypop	10090
Q8R4U6	Top1mt	10090
Q8R4U7	Luzp1	10090
Q8R4V1	Nfam1	10090
Q8R4V2	Dusp15	10090
Q8R4V4	Cpz	10090
Q8R4V5	Oit3	10090
Q8R4W6	Pcolce2	10090
Q8R4X1	Acer1	10090
Q8R4X3	Rbm12	10090
Q8R4Y0	Fcrl1	10090
Q8R4Y4	Stab1	10090
Q8R4Y8	Rttn	10090
Q8R4Z4	Etv3	10090
Q8R502	Lrrc8c	10090
Q8R507	Fktn	10090
Q8R516	Mib2	10090
Q8R519	Acmsd	10090
Q8R526	Pkd1l1	10090
Q8R527	Rhoq	10090
Q8R534	Adam1b	10090
Q8R550	Sh3kbp1	10090
Q8R554	Otud7a	10090
Q8R555	Crtac1	10090
Q8R570	Snap47	10090
Q8R574	Prpsap2	10090
Q8R5A0	Smyd2	10090
Q8R5A3	Apbb1ip	10090
Q8R5A6	Tbc1d22a	10090
Q8R5B6	Spsb4	10090
Q8R5C5	Actr1b	10090
Q8R5C8	Zmynd11	10090
Q8R5F3	Oard1	10090
Q8R5F7	Ifih1	10090
Q8R5F8	Eps8l1	10090
Q8R5G7	Arap3	10090
Q8R5H1	Usp15	10090
Q8R5H6	Wasf1	10090
Q8R5I6	Gstm4	10090
Q8R5J9	Arl6ip5	10090
Q8R5K2	Usp33	10090
Q8R5K4	Nol6	10090
Q8R5L3	Vps39	10090
Q8R5M0	Gipc3	10090
Q8R5M2	Wnt9a	10090
Q8R5M8	Cadm1	10090
Q8TA86	RP9	9606
Q8TA94	ZNF563	9606
Q8TAA1	RNASE11	9606
Q8TAA3	PSMA8	9606
Q8TAA5	GRPEL2	9606
Q8TAA9	VANGL1	9606
Q8TAB3	PCDH19	9606
Q8TAB5	C1orf216	9606
Q8TAC1	RFESD	9606
Q8TAC2	JOSD2	9606
Q8TAC9	SCAMP5	9606
Q8TAD2	IL17D	9606
Q8TAD4	SLC30A5	9606
Q8TAD7	OCC1	9606
Q8TAD8	SNIP1	9606
Q8TAE6	PPP1R14C	9606
Q8TAE7	KCNG3	9606
Q8TAE8	GADD45GIP1	9606
Q8TAF3	WDR48	9606
Q8TAF5	FLVCR1-DT	9606
Q8TAF7	ZNF461	9606
Q8TAF8	LHFPL5	9606
Q8TAG5	VSTM2A	9606
Q8TAG6	VXN	9606
Q8TAG9	EXOC6	9606
Q8TAI1	TYMSOS	9606
Q8TAI7	RHEBL1	9606
Q8TAK5	GABPB2	9606
Q8TAK6	OLIG1	9606
Q8TAL5	C9orf43	9606
Q8TAL6	FIBIN	9606
Q8TAM1	BBS10	9606
Q8TAM2	TTC8	9606
Q8TAM6	ERMN	9606
Q8TAP4	LMO3	9606
Q8TAP6	CEP76	9606
Q8TAP8	PPP1R35	9606
Q8TAP9	MPLKIP	9606
Q8TAQ2	SMARCC2	9606
Q8TAQ5	ZNF420	9606
Q8TAQ9	SUN3	9606
Q8TAS1	UHMK1	9606
Q8TAT2	FGFBP3	9606
Q8TAT5	NEIL3	9606
Q8TAT6	NPLOC4	9606
Q8TAU0	NKX2-3	9606
Q8TAU3	ZNF417	9606
Q8TAV0	FAM76A	9606
Q8TAV3	CYP2W1	9606
Q8TAV4	STOML3	9606
Q8TAV5	KCNJ5-AS1	9606
Q8TAW3	ZNF671	9606
Q8TAX0	OSR1	9606
Q8TAX7	MUC7	9606
Q8TAX9	GSDMB	9606
Q8TAY7	FAM110D	9606
Q8TAZ6	CMTM2	9606
Q8TB03	CXorf38	9606
Q8TB05	UBALD1	9606
Q8TB22	SPATA20	9606
Q8TB24	RIN3	9606
Q8TB33	LINC01560	9606
Q8TB36	GDAP1	9606
Q8TB37	NUBPL	9606
Q8TB40	ABHD4	9606
Q8TB45	DEPTOR	9606
Q8TB52	FBXO30	9606
Q8TB61	SLC35B2	9606
Q8TB68	PRR7	9606
Q8TB69	ZNF519	9606
Q8TB72	PUM2	9606
Q8TB73	NDNF	9606
Q8TB92	HMGCLL1	9606
Q8TB96	ITFG1	9606
Q8TBA6	GOLGA5	9606
Q8TBB0	THAP6	9606
Q8TBB1	LNX1	9606
Q8TBB5	KLHDC4	9606
Q8TBB6	SLC7A14	9606
Q8TBC3	SHKBP1	9606
Q8TBC4	UBA3	9606
Q8TBC5	ZSCAN18	9606
Q8TBE0	BAHD1	9606
Q8TBE1	CNIH3	9606
Q8TBE3	FNDC9	9606
Q8TBE7	SLC35G2	9606
Q8TBE9	NANP	9606
Q8TBF2	PRXL2B	9606
Q8TBF4	ZCRB1	9606
Q8TBF5	PIGX	9606
Q8TBF8	FAM81A	9606
Q8TBG4	ETNPPL	9606
Q8TBG9	SYNPR	9606
Q8TBH0	ARRDC2	9606
Q8TBJ4	PLPPR1	9606
Q8TBJ5	FEZF2	9606
Q8TBK2	SETD6	9606
Q8TBK6	ZCCHC10	9606
Q8TBM7	TMEM254	9606
Q8TBM8	DNAJB14	9606
Q8TBN0	RAB3IL1	9606
Q8TBP0	TBC1D16	9606
Q8TBP5	FAM174A	9606
Q8TBP6	SLC25A40	9606
Q8TBQ9	TMEM167A	9606
Q8TBR4	STAG3L4	9606
Q8TBR5	CIRBP-AS1	9606
Q8TBR7	TLCD3A	9606
Q8TBX8	PIP4K2C	9606
Q8TBY0	RBM46	9606
Q8TBY8	PMFBP1	9606
Q8TBY9	CFAP251	9606
Q8TBZ0	CCDC110	9606
Q8TBZ2	MYCBPAP	9606
Q8TBZ3	WDR20	9606
Q8TBZ5	ZNF502	9606
Q8TBZ6	TRMT10A	9606
Q8TBZ8	ZNF564	9606
Q8TBZ9	TEX47	9606
Q8TC05	SAXO6	9606
Q8TC07	TBC1D15	9606
Q8TC12	RDH11	9606
Q8TC17	GRAPL	9606
Q8TC20	CAGE1	9606
Q8TC21	ZNF596	9606
Q8TC26	TMEM163	9606
Q8TC27	ADAM32	9606
Q8TC29	ENKUR	9606
Q8TC36	SUN5	9606
Q8TC41	RNF217	9606
Q8TC44	POC1B	9606
Q8TC56	GARIN3	9606
Q8TC57	M1AP	9606
Q8TC59	PIWIL2	9606
Q8TC71	SPATA18	9606
Q8TC76	FAM110B	9606
Q8TC84	FANK1	9606
Q8TC90	CCER1	9606
Q8TC92	ENOX1	9606
Q8TC94	ACTL9	9606
Q8TC99	FNDC8	9606
Q8TCA0	LRRC20	9606
Q8TCB0	IFI44	9606
Q8TCB6	OR51E1	9606
Q8TCB7	METTL6	9606
Q8TCC3	MRPL30	9606
Q8TCC7	SLC22A8	9606
Q8TCD1	C18orf32	9606
Q8TCD5	NT5C	9606
Q8TCD6	PHOSPHO2	9606
Q8TCE6	DENND10	9606
Q8TCE9	LGALS14	9606
Q8TCF1	ZFAND1	9606
Q8TCG1	CIP2A	9606
Q8TCG2	PI4K2B	9606
Q8TCG5	CPT1C	9606
Q8TCI5	CIMAP3	9606
Q8TCJ0	FBXO25	9606
Q8TCJ2	STT3B	9606
Q8TCN5	ZNF507	9606
Q8TCP9	FAM200A	9606
Q8TCQ1	MARCHF1	9606
Q8TCS8	PNPT1	9606
Q8TCT0	CERK	9606
Q8TCT1	PHOSPHO1	9606
Q8TCT6	SPPL3	9606
Q8TCT7	SPPL2B	9606
Q8TCT8	SPPL2A	9606
Q8TCT9	HM13	9606
Q8TCU3	SLC7A13	9606
Q8TCU4	ALMS1	9606
Q8TCU5	GRIN3A	9606
Q8TCU6	PREX1	9606
Q8TCV5	WFDC5	9606
Q8TCW7	ZPLD1	9606
Q8TCW9	PROKR1	9606
Q8TCX1	DYNC2LI1	9606
Q8TCX5	RHPN1	9606
Q8TCY5	MRAP	9606
Q8TCY9	URGCP	9606
Q8TCZ2	CD99L2	9606
Q8TCZ7	LINC00308	9606
Q8TD06	AGR3	9606
Q8TD07	RAET1E	9606
Q8TD08	MAPK15	9606
Q8TD10	MIPOL1	9606
Q8TD16	BICD2	9606
Q8TD17	ZNF398	9606
Q8TD19	NEK9	9606
Q8TD20	SLC2A12	9606
Q8TD22	SFXN5	9606
Q8TD23	ZNF675	9606
Q8TD26	CHD6	9606
Q8TD30	GPT2	9606
Q8TD31	CCHCR1	9606
Q8TD33	SCGB1C1	9606
Q8TD35	LKAAEAR1	9606
Q8TD43	TRPM4	9606
Q8TD46	CD200R1	9606
Q8TD47	RPS4Y2	9606
Q8TD55	PLEKHO2	9606
Q8TD57	DNAH3	9606
Q8TD84	DSCAML1	9606
Q8TD86	CALML6	9606
Q8TD90	MAGEE2	9606
Q8TD91	MAGEC3	9606
Q8TD94	KLF14	9606
Q8TDB4	MGARP	9606
Q8TDB6	DTX3L	9606
Q8TDB8	SLC2A14	9606
Q8TDC0	MYOZ3	9606
Q8TDC3	BRSK1	9606
Q8TDD1	DDX54	9606
Q8TDD2	SP7	9606
Q8TDD5	MCOLN3	9606
Q8TDE3	RNASE8	9606
Q8TDF5	NETO1	9606
Q8TDF6	RASGRP4	9606
Q8TDG2	ACTRT1	9606
Q8TDG4	HELQ	9606
Q8TDH9	BLOC1S5	9606
Q8TDI0	CHD5	9606
Q8TDI7	TMC2	9606
Q8TDI8	TMC1	9606
Q8TDJ6	DMXL2	9606
Q8TDL5	BPIFB1	9606
Q8TDM0	BCAS4	9606
Q8TDM5	SPACA4	9606
Q8TDM6	DLG5	9606
Q8TDN1	KCNG4	9606
Q8TDN2	KCNV2	9606
Q8TDN4	CABLES1	9606
Q8TDN6	BRIX1	9606
Q8TDN7	ACER1	9606
Q8TDP1	RNASEH2C	9606
Q8TDQ0	HAVCR2	9606
Q8TDQ1	CD300LF	9606
Q8TDQ7	GNPDA2	9606
Q8TDR0	TRAF3IP1	9606
Q8TDR2	STK35	9606
Q8TDR4	TCP10L	9606
Q8TDS4	HCAR2	9606
Q8TDS5	OXER1	9606
Q8TDS7	MRGPRD	9606
Q8TDT2	GPR152	9606
Q8TDU5	VN1R17P	9606
Q8TDU6	GPBAR1	9606
Q8TDU9	RXFP4	9606
Q8TDV0	GPR151	9606
Q8TDV2	GPR148	9606
Q8TDV5	GPR119	9606
Q8TDW0	LRRC8C	9606
Q8TDW4	ST7L	9606
Q8TDW5	SYTL5	9606
Q8TDW7	FAT3	9606
Q8TDX5	ACMSD	9606
Q8TDX6	CSGALNACT1	9606
Q8TDX7	NEK7	9606
Q8TDX9	PKD1L1	9606
Q8TDY2	RB1CC1	9606
Q8TDY3	ACTRT2	9606
Q8TDY4	ASAP3	9606
Q8TDY8	IGDCC4	9606
Q8TDZ2	MICAL1	9606
Q8TE02	ELP5	9606
Q8TE04	PANK1	9606
Q8TE12	LMX1A	9606
Q8TE23	TAS1R2	9606
Q8TE49	OTUD7A	9606
Q8TE54	SLC26A7	9606
Q8TE56	ADAMTS17	9606
Q8TE57	ADAMTS16	9606
Q8TE58	ADAMTS15	9606
Q8TE59	ADAMTS19	9606
Q8TE60	ADAMTS18	9606
Q8TE67	EPS8L3	9606
Q8TE68	EPS8L1	9606
Q8TE69	EOLA1	9606
Q8TE73	DNAH5	9606
Q8TE76	MORC4	9606
Q8TE77	SSH3	9606
Q8TE82	SH3TC1	9606
Q8TE85	GRHL3	9606
Q8TE96	DQX1	9606
Q8TE99	PXYLP1	9606
Q8TEA1	NSUN6	9606
Q8TEA7	TBCK	9606
Q8TEA8	DTD1	9606
Q8TEB1	DCAF11	9606
Q8TEB7	RNF128	9606
Q8TEB9	RHBDD1	9606
Q8TEC5	SH3RF2	9606
Q8TED0	UTP15	9606
Q8TED1	GPX8	9606
Q8TED4	SLC37A2	9606
Q8TED9	AFAP1L1	9606
Q8TEE9	SAP25	9606
Q8TEF2	C10orf105	9606
Q8TEH3	DENND1A	9606
Q8TEJ3	SH3RF3	9606
Q8TEK3	DOT1L	9606
Q8TEL6	TRPC4AP	9606
Q8TEM1	NUP210	9606
Q8TEP8	CEP192	9606
Q8TEQ0	SNX29	9606
Q8TEQ6	GEMIN5	9606
Q8TEQ8	PIGO	9606
Q8TER0	SNED1	9606
Q8TER5	ARHGEF40	9606
Q8TES7	FBF1	9606
Q8TET4	GANC	9606
Q8TEU7	RAPGEF6	9606
Q8TEU8	WFIKKN2	9606
Q8TEV8	SMCR5	9606
Q8TEV9	SMCR8	9606
Q8TEW0	PARD3	9606
Q8TEW6	DOK4	9606
Q8TEW8	PARD3B	9606
Q8TEX9	IPO4	9606
Q8TEY5	CREB3L4	9606
Q8TEY7	USP33	9606
Q8TEZ7	PAQR8	9606
Q8TF01	PNISR	9606
Q8TF05	PPP4R1	9606
Q8TF08	COX7B2	9606
Q8TF09	DYNLRB2	9606
Q8TF17	SH3TC2	9606
Q8TF20	ZNF721	9606
Q8TF21	ANKRD24	9606
Q8TF27	AGAP11	9606
Q8TF30	WHAMM	9606
Q8TF32	ZNF431	9606
Q8TF39	ZNF483	9606
Q8TF40	FNIP1	9606
Q8TF42	UBASH3B	9606
Q8TF44	C2CD4C	9606
Q8TF45	ZNF418	9606
Q8TF46	DIS3L	9606
Q8TF47	ZFP90	9606
Q8TF50	ZNF526	9606
Q8TF61	FBXO41	9606
Q8TF62	ATP8B4	9606
Q8TF63	DCANP1	9606
Q8TF64	GIPC3	9606
Q8TF65	GIPC2	9606
Q8TF66	LRRC15	9606
Q8TF68	ZNF384	9606
Q8TF71	SLC16A10	9606
Q8TF72	SHROOM3	9606
Q8TF74	WIPF2	9606
Q8TF76	HASPIN	9606
Q8VBS7	Vmn1r42	10090
Q8VBT0	Tmx1	10090
Q8VBT1	Txlnb	10090
Q8VBT2	Sds	10090
Q8VBT3	Oscar	10090
Q8VBT6	Apobr	10090
Q8VBT9	Aspscr1	10090
Q8VBU8	Banp	10090
Q8VBV3	Exosc2	10090
Q8VBV4	Fbxw7	10090
Q8VBV7	Cops8	10090
Q8VBV8	Guca1b	10090
Q8VBV9	Or51e2	10090
Q8VBW1	Slc6a8	10090
Q8VBW5	Bbx	10090
Q8VBW6	Nae1	10090
Q8VBW8	Ttc36	10090
Q8VBW9	Or10h28	10090
Q8VBX0	Asb13	10090
Q8VBX4	Cd207	10090
Q8VBX6	Mpdz	10090
Q8VBY2	Camkk1	10090
Q8VBZ0	Dhrsx	10090
Q8VBZ3	Clptm1	10090
Q8VC03	Eml3	10090
Q8VC04	Tmem106a	10090
Q8VC10	Osgin1	10090
Q8VC12	Uroc1	10090
Q8VC16	Lrrc14	10090
Q8VC19	Alas1	10090
Q8VC26	Tlcd2	10090
Q8VC28	Akr1c13	10090
Q8VC30	Tkfc	10090
Q8VC31	Ccdc9	10090
Q8VC33	Nxnl1	10090
Q8VC34	Rpap2	10090
Q8VC42	Rmc1	10090
Q8VC48	Pex12	10090
Q8VC49	Ifi27l2b	10090
Q8VC51	Wrap53	10090
Q8VC52	Rbpms2	10090
Q8VC56	Rnf8	10090
Q8VC57	Kctd5	10090
Q8VC60	Glb1l	10090
Q8VC65	Nrm	10090
Q8VC66	Ssx2ip	10090
Q8VC69	Slc22a6	10090
Q8VC70	Rbms2	10090
Q8VC74	Cox18	10090
Q8VC82	Rhbdl1	10090
Q8VC85	Lsm1	10090
Q8VC88	Gca	10090
Q8VC90	Zdhhc12	10090
Q8VC97	Upb1	10090
Q8VC98	Plekha4	10090
Q8VCA0	Slc22a19	10090
Q8VCA5	Tmprss4	10090
Q8VCA6	Tmem161a	10090
Q8VCA8	Scrn2	10090
Q8VCB1	Ndc1	10090
Q8VCB2	Med25	10090
Q8VCB3	Gys2	10090
Q8VCC1	Hpgd	10090
Q8VCC2	Ces1	10090
Q8VCC6	Ccm2l	10090
Q8VCC8	Rapgef3	10090
Q8VCC9	Spon1	10090
Q8VCD3	Lman1l	10090
Q8VCD5	Med17	10090
Q8VCD6	Reep2	10090
Q8VCD7	Kdm4c	10090
Q8VCE1	Dnajc28	10090
Q8VCE2	Gpn1	10090
Q8VCE6	Nt5m	10090
Q8VCE9	Plekhh3	10090
Q8VCF0	Mavs	10090
Q8VCF1	Cant1	10090
Q8VCF5	Tspan10	10090
Q8VCG3	Wdr74	10090
Q8VCG4	C8g	10090
Q8VCG9	Rfxap	10090
Q8VCH0	Acaa1b	10090
Q8VCH2	Cd300ld	10090
Q8VCH5	Rabepk	10090
Q8VCH6	Dhcr24	10090
Q8VCH7	Rdh10	10090
Q8VCH8	Ubxn4	10090
Q8VCH9	Lrrc3b	10090
Q8VCI0	Plbd1	10090
Q8VCI5	Pex19	10090
Q8VCI7	Swsap1	10090
Q8VCJ6	Mrgprf	10090
Q8VCK3	Tubg2	10090
Q8VCK5	Klhl20	10090
Q8VCK6	Ffar2	10090
Q8VCK7	Sycn	10090
Q8VCL2	Sco2	10090
Q8VCL5	Slc17a9	10090
Q8VCM2	Noxo1	10090
Q8VCM3	Zfyve21	10090
Q8VCM4	Lipt1	10090
Q8VCM5	Mul1	10090
Q8VCM7	Fgg	10090
Q8VCM8	Ncln	10090
Q8VCN5	Cth	10090
Q8VCN6	Cd99	10090
Q8VCN9	Tbcc	10090
Q8VCP8	Ak6	10090
Q8VCP9	Clec14a	10090
Q8VCQ3	Nrbf2	10090
Q8VCQ6	Sgms1	10090
Q8VCR2	Hsd17b13	10090
Q8VCR3	Tmem242	10090
Q8VCR7	Abhd14b	10090
Q8VCR8	Mylk2	10090
Q8VCR9	Ocel1	10090
Q8VCS0	Pglyrp2	10090
Q8VCS3	Fam20b	10090
Q8VCS6	Med9	10090
Q8VCT3	Rnpep	10090
Q8VCT4	Ces1d	10090
Q8VCT9	Tesk2	10090
Q8VCU0	Angel1	10090
Q8VCU1	Ces3b	10090
Q8VCV1	Abhd17c	10090
Q8VCV9	Mfsd4b1	10090
Q8VCW2	Krt25	10090
Q8VCW4	Unc93b1	10090
Q8VCW8	Acsf2	10090
Q8VCX1	Akr1d1	10090
Q8VCX2	Slc35h1	10090
Q8VCX5	Micu1	10090
Q8VCX6	Kptn	10090
Q8VCY6	Utp6	10090
Q8VCY8	Plppr2	10090
Q8VCZ2	Tmem45b	10090
Q8VCZ3	Thap7	10090
Q8VCZ6	Sgsm3	10090
Q8VCZ7	Zbtb7c	10090
Q8VCZ8	Rpusd1	10090
Q8VCZ9	Prodh2	10090
Q8VD00	Tmem97	10090
Q8VD04	Gripap1	10090
Q8VD12	Znf385a	10090
Q8VD24	Zcchc18	10090
Q8VD26	Tmem143	10090
Q8VD31	Tapbpl	10090
Q8VD33	Sgtb	10090
Q8VD37	Sgip1	10090
Q8VD46	Asz1	10090
Q8VD53	Acer2	10090
Q8VD57	Sft2d2	10090
Q8VD58	Evi2b	10090
Q8VD62	Bles03	10090
Q8VD63	Tspyl4	10090
Q8VD65	Pik3r4	10090
Q8VD66	Abhd4	10090
Q8VD72	Ttc8	10090
Q8VD75	Hip1	10090
Q8VD76	Gtf2h3	10090
Q8VD98	Klrb1f	10090
Q8VDB2	Alg12	10090
Q8VDB8	Lrrc2	10090
Q8VDB9	Slc6a20a	10090
Q8VDC0	Lars2	10090
Q8VDC1	Fyco1	10090
Q8VDD5	Myh9	10090
Q8VDD8	Washc1	10090
Q8VDD9	Phip	10090
Q8VDF2	Uhrf1	10090
Q8VDF3	Dapk2	10090
Q8VDG3	Parn	10090
Q8VDG5	Ppcs	10090
Q8VDG6	Map3k21	10090
Q8VDG7	Pafah2	10090
Q8VDH1	Fbxo21	10090
Q8VDI1	Epsti1	10090
Q8VDI7	Ubac1	10090
Q8VDI9	Alg9	10090
Q8VDJ3	Hdlbp	10090
Q8VDK1	Nit1	10090
Q8VDK3	Elf5	10090
Q8VDL4	Adpgk	10090
Q8VDL9	Glis2	10090
Q8VDM1	Zgpat	10090
Q8VDM4	Psmd2	10090
Q8VDM6	Hnrnpul1	10090
Q8VDN2	Atp1a1	10090
Q8VDN4	Ccdc92	10090
Q8VDP2	Steep1	10090
Q8VDP3	Mical1	10090
Q8VDP4	Ccar2	10090
Q8VDP6	Cdipt	10090
Q8VDQ1	Ptgr2	10090
Q8VDQ8	Sirt2	10090
Q8VDQ9	Kri1	10090
Q8VDR5	Tmem267	10090
Q8VDR7	Tgds	10090
Q8VDR9	Dock6	10090
Q8VDS3	Cbx7	10090
Q8VDS4	Rprd1a	10090
Q8VDS7	Cep57l1	10090
Q8VDS8	Stx18	10090
Q8VDT1	Slc5a9	10090
Q8VDT9	Mrpl50	10090
Q8VDU0	Gpsm2	10090
Q8VDU1	Rhov	10090
Q8VDU5	Snrk	10090
Q8VDV0	Itgbl1	10090
Q8VDV3	Rab3il1	10090
Q8VDV8	Mitd1	10090
Q8VDW0	Ddx39a	10090
Q8VDW4	Ube2w	10090
Q8VDX6	Rxylt1	10090
Q8VDY4	Efcab7	10090
Q8VDY9	Caap1	10090
Q8VDZ4	Zdhhc5	10090
Q8VE01	Dusp18	10090
Q8VE04	Mob3b	10090
Q8VE08	Fbxo33	10090
Q8VE09	Ttc39c	10090
Q8VE10	Naa40	10090
Q8VE11	Mtmr6	10090
Q8VE18	Smg8	10090
Q8VE19	Mios	10090
Q8VE22	Mrps23	10090
Q8VE28	Nkd2	10090
Q8VE33	Gdap1l1	10090
Q8VE37	Rcc1	10090
Q8VE38	Oxnad1	10090
Q8VE42	Ankrd49	10090
Q8VE43	Metrnl	10090
Q8VE47	Uba5	10090
Q8VE49	Duoxa1	10090
Q8VE52	Ogfrl1	10090
Q8VE62	Paip1	10090
Q8VE65	Taf12	10090
Q8VE70	Pdcd10	10090
Q8VE73	Cul7	10090
Q8VE80	Thoc3	10090
Q8VE85	Prelid3a	10090
Q8VE88	Fam114a2	10090
Q8VE91	Retreg1	10090
Q8VE92	Rbm4b	10090
Q8VE94	Fam110c	10090
Q8VE96	Slc35f6	10090
Q8VE97	Srsf4	10090
Q8VE98	Cd276	10090
Q8VE99	Vma22	10090
Q8VEA4	Chchd4	10090
Q8VEA6	Chrdl2	10090
Q8VEA7	Tcta	10090
Q8VEA8	Rab7b	10090
Q8VEB1	Grk5	10090
Q8VEB2	Sav1	10090
Q8VEB3	Macir	10090
Q8VEB4	Pla2g15	10090
Q8VEB6	Elac1	10090
Q8VEC3	Adgrf1	10090
Q8VEC4	Calhm2	10090
Q8VED2	Bloc1s4	10090
Q8VED5	Krt79	10090
Q8VED8	Mtfr2	10090
Q8VED9	Lgalsl	10090
Q8VEE0	Rpe	10090
Q8VEE1	Lmcd1	10090
Q8VEE4	Rpa1	10090
Q8VEF1	Gramd1a	10090
Q8VEG0	Ccdc71	10090
Q8VEG4	Exd2	10090
Q8VEG6	Cnot6l	10090
Q8VEH0	Tmem144	10090
Q8VEH3	Arl8a	10090
Q8VEH5	Epm2aip1	10090
Q8VEH6	Zng1	10090
Q8VEH8	Erlec1	10090
Q8VEI3	Hyal3	10090
Q8VEJ1	Gpn2	10090
Q8VEJ3	Dkk4	10090
Q8VEJ4	Nle1	10090
Q8VEJ9	Vps4a	10090
Q8VEK0	Tmem30a	10090
Q8VEK2	Rhbdd2	10090
Q8VEK3	Hnrnpu	10090
Q8VEK6	Ing3	10090
Q8VEL0	Mospd1	10090
Q8VEL2	Mtmr14	10090
Q8VEL9	Rem2	10090
Q8VEM1	Rnf130	10090
Q8VEM8	Slc25a3	10090
Q8VEM9	Klhdc3	10090
Q8VEN2	Plet1	10090
Q8VES2	Or5t17	10090
Q8VEW2	Or5p73	10090
Q8VEW5	Or5p68	10090
Q8VEW6	Or5p81	10090
Q8VEX5	Or5h18	10090
Q8VEX6	Or5h19	10090
Q8VEY3	Or10d3	10090
Q8VEZ0	Or5p57	10090
Q8VEZ1	Or4c12	10090
Q8VF12	Or5p70	10090
Q8VF13	Or5t9	10090
Q8VF65	Or5p51	10090
Q8VF66	Or5p50	10090
Q8VF76	Or5g29	10090
Q8VFB9	Or5h17	10090
Q8VFC9	Or5p54	10090
Q8VFD0	Or5p62	10090
Q8VFD1	Or5p67	10090
Q8VFD2	Or5p66	10090
Q8VFD3	Or5p60	10090
Q8VFK1	Or5g9	10090
Q8VFK2	Or5g25	10090
Q8VFK7	Or5ap2	10090
Q8VFL5	Or5m5	10090
Q8VFL9	Or5t7	10090
Q8VFM9	Or1m1	10090
Q8VFR8	Olfr1165-ps	10090
Q8VFT4	Or4m1	10090
Q8VFV4	Or5an6	10090
Q8VFX2	Or5b21	10090
Q8VG02	Or5p64	10090
Q8VG03	Or5p58	10090
Q8VG04	Or5p6	10090
Q8VG05	Or5p59	10090
Q8VG06	Or5p1	10090
Q8VG07	Or5p69	10090
Q8VG08	Or5p72	10090
Q8VG09	Or5p76	10090
Q8VG13	Or5p79	10090
Q8VG42	Or5p80	10090
Q8VG43	Or5p52	10090
Q8VG44	Or5p53	10090
Q8VGD6	Or2v1	10090
Q8VGI1	Or1e16	10090
Q8VGI4	Or5p55	10090
Q8VGI5	Or5p4	10090
Q8VGI6	Or5p56	10090
Q8VGK5	Or1j21	10090
Q8VGQ7	Or5k17	10090
Q8VGR8	Or5j3	10090
Q8VGR9	Or8u9	10090
Q8VGS1	Or8u3	10090
Q8VGS3	Or5ar1	10090
Q8VH31	Rfpl4a	10090
Q8VH37	Hdac8	10090
Q8VH51	Rbm39	10090
Q8VHA6	Asb18	10090
Q8VHB5	Ca9	10090
Q8VHC3	Selenom	10090
Q8VHC5	Cabp4	10090
Q8VHD6	Slc2a10	10090
Q8VHD8	Hrnr	10090
Q8VHE0	Sec63	10090
Q8VHE6	Dnah5	10090
Q8VHF2	Cdhr5	10090
Q8VHG0	Fmo4	10090
Q8VHG2	Amot	10090
Q8VHG5	Obox4	10090
Q8VHH5	Agap3	10090
Q8VHH7	Adcy3	10090
Q8VHH8	Il25	10090
Q8VHI3	Pofut2	10090
Q8VHI4	Carf	10090
Q8VHI5	Vit	10090
Q8VHI6	Wasf3	10090
Q8VHI7	Drc2	10090
Q8VHJ5	Mark1	10090
Q8VHJ7	Ppargc1b	10090
Q8VHK1	Caskin2	10090
Q8VHK5	Mlc1	10090
Q8VHK8	Tmprss11d	10090
Q8VHK9	Dhx36	10090
Q8VHL0	Slc14a1	10090
Q8VHL1	Setd7	10090
Q8VHL5	Crygn	10090
Q8VHN7	Adgrv1	10090
Q8VHN8	Nudt16l1	10090
Q8VHP6	Cdhr1	10090
Q8VHP7	Serpinb1b	10090
Q8VHP8	Rab40b	10090
Q8VHP9	Asb17	10090
Q8VHQ2	Socs7	10090
Q8VHQ3	Ppp1r16b	10090
Q8VHQ4	Rab40c	10090
Q8VHQ9	Acot11	10090
Q8VHR0	Pcdh18	10090
Q8VHR5	Gatad2b	10090
Q8VHS2	Crb1	10090
Q8VHS5	Asb16	10090
Q8VHS6	Asb15	10090
Q8VHT7	Gtf3a	10090
Q8VHV1	Baalc	10090
Q8VHW2	Cacng8	10090
Q8VHW3	Cacng6	10090
Q8VHW4	Cacng5	10090
Q8VHX2	Edaradd	10090
Q8VHX6	Flnc	10090
Q8VHY0	Cspg4	10090
Q8VHZ5	Ddit4l	10090
Q8VHZ7	Imp4	10090
Q8VI16	B3gnt9	10090
Q8VI21	Clec2f	10090
Q8VI23	Slc12a8	10090
Q8VI24	Satb2	10090
Q8VI33	Taf9	10090
Q8VI36	Pxn	10090
Q8VI38	Gbgt1	10090
Q8VI40	Trim60	10090
Q8VI47	Abcc2	10090
Q8VI51	Sorcs3	10090
Q8VI56	Lrp4	10090
Q8VI59	Pcnx3	10090
Q8VI63	Mob2	10090
Q8VI64	Mgarp	10090
Q8VI67	Sp7	10090
Q8VI75	Ipo4	10090
Q8VI78	Pla1a	10090
Q8VI84	Noc3l	10090
Q8VI88	Odf4	10090
Q8VI93	Oas3	10090
Q8VI94	Oasl1	10090
Q8VI95	Oas1d	10090
Q8VIB3	St3gal6	10090
Q8VIB5	Barhl2	10090
Q8VIC6	Vmn1r51	10090
Q8VIC7	Vmn1r45	10090
Q8VIC9	Vmn1r43	10090
Q8VID5	Recql5	10090
Q8VIE6	Slc7a12	10090
Q8VIF2	Prss42	10090
Q8VIG0	Zcchc14	10090
Q8VIG1	Rest	10090
Q8VIG3	Rsph1	10090
Q8VIG6	Traip	10090
Q8VIH1	Nobox	10090
Q8VIH7	Cyyr1	10090
Q8VIH9	Uts2r	10090
Q8VII3	Cstdc1	10090
Q8VII8	Nr3c2	10090
Q8VIJ6	Sfpq	10090
Q8VIJ8	Nprl3	10090
Q8VIK1	Snrnp25	10090
Q8VIK2	Mpv17l2	10090
Q8VIK3	H1.8	10090
Q8VIK5	Pear1	10090
Q8VIL2	Rwdd3	10090
Q8VIM0	Havcr2	10090
Q8VIM4	Bsnd	10090
Q8VIM5	Myocd	10090
Q8VIM6	Strc	10090
Q8VIM9	Irgq	10090
Q8VIN1	Pbp2	10090
Q8WTP8	AEN	9606
Q8WTP9	XAGE3	9606
Q8WTQ1	DEFB104A; DEFB104B	9606
Q8WTQ4	C16orf78	9606
Q8WTQ7	GRK7	9606
Q8WTR2	DUSP19	9606
Q8WTR4	GDPD5	9606
Q8WTR7	ZNF473	9606
Q8WTR8	NTN5	9606
Q8WTS1	ABHD5	9606
Q8WTS6	SETD7	9606
Q8WTT0	CLEC4C	9606
Q8WTT2	NOC3L	9606
Q8WTU0	DDI1	9606
Q8WTU2	SSC4D	9606
Q8WTV0	SCARB1	9606
Q8WTV1	THAP3	9606
Q8WTW3	COG1	9606
Q8WTW4	NPRL2	9606
Q8WTX7	CASTOR1	9606
Q8WTX9	ZDHHC1	9606
Q8WTY4	Ciapin1	10090
Q8WTZ4	CA5BP1	9606
Q8WU03	GLYATL2	9606
Q8WU08	STK32A	9606
Q8WU10	PYROXD1	9606
Q8WU17	RNF139	9606
Q8WU20	FRS2	9606
Q8WU39	MZB1	9606
Q8WU43	C2orf15	9606
Q8WU49	C7orf33	9606
Q8WU58	FAM222B	9606
Q8WU66	TSPEAR	9606
Q8WU67	ABHD3	9606
Q8WU68	U2AF1L4	9606
Q8WU76	SCFD2	9606
Q8WU79	SMAP2	9606
Q8WU90	ZC3H15	9606
Q8WUA2	PPIL4	9606
Q8WUA4	GTF3C2	9606
Q8WUA7	TBC1D22A	9606
Q8WUA8	TSKU	9606
Q8WUB2	FAM216A	9606
Q8WUB8	PHF10	9606
Q8WUD1	RAB2B	9606
Q8WUD4	CCDC12	9606
Q8WUD6	CHPT1	9606
Q8WUE5	CT55	9606
Q8WUF5	PPP1R13L	9606
Q8WUF8	ARB2A	9606
Q8WUG5	SLC22A17	9606
Q8WUH1	CHURC1	9606
Q8WUH2	TGFBRAP1	9606
Q8WUH6	TMEM263	9606
Q8WUI4	HDAC7	9606
Q8WUJ0	STYX	9606
Q8WUJ1	CYB5D2	9606
Q8WUJ3	CEMIP	9606
Q8WUK0	PTPMT1	9606
Q8WUM0	NUP133	9606
Q8WUM4	PDCD6IP	9606
Q8WUM9	SLC20A1	9606
Q8WUN7	UBTD2	9606
Q8WUP2	FBLIM1	9606
Q8WUQ7	CACTIN	9606
Q8WUR7	C15orf40	9606
Q8WUS8	SDR42E1	9606
Q8WUT4	LRRN4	9606
Q8WUT9	SLC25A43	9606
Q8WUU4	ZNF296	9606
Q8WUU5	GATAD1	9606
Q8WUU8	TMEM174	9606
Q8WUW1	BRK1	9606
Q8WUX1	SLC38A5	9606
Q8WUX2	CHAC2	9606
Q8WUX9	CHMP7	9606
Q8WUY1	THEM6	9606
Q8WUY3	PRUNE2	9606
Q8WUY8	NAT14	9606
Q8WUY9	DEPDC1B	9606
Q8WUZ0	BCL7C	9606
Q8WV07	LTO1	9606
Q8WV15	TMEM255B	9606
Q8WV16	DCAF4	9606
Q8WV19	SFT2D1	9606
Q8WV22	NSMCE1	9606
Q8WV24	PHLDA1	9606
Q8WV28	BLNK	9606
Q8WV37	ZNF480	9606
Q8WV41	SNX33	9606
Q8WV44	TRIM41	9606
Q8WV48	CCDC107	9606
Q8WV60	PTCD2	9606
Q8WV74	NUDT8	9606
Q8WV83	SLC35F5	9606
Q8WV92	MITD1	9606
Q8WV93	AFG1L	9606
Q8WV99	ZFAND2B	9606
Q8WVB3	HEXD	9606
Q8WVB6	CHTF18	9606
Q8WVC0	LEO1	9606
Q8WVC6	DCAKD	9606
Q8WVD3	RNF138	9606
Q8WVD5	RNF141	9606
Q8WVE0	EEF1AKMT1	9606
Q8WVE6	TMEM171	9606
Q8WVE7	TMEM170A	9606
Q8WVF1	OSCP1	9606
Q8WVF2	UCMA	9606
Q8WVF5	KCTD4	9606
Q8WVH0	CPLX3	9606
Q8WVI0	UQCC5	9606
Q8WVI7	PPP1R1C	9606
Q8WVJ2	NUDCD2	9606
Q8WVJ9	TWIST2	9606
Q8WVK2	SNRNP27	9606
Q8WVK7	SKA2	9606
Q8WVL7	ANKRD49	9606
Q8WVM0	TFB1M	9606
Q8WVM7	STAG1	9606
Q8WVM8	SCFD1	9606
Q8WVN6	SECTM1	9606
Q8WVN8	UBE2Q2	9606
Q8WVP5	TNFAIP8L1	9606
Q8WVP7	LMBR1	9606
Q8WVQ1	CANT1	9606
Q8WVR3	TRAPPC14	9606
Q8WVS4	DYNC2I1	9606
Q8WVT3	TRAPPC12	9606
Q8WVV4	POF1B	9606
Q8WVV5	BTN2A2	9606
Q8WVV9	HNRNPLL	9606
Q8WVX3	ARLN	9606
Q8WVX9	FAR1	9606
Q8WVY7	UBLCP1	9606
Q8WVZ1	ZDHHC19	9606
Q8WVZ7	RNF133	9606
Q8WVZ9	KBTBD7	9606
Q8WW01	TSEN15	9606
Q8WW12	PCNP	9606
Q8WW14	SPMIP5	9606
Q8WW18	C17orf50	9606
Q8WW22	DNAJA4	9606
Q8WW24	TEKT4	9606
Q8WW27	APOBEC4	9606
Q8WW32	HMGB4	9606
Q8WW33	GTSF1	9606
Q8WW34	TMEM239	9606
Q8WW35	DYNLT2B	9606
Q8WW36	ZCCHC13	9606
Q8WW38	ZFPM2	9606
Q8WW43	APH1B	9606
Q8WW52	FAM151A	9606
Q8WW59	SPRYD4	9606
Q8WW62	TMED6	9606
Q8WWA0	ITLN1	9606
Q8WWA1	TMEM40	9606
Q8WWB3	DYDC1	9606
Q8WWB5	PIH1D2	9606
Q8WWB7	GLMP	9606
Q8WWC4	MAIP1	9606
Q8WWF1	C1orf54	9606
Q8WWF3	SSMEM1	9606
Q8WWF5	ZNRF4	9606
Q8WWF6	DNAJB3	9606
Q8WWF8	CAPSL	9606
Q8WWG1	NRG4	9606
Q8WWG9	KCNE4	9606
Q8WWH4	ASZ1	9606
Q8WWH5	TRUB1	9606
Q8WWI1	LMO7	9606
Q8WWI5	SLC44A1	9606
Q8WWK9	CKAP2	9606
Q8WWL2	SPIRE2	9606
Q8WWL7	CCNB3	9606
Q8WWM1	XAGE5	9606
Q8WWM7	ATXN2L	9606
Q8WWM9	CYGB	9606
Q8WWN8	ARAP3	9606
Q8WWN9	IPCEF1	9606
Q8WWP7	GIMAP1	9606
Q8WWQ0	PHIP	9606
Q8WWQ2	HPSE2	9606
Q8WWQ8	STAB2	9606
Q8WWR8	NEU4	9606
Q8WWR9	PPDPFL	9606
Q8WWT9	SLC13A3	9606
Q8WWU5	TCP11	9606
Q8WWU7	ITLN2	9606
Q8WWV3	RTN4IP1	9606
Q8WWV6	FCAMR	9606
Q8WWW0	RASSF5	9606
Q8WWW8	GAB3	9606
Q8WWX0	ASB5	9606
Q8WWX8	SLC5A11	9606
Q8WWX9	SELENOM	9606
Q8WWY3	PRPF31	9606
Q8WWY6	MBD3L1	9606
Q8WWY7	WFDC12	9606
Q8WWY8	LIPH	9606
Q8WWZ1	IL1F10	9606
Q8WWZ3	EDARADD	9606
Q8WWZ4	ABCA10	9606
Q8WWZ7	ABCA5	9606
Q8WWZ8	OIT3	9606
Q8WX39	LCN9	9606
Q8WX77	IGFBPL1	9606
Q8WX92	NELFB	9606
Q8WX93	PALLD	9606
Q8WX94	NLRP7	9606
Q8WXA2	PATE1	9606
Q8WXA3	RUFY2	9606
Q8WXA8	HTR3C	9606
Q8WXA9	SREK1	9606
Q8WXB1	METTL21A	9606
Q8WXB4	ZNF606	9606
Q8WXC3	PYDC1	9606
Q8WXC6	COPS9	9606
Q8WXD0	RXFP2	9606
Q8WXD2	SCG3	9606
Q8WXD5	GEMIN6	9606
Q8WXD9	CASKIN1	9606
Q8WXE0	CASKIN2	9606
Q8WXE1	ATRIP	9606
Q8WXE9	STON2	9606
Q8WXF0	SRSF12	9606
Q8WXF1	PSPC1	9606
Q8WXF3	RLN3	9606
Q8WXF5	CRYGN	9606
Q8WXF7	ATL1	9606
Q8WXF8	DEDD2	9606
Q8WXG1	RSAD2	9606
Q8WXG6	MADD	9606
Q8WXG8	S100Z	9606
Q8WXG9	ADGRV1	9606
Q8WXH0	SYNE2	9606
Q8WXH2	JPH3	9606
Q8WXH4	ASB11	9606
Q8WXH5	SOCS4	9606
Q8WXH6	RAB40A	9606
Q8WXI2	CNKSR2	9606
Q8WXI3	ASB10	9606
Q8WXI4	ACOT11	9606
Q8WXI7	MUC16	9606
Q8WXI8	CLEC4D	9606
Q8WXI9	GATAD2B	9606
Q8WXJ9	ASB17	9606
Q8WXK1	ASB15	9606
Q8WXK3	ASB13	9606
Q8WXK4	ASB12	9606
Q8WXQ3	LINC01599	9606
Q8WXQ8	CPA5	9606
Q8WXR4	MYO3B	9606
Q8WXS3	BAALC	9606
Q8WXS4	TMEM37	9606
Q8WXS5	CACNG8	9606
Q8WXS8	ADAMTS14	9606
Q8WXT5	FOXD4L4	9606
Q8WXU2	DNAAF4	9606
Q8WXW3	PIBF1	9606
Q8WXX0	DNAH7	9606
Q8WXX5	DNAJC9	9606
Q8WXX7	AUTS2	9606
Q8WY07	SLC7A3	9606
Q8WY21	SORCS1	9606
Q8WY22	BRI3BP	9606
Q8WY36	BBX	9606
Q8WY41	NANOS1	9606
Q8WY50	PLAC4	9606
Q8WY54	PPM1E	9606
Q8WY64	MYLIP	9606
Q8WY91	THAP4	9606
Q8WY98	TMEM234	9606
Q8WYA0	IFT81	9606
Q8WYA1	BMAL2	9606
Q8WYA6	CTNNBL1	9606
Q8WYB5	KAT6B	9606
Q8WYH8	ING5	9606
Q8WYJ6	SEPTIN1	9606
Q8WYK0	ACOT12	9606
Q8WYK1	CNTNAP5	9606
Q8WYK2	JDP2	9606
Q8WYL5	SSH1	9606
Q8WYN0	ATG4A	9606
Q8WYN3	CSRNP3	9606
Q8WYP3	RIN2	9606
Q8WYP5	AHCTF1	9606
Q8WYQ3	CHCHD10	9606
Q8WYQ4	C22orf15	9606
Q8WYQ5	DGCR8	9606
Q8WYQ9	ZCCHC14	9606
Q8WYR1	PIK3R5	9606
Q8WYR4	RSPH1	9606
Q8WZ04	TOMT	9606
Q8WZ19	KCTD13	9606
Q8WZ33	MAFIP	9606
Q8WZ42	TTN	9606
Q8WZ55	BSND	9606
Q8WZ59	TMEM190	9606
Q8WZ60	KLHL6	9606
Q8WZ64	ARAP2	9606
Q8WZ69	C11orf40	9606
Q8WZ71	TMEM158	9606
Q8WZ73	RFFL	9606
Q8WZ74	CTTNBP2	9606
Q8WZ75	ROBO4	9606
Q8WZ79	DNASE2B	9606
Q8WZ82	OVCA2	9606
Q8WZ84	OR8D1	9606
Q8WZ92	OR5P2	9606
Q8WZ94	OR5P3	9606
Q8WZA0	LZIC	9606
Q8WZA1	POMGNT1	9606
Q8WZA2	RAPGEF4	9606
Q8WZA6	OR1E3	9606
Q8WZA8	GCRG224	9606
Q8WZA9	IRGQ	9606
Q8WZB0	ERCC6L2-AS1	9606
Q902F8	ERVK-8	9606
Q902F9	HERVK_113	9606
Q91UZ4	Egln3	10090
Q91UZ5	Impa2	10090
Q91V01	Lpcat3	10090
Q91V04	Tram1	10090
Q91V08	Clec2d	10090
Q91V09	Wdr13	10090
Q91V10	Vsx1	10090
Q91V12	Acot7	10090
Q91V13	Leap2	10090
Q91V14	Slc12a5	10090
Q91V16	Etfrf1	10090
Q91V17	Znrf1	10090
Q91V24	Abca7	10090
Q91V27	Mlph	10090
Q91V36	Nrbp2	10090
Q91V37	Atp6v0b	10090
Q91V41	Rab14	10090
Q91V45	Kiss1r	10090
Q91V51	Ttll1	10090
Q91V57	Chn1	10090
Q91V61	Sfxn3	10090
Q91V64	Isoc1	10090
Q91V70	Defb7	10090
Q91V76	Bkgd	10090
Q91V79	Fitm1	10090
Q91V80	Apof	10090
Q91V81	Rbm42	10090
Q91V82	Defb8	10090
Q91V83	Tti1	10090
Q91V87	Fgfrl1	10090
Q91V88	Npnt	10090
Q91V92	Acly	10090
Q91V93	Rhobtb2	10090
Q91V95	Pth2r	10090
Q91V98	Cd248	10090
Q91VA0	Acsm1	10090
Q91VA1	Slc44a4	10090
Q91VA3	Capn8	10090
Q91VA6	Poldip2	10090
Q91VB2	Camk1g	10090
Q91VB4	Hps3	10090
Q91VC3	Eif4a3	10090
Q91VC4	Plvap	10090
Q91VC7	Ppp1r14a	10090
Q91VC9	Ghitm	10090
Q91VD1	Lgals12	10090
Q91VD6	Defb6	10090
Q91VD9	Ndufs1	10090
Q91VE0	Slc27a4	10090
Q91VE2	P2rx5	10090
Q91VE3	Klk7	10090
Q91VE6	Nifk	10090
Q91VF2	Hnmt	10090
Q91VF5	Emid1	10090
Q91VF6	Col26a1	10090
Q91VH1	Adipor1	10090
Q91VH2	Snx9	10090
Q91VH6	Memo1	10090
Q91VI7	Rnh1	10090
Q91VJ1	Aim2	10090
Q91VJ2	Cavin3	10090
Q91VJ4	Stk38	10090
Q91VJ5	Pqbp1	10090
Q91VK1	Bzw2	10090
Q91VK4	Itm2c	10090
Q91VL8	Terf2ip	10090
Q91VL9	Zbtb1	10090
Q91VM3	Wdr45	10090
Q91VM4	Spns2	10090
Q91VM5	Rbmxl1	10090
Q91VM9	Ppa2	10090
Q91VN0	Lrp5	10090
Q91VN1	Znf24	10090
Q91VN2	Gm5617	10090
Q91VN4	Chchd6	10090
Q91VN6	Ddx41	10090
Q91VP7	Tmem101	10090
Q91VR2	Atp5f1c	10090
Q91VR5	Ddx1	10090
Q91VR7	Map1lc3a	10090
Q91VR8	Brk1	10090
Q91VS7	Mgst1	10090
Q91VS8	Farp2	10090
Q91VT1	Nsmce2	10090
Q91VT4	Cbr4	10090
Q91VT8	Smim14	10090
Q91VU0	Fam3c	10090
Q91VU1	Yipf1	10090
Q91VU6	Dcaf11	10090
Q91VU7	Pus7	10090
Q91VU8	Ptov1	10090
Q91VV4	Dennd2d	10090
Q91VW3	Sh3bgrl3	10090
Q91VW5	Golga4	10090
Q91VW9	Zkscan3	10090
Q91VX2	Ubap2	10090
Q91VX5	Nxph3	10090
Q91VX9	Tmem168	10090
Q91VY5	Kdm4b	10090
Q91VY6	Cytip	10090
Q91VY9	Znf622	10090
Q91VZ6	Smap1	10090
Q91W10	Slc39a8	10090
Q91W18	Tdrd3	10090
Q91W20	Lrrc26	10090
Q91W27	Pth2	10090
Q91W29	Cox4i2	10090
Q91W34	Rusf1	10090
Q91W36	Usp3	10090
Q91W39	Ncoa5	10090
Q91W40	Klc3	10090
Q91W43	Gldc	10090
Q91W45	Paip2b	10090
Q91W50	Csde1	10090
Q91W52	Tmem19	10090
Q91W53	Golga7	10090
Q91W59	Rbms1	10090
Q91W61	Fbxl15	10090
Q91W63	Nmrk1	10090
Q91W64	Cyp2c70	10090
Q91W67	Ubl7	10090
Q91W69	Epn3	10090
Q91W78	Usb1	10090
Q91W82	Ube2e2	10090
Q91W86	Vps11	10090
Q91W89	Man2c1	10090
Q91W90	Txndc5	10090
Q91W92	Cdc42ep1	10090
Q91W96	Anapc4	10090
Q91W97	Hkdc1	10090
Q91W98	Slc15a4	10090
Q91WA1	Tipin	10090
Q91WA3	Hdac11	10090
Q91WA4	Cxxc5	10090
Q91WA6	Sharpin	10090
Q91WA9	Abcg4	10090
Q91WB2	Plpp7	10090
Q91WB4	Plekhf2	10090
Q91WB7	Ubtd1	10090
Q91WC0	Setd3	10090
Q91WC1	Pot1	10090
Q91WC3	Acsl6	10090
Q91WC7	Nipal2	10090
Q91WC9	Daglb	10090
Q91WD0	Gpr108	10090
Q91WD1	Polr3d	10090
Q91WD2	Trpv6	10090
Q91WD5	Ndufs2	10090
Q91WD7	Kif18a	10090
Q91WD8	Slc24a1	10090
Q91WD9	Scgn	10090
Q91WE1	Snx15	10090
Q91WE2	Psme3ip1	10090
Q91WE3	Rpp25	10090
Q91WE6	Cdkal1	10090
Q91WE9	Tafa5	10090
Q91WF0	Tafazzin	10090
Q91WF3	Adcy4	10090
Q91WF7	Fig4	10090
Q91WG0	Ces2c	10090
Q91WG1	Insig2	10090
Q91WG2	Rabep2	10090
Q91WG3	Trub2	10090
Q91WG4	Elp2	10090
Q91WG5	Prkag2	10090
Q91WG7	Dgkg	10090
Q91WG8	Gne	10090
Q91WI7	Itfg2	10090
Q91WJ0	Frs3	10090
Q91WJ7	Spats2l	10090
Q91WJ8	Fubp1	10090
Q91WK0	Lrrfip2	10090
Q91WK1	Spryd4	10090
Q91WK2	Eif3h	10090
Q91WK5	Gcsh	10090
Q91WK7	Ankrd54	10090
Q91WL0	Eps8l3	10090
Q91WL5	Cyp4a12a	10090
Q91WL6	Snx11	10090
Q91WL8	Wwox	10090
Q91WM1	Strbp	10090
Q91WM2	Hdhd5	10090
Q91WM3	Rrp9	10090
Q91WM6	Eva1a	10090
Q91WN1	Dnajc9	10090
Q91WN2	Tmem150a	10090
Q91WN3	Slc7a13	10090
Q91WN4	Kmo	10090
Q91WP0	Masp2	10090
Q91WP6	Serpina3n	10090
Q91WQ3	Yars1	10090
Q91WQ5	Taf5l	10090
Q91WQ9	Calml4	10090
Q91WR3	Ascc2	10090
Q91WR5	Akr1c21	10090
Q91WR6	Ginm1	10090
Q91WR8	Gpx6	10090
Q91WS0	Cisd1	10090
Q91WS2	Nlrp6	10090
Q91WS4	Bhmt2	10090
Q91WS7	Depdc7	10090
Q91WT4	Dnajc17	10090
Q91WT8	Rbm47	10090
Q91WT9	Cbs	10090
Q91WU0	Ces1f	10090
Q91WU2	Slc22a7	10090
Q91WU4	Tmco4	10090
Q91WU5	As3mt	10090
Q91WU6	Zdhhc7	10090
Q91WV0	Dr1	10090
Q91WV7	Slc3a1	10090
Q91WW2	Mrgpra4	10090
Q91WW3	Mrgpra3	10090
Q91WW4	Mrgpra2b	10090
Q91WW5	Mrgpra1	10090
Q91WW7	Pnpla3	10090
Q91WZ8	Dtnbp1	10090
Q91X05	Nphs2	10090
Q91X17	Umod	10090
Q91X20	Ash2l	10090
Q91X21	Kiaa2013	10090
Q91X34	Baat	10090
Q91X43	Sh3d19	10090
Q91X44	Gckr	10090
Q91X45	Zbtb3	10090
Q91X46	Arhgef3	10090
Q91X49	Mall	10090
Q91X51	Gorasp1	10090
Q91X52	Dcxr	10090
Q91X56	S1pr5	10090
Q91X58	Zfand2b	10090
Q91X60	Chrna2	10090
Q91X72	Hpx	10090
Q91X77	Cyp2c50	10090
Q91X78	Erlin1	10090
Q91X79	Cela1	10090
Q91X83	Mat1a	10090
Q91X84	Crtc3	10090
Q91X85	Flvcr2	10090
Q91X86	Tmem98	10090
Q91X88	Pomgnt1	10090
Q91X91	Qprt	10090
Q91X96	Rabif	10090
Q91X97	Ncald	10090
Q91XA2	Golm1	10090
Q91XA5	Snapc2	10090
Q91XA8	Klhdc8a	10090
Q91XA9	Chia	10090
Q91XB0	Trex1	10090
Q91XB7	Yif1a	10090
Q91XC0	Ajuba	10090
Q91XC8	Dap	10090
Q91XC9	Pex16	10090
Q91XD2	Lims2	10090
Q91XD3	Tm4sf4	10090
Q91XD4	Ftcd	10090
Q91XD6	Vps36	10090
Q91XD7	Creld1	10090
Q91XD8	Slc25a38	10090
Q91XE0	Glyat	10090
Q91XE4	Acy3	10090
Q91XE7	Atp6v0e2	10090
Q91XE8	Tmem205	10090
Q91XE9	Creb3l3	10090
Q91XF0	Pnpo	10090
Q91XF4	Rnf167	10090
Q91XI1	Dus3l	10090
Q91XL2	Lnx2	10090
Q91XL3	Uxs1	10090
Q91XL9	Osbpl1a	10090
Q91XM9	Dlg2	10090
Q91XP5	Glra3	10090
Q91XQ0	Dnah8	10090
Q91XQ5	Chst15	10090
Q91XQ6	Laptm4b	10090
Q91XS1	Mtmr4	10090
Q91XT4	Sec16b	10090
Q91XT6	Tc2n	10090
Q91XU0	Wrnip1	10090
Q91XU3	Pip4k2c	10090
Q91XV3	Basp1	10090
Q91XW8	Fkbp6	10090
Q91XY4	Pcdhga4	10090
Q91XZ2	Pcdhb8	10090
Q91XZ4	Pcdhb6	10090
Q91Y02	Pcdhb18	10090
Q91Y11	Pcdha9	10090
Q91Y13	Pcdha7	10090
Q91Y20	Pcdha10	10090
Q91Y44	Brdt	10090
Q91Y47	F11	10090
Q91Y57	Siglec12	10090
Q91Y63	Slc13a3	10090
Q91Y74	St3gal4	10090
Q91Y86	Mapk8	10090
Q91Y97	Aldob	10090
Q91YA2	Pskh1	10090
Q91YD1	Gjd3	10090
Q91YD3	Dcp1a	10090
Q91YD4	Trpm2	10090
Q91YD6	Vill	10090
Q91YD9	Wasl	10090
Q91YE2	Egln2	10090
Q91YE3	Egln1	10090
Q91YE5	Baz2a	10090
Q91YE6	Ipo9	10090
Q91YE7	Rbm5	10090
Q91YE8	Synpo2	10090
Q91YE9	Nt5c1b	10090
Q91YH5	Atl3	10090
Q91YH6	Atp6v1b1	10090
Q91YI0	Asl	10090
Q91YI1	Atg13	10090
Q91YI4	Arrb2	10090
Q91YI6	Tent2	10090
Q91YJ2	Snx4	10090
Q91YJ3	Thyn1	10090
Q91YJ5	Mtif2	10090
Q91YK0	Lrrc49	10090
Q91YK2	Rrp1b	10090
Q91YK8	Lypd3	10090
Q91YL2	Rnf126	10090
Q91YL3	Uckl1	10090
Q91YL7	Cwh43	10090
Q91YM2	Arhgap35	10090
Q91YM4	Tbrg4	10090
Q91YN0	Ferry3	10090
Q91YN1	Fam118a	10090
Q91YN5	Uap1	10090
Q91YN9	Bag2	10090
Q91YP0	L2hgdh	10090
Q91YP1	Bcdin3d	10090
Q91YP2	Nln	10090
Q91YP3	Dera	10090
Q91YP6	Elmod3	10090
Q91YQ1	Rab29	10090
Q91YQ3	Csdc2	10090
Q91YQ5	Rpn1	10090
Q91YQ7	Rmnd5b	10090
Q91YR1	Twf1	10090
Q91YR5	Mettl13	10090
Q91YR7	Prpf6	10090
Q91YR9	Ptgr1	10090
Q91YS8	Camk1	10090
Q91YT0	Ndufv1	10090
Q91YT2	Rnf185	10090
Q91YT7	Ythdf2	10090
Q91YT8	Tmem63a	10090
Q91YU3	Msantd4	10090
Q91YU6	Lzts2	10090
Q91YU8	Ppan	10090
Q91YV9	Pgap4	10090
Q91YW3	Dnajc3	10090
Q91YX0	Themis2	10090
Q91YX5	Lpgat1	10090
Q91YY2	B4galt3	10090
Q91YY4	Atpaf2	10090
Q91YY5	Slco1a5	10090
Q91Z22	Tmem123	10090
Q91Z31	Ptbp2	10090
Q91Z38	Ttc1	10090
Q91Z40	Gbp7	10090
Q91Z46	Dusp7	10090
Q91Z49	Fyttd1	10090
Q91Z53	Grhpr	10090
Q91Z61	Diras1	10090
Q91Z67	Srgap2	10090
Q91Z69	Srgap1	10090
Q91Z83	Myh7	10090
Q91Z92	B3galt6	10090
Q91Z96	Bmp2k	10090
Q91Z98	Chil4	10090
Q91ZA3	Pcca	10090
Q91ZA6	Socs4	10090
Q91ZA8	Nrarp	10090
Q91ZB0	Alpk2	10090
Q91ZB5	Mrgprg	10090
Q91ZB7	Mrgpre	10090
Q91ZB8	Mrgprd	10090
Q91ZB9	Mrgprb5	10090
Q91ZC0	Mrgprb4	10090
Q91ZC1	Mrgprb3	10090
Q91ZC4	Mrgpra8	10090
Q91ZC5	Mrgpra7	10090
Q91ZC6	Mrgpra6	10090
Q91ZC7	Mrgpra5	10090
Q91ZD1	Osr2	10090
Q91ZD4	Vangl2	10090
Q91ZD6	Eaf2	10090
Q91ZE0	Tmlhe	10090
Q91ZE5	Adgre4	10090
Q91ZE9	Bmf	10090
Q91ZF0	Dnajc24	10090
Q91ZF2	Cts7	10090
Q91ZG2	Mpped1	10090
Q91ZH7	Abhd3	10090
Q91ZI0	Celsr3	10090
Q91ZI8	Dio3	10090
Q91ZJ0	Mus81	10090
Q91ZJ5	Ugp2	10090
Q91ZJ9	Hyal1	10090
Q91ZK0	Tfap2d	10090
Q91ZK4	Dmbx1	10090
Q91ZM2	Sh2b1	10090
Q91ZM8	Cabp7	10090
Q91ZM9	Dok5	10090
Q91ZN5	Slc35b2	10090
Q91ZP3	Lpin1	10090
Q91ZP4	Slc5a4b	10090
Q91ZP6	Ndfip2	10090
Q91ZP9	Necab2	10090
Q91ZQ1	Pde6c	10090
Q91ZQ5	Rpe65	10090
Q91ZR1	Rab4b	10090
Q91ZR2	Snx18	10090
Q91ZR3	Crebzf	10090
Q91ZR4	Nek8	10090
Q91ZR5	Catsper1	10090
Q91ZS8	Adarb1	10090
Q91ZT5	Fgd4	10090
Q91ZT7	Asb10	10090
Q91ZT8	Asb9	10090
Q91ZT9	Asb8	10090
Q91ZU0	Asb7	10090
Q91ZU1	Asb6	10090
Q91ZU6	Dst	10090
Q91ZU9	Grin3b	10090
Q91ZV0	Mia2	10090
Q91ZV3	Dcbld2	10090
Q91ZV4	Mogat1	10090
Q91ZV7	Plxdc1	10090
Q91ZV8	Adgra2	10090
Q91ZW2	Pofut1	10090
Q91ZW3	Smarca5	10090
Q91ZW7	Cd209e	10090
Q91ZW8	Cd209d	10090
Q91ZW9	Cd209c	10090
Q91ZX1	Cd209a	10090
Q91ZX6	Senp2	10090
Q91ZX7	Lrp1	10090
Q91ZY2	Hrh4	10090
Q91ZZ3	Sncb	10090
Q91ZZ5	Rxfp2	10090
Q920A0	Optc	10090
Q920A1	Cysltr2	10090
Q920A5	Scpep1	10090
Q920A7	Afg3l1	10090
Q920A9	Fcrla	10090
Q920B0	Frmd4b	10090
Q920B9	Supt16h	10090
Q920C1	Chrdl1	10090
Q920C4	Ms4a3	10090
Q920D3	Med28	10090
Q920D7	Scgb3a1	10090
Q920E3	Kcnh5	10090
Q920E5	Fdps	10090
Q920F6	Smc1b	10090
Q920G3	Siglec5	10090
Q920G8	Slc25a37	10090
Q920G9	Gmcl1	10090
Q920H1	Scgb3a2	10090
Q920H4	Chrm5	10090
Q920I9	Wdr7	10090
Q920L1	Fads1	10090
Q920L5	Elovl6	10090
Q920M5	Coro6	10090
Q920M7	Syt17	10090
Q920N1	Cimap1a	10090
Q920N2	Hlcs	10090
Q920N7	Syt12	10090
Q920P3	Brinp1	10090
Q920P5	Ak5	10090
Q920Q2	Rev1	10090
Q920Q4	Vps16	10090
Q920Q6	Msi2	10090
Q920Q8	Ivns1abp	10090
Q920R0	Als2	10090
Q920R6	Atp6v0a4	10090
Q920S2	Prss41	10090
Q920S3	Gatad1	10090
Q920V1	B3galnt1	10090
Q92185	ST8SIA1	9606
Q92186	ST8SIA2	9606
Q92187	ST8SIA4	9606
Q921B4	Nrif2	10090
Q921C1	Gjc3	10090
Q921C3	Brwd1	10090
Q921C5	Bicd2	10090
Q921D4	Med6	10090
Q921D9	Grhl1	10090
Q921E2	Rab31	10090
Q921E6	Eed	10090
Q921F2	Tardbp	10090
Q921F4	Hnrnpll	10090
Q921G6	Lrch4	10090
Q921G7	Etfdh	10090
Q921G8	Tubgcp2	10090
Q921H8	Acaa1a	10090
Q921H9	Coa7	10090
Q921I0	Ormdl1	10090
Q921I1	Tf	10090
Q921I2	Klhdc4	10090
Q921I6	Sh3bp4	10090
Q921I9	Exosc4	10090
Q921J2	Rheb	10090
Q921J4	Ube2s	10090
Q921K8	Tcaf2	10090
Q921K9	Bcl7b	10090
Q921L3	Tmco1	10090
Q921L5	Cog2	10090
Q921L7	Hemk1	10090
Q921L8	Galnt11	10090
Q921M3	Sf3b3	10090
Q921M4	Golga2	10090
Q921M7	Cyrib	10090
Q921N6	Ddx27	10090
Q921N7	Tmem70	10090
Q921N8	Gps2	10090
Q921P9	Tceal1	10090
Q921Q3	Alg1	10090
Q921Q7	Rin1	10090
Q921R4	Dnajc14	10090
Q921R7	Slc35a5	10090
Q921R8	Slc41a3	10090
Q921S7	Mrpl37	10090
Q921T2	Tor1aip1	10090
Q921U8	Smtn	10090
Q921V5	Mgat2	10090
Q921V7	Slc44a3	10090
Q921W0	Chmp1a	10090
Q921W4	Cryzl1	10090
Q921W8	Sectm1a	10090
Q921X6	Polr3f	10090
Q921X9	Pdia5	10090
Q921Y0	Mob1a	10090
Q921Y2	Imp3	10090
Q921Y4	Slc61a1	10090
Q921Z5	Tnfaip8	10090
Q922B1	Macrod1	10090
Q922B2	Dars1	10090
Q922B6	Traf7	10090
Q922B9	Itprid2	10090
Q922D4	Ppp6r3	10090
Q922D8	Mthfd1	10090
Q922E4	Pcyt2	10090
Q922E6	Fastkd2	10090
Q922F4	Tubb6	10090
Q922G0	Slc25a36	10090
Q922G2	Fam76a	10090
Q922G7	Tekt2	10090
Q922H1	Prmt3	10090
Q922H2	Pdk3	10090
Q922H4	Gmppa	10090
Q922H7	Rasl11b	10090
Q922H9	Znf330	10090
Q922I5	Foxi1	10090
Q922J3	Clip1	10090
Q922J6	Tspan2	10090
Q922J9	Far1	10090
Q922K7	Nop2	10090
Q922K9	Frk	10090
Q922L6	Nelfcd	10090
Q922M3	Kctd10	10090
Q922M5	Cdca7l	10090
Q922M7	AI597479	10090
Q922P8	Tmem132a	10090
Q922P9	Glyr1	10090
Q922Q1	Mtarc2	10090
Q922Q2	Riok1	10090
Q922Q4	Pycr2	10090
Q922Q5	Slc35b3	10090
Q922Q6	Abhd14a	10090
Q922Q8	Lrrc59	10090
Q922Q9	Chid1	10090
Q922R0	Prkx	10090
Q922R1	Phaf1	10090
Q922R5	Ppp4r3b	10090
Q922R8	Pdia6	10090
Q922S4	Pde2a	10090
Q922S8	Kif2c	10090
Q922T2	Mfap3	10090
Q922U1	Prpf3	10090
Q922U2	Krt5	10090
Q922V4	Plrg1	10090
Q922W5	Pycr1	10090
Q922X9	Prmt7	10090
Q922Y0	Dyrk3	10090
Q922Y1	Ubxn1	10090
Q922Y2	Trim59	10090
Q922Z0	Ddo	10090
Q922Z1	Ldaf1	10090
Q923A2	Spdl1	10090
Q923B0	Ggact	10090
Q923B1	Dbr1	10090
Q923B3	Nrif1	10090
Q923B6	Steap4	10090
Q923D2	Blvrb	10090
Q923D3	Parm1	10090
Q923D4	Sf3b5	10090
Q923D5	Wbp11	10090
Q923E4	Sirt1	10090
Q923G2	Polr2h	10090
Q923I7	Slc5a2	10090
Q923J1	Trpm7	10090
Q923K4	Gtpbp3	10090
Q923L3	Csmd1	10090
Q923M0	Ppp1r16a	10090
Q923P0	Col20a1	10090
Q923Q2	Stard13	10090
Q923S6	Neurl1	10090
Q923S9	Rab30	10090
Q923T7	Trim7	10090
Q923T9	Camk2g	10090
Q923U0	Tom1l1	10090
Q923W1	Tgs1	10090
Q923W9	Adam33	10090
Q923X1	Adgrl4	10090
Q923X4	Glrx2	10090
Q923Y8	Taar1	10090
Q923Z0	Gprc5b	10090
Q923Z3	Mto1	10090
Q923Z4	Ferd3l	10090
Q92466	DDB2	9606
Q92478	CLEC2B	9606
Q92481	TFAP2B	9606
Q92482	AQP3	9606
Q92484	SMPDL3A	9606
Q92485	SMPDL3B	9606
Q92496	CFHR4	9606
Q92499	DDX1	9606
Q924A0	Tcf7l2	10090
Q924A2	Cic	10090
Q924A4	Ucn3	10090
Q924C1	Xpo5	10090
Q924C5	Alpk3	10090
Q924C6	Loxl4	10090
Q924D0	Rtn4ip1	10090
Q924H0	Npffr2	10090
Q924H2	Med15	10090
Q924H5	Rad51c	10090
Q924H7	Wac	10090
Q924H9	Dqx1	10090
Q924I3	Ackr4	10090
Q924K1	Aipl1	10090
Q924K8	Mta3	10090
Q924L1	Letmd1	10090
Q924M5	Boll	10090
Q924M7	Mpi	10090
Q924N4	Slc12a6	10090
Q924N9	Prss28	10090
Q924P3	Lcn8	10090
Q924S2	Oas1c	10090
Q924S7	Spred2	10090
Q924S8	Spred1	10090
Q924S9	Ripply3	10090
Q924T2	Mrps2	10090
Q924T3	Xrcc4	10090
Q924T7	Rnf31	10090
Q924W5	Smc6	10090
Q924W6	Trim66	10090
Q924W7	Dennd2b	10090
Q924W9	Lmo1	10090
Q924X1	Epgn	10090
Q924X2	Cpt1b	10090
Q924X6	Lrp8	10090
Q924X7	Stk33	10090
Q924Y0	Bbox1	10090
Q924Z4	Cers2	10090
Q924Z5	Tram2	10090
Q924Z6	Xpo6	10090
Q92502	STARD8	9606
Q92503	SEC14L1	9606
Q92504	SLC39A7	9606
Q92506	HSD17B8	9606
Q92508	PIEZO1	9606
Q92519	TRIB2	9606
Q92520	FAM3C	9606
Q92521	PIGB	9606
Q92522	H1-10	9606
Q92523	CPT1B	9606
Q92526	CCT6B	9606
Q92527	ANKRD7	9606
Q92529	SHC3	9606
Q92530	PSMF1	9606
Q92535	PIGC	9606
Q92536	SLC7A6	9606
Q92537	SUSD6	9606
Q92538	GBF1	9606
Q92539	LPIN2	9606
Q92540	SMG7	9606
Q92541	RTF1	9606
Q92542	NCSTN	9606
Q92543	SNX19	9606
Q92544	TM9SF4	9606
Q92545	TMEM131	9606
Q92546	RGP1	9606
Q92547	TOPBP1	9606
Q92551	IP6K1	9606
Q92552	MRPS27	9606
Q92556	ELMO1	9606
Q92558	WASF1	9606
Q92560	BAP1	9606
Q92561	PHYHIP	9606
Q92562	FIG4	9606
Q92563	SPOCK2	9606
Q92564	DCUN1D4	9606
Q92565	RAPGEF5	9606
Q92567	FAM168A	9606
Q92569	PIK3R3	9606
Q92570	NR4A3	9606
Q92572	AP3S1	9606
Q92574	TSC1	9606
Q92575	UBXN4	9606
Q92576	PHF3	9606
Q92581	SLC9A6	9606
Q92583	CCL17	9606
Q92585	MAML1	9606
Q92597	NDRG1	9606
Q92598	HSPH1	9606
Q92599	SEPTIN8	9606
Q925B0	Pawr	10090
Q925D8	Tas1r3	10090
Q925E0	Sntg2	10090
Q925E1	Sntg1	10090
Q925E7	Ppp2r2d	10090
Q925E8	Sptssb	10090
Q925F2	Esam	10090
Q925F3	Rnf144a	10090
Q925F4	Ubox5	10090
Q925G2	Cybrd1	10090
Q925H0	Asic2	10090
Q925H1	Trps1	10090
Q925H2	Krtap19-1	10090
Q925H3	Krtap6-5	10090
Q925H4	Krtap21-1	10090
Q925H6	Krtap19-3	10090
Q925H7	Krtap19-4	10090
Q925I0	Krtap19-2	10090
Q925I1	Atad3a	10090
Q925I4	Tas1r2	10090
Q925I7	Pdgfd	10090
Q925J9	Med1	10090
Q925K9	Tssk6	10090
Q925N0	Sfxn5	10090
Q925N1	Sfxn4	10090
Q925N2	Sfxn2	10090
Q925N4	Cldn16	10090
Q925P2	Ceacam2	10090
Q925Q3	Slc8b1	10090
Q925Q5	Gpha2	10090
Q925Q8	Dach2	10090
Q925S4	Il24	10090
Q925T6	Grip1	10090
Q925U0	Oosp1	10090
Q925U4	Edem1	10090
Q92600	CNOT9	9606
Q92604	LPGAT1	9606
Q92608	DOCK2	9606
Q92609	TBC1D5	9606
Q92610	ZNF592	9606
Q92611	EDEM1	9606
Q92613	JADE3	9606
Q92614	MYO18A	9606
Q92615	LARP4B	9606
Q92616	GCN1	9606
Q92617	NPIPB3	9606
Q92618	ZNF516	9606
Q92619	ARHGAP45	9606
Q92620	DHX38	9606
Q92621	NUP205	9606
Q92622	RUBCN	9606
Q92623	TTC9	9606
Q92624	APPBP2	9606
Q92625	ANKS1A	9606
Q92626	PXDN	9606
Q92628	KIAA0232	9606
Q92629	SGCD	9606
Q92630	DYRK2	9606
Q92633	LPAR1	9606
Q92636	NSMAF	9606
Q92637	FCGR1BP	9606
Q92643	PIGK	9606
Q92664	GTF3A	9606
Q92665	MRPS31	9606
Q92667	AKAP1	9606
Q92670	ZNF75CP	9606
Q92673	SORL1	9606
Q92674	CENPI	9606
Q92681	RSC1A1	9606
Q92685	ALG3	9606
Q92686	NRGN	9606
Q92688	ANP32B	9606
Q92692	NECTIN2	9606
Q92696	RABGGTA	9606
Q92698	RAD54L	9606
Q92729	PTPRU	9606
Q92730	RND1	9606
Q92731	ESR2	9606
Q92733	PRCC	9606
Q92734	TFG	9606
Q92736	RYR2	9606
Q92737	RASL10A	9606
Q92738	USP6NL	9606
Q92743	HTRA1	9606
Q92747	ARPC1A	9606
Q92748	THRSP	9606
Q92750	TAF4B	9606
Q92752	TNR	9606
Q92753	RORB	9606
Q92754	TFAP2C	9606
Q92759	GTF2H4	9606
Q92764	KRT35	9606
Q92765	FRZB	9606
Q92766	RREB1	9606
Q92769	HDAC2	9606
Q92771	DDX12P	9606
Q92772	CDKL2	9606
Q92777	SYN2	9606
Q92781	RDH5	9606
Q92782	DPF1	9606
Q92783	STAM	9606
Q92784	DPF3	9606
Q92785	DPF2	9606
Q92786	PROX1	9606
Q92791	P3H4	9606
Q92793	CREBBP	9606
Q92794	KAT6A	9606
Q92796	DLG3	9606
Q92797	SYMPK	9606
Q92800	EZH1	9606
Q92802	N4BP2L2	9606
Q92804	TAF15	9606
Q92805	GOLGA1	9606
Q92806	KCNJ9	9606
Q92813	DIO2	9606
Q92817	EVPL	9606
Q92819	HAS2	9606
Q92820	GGH	9606
Q92823	NRCAM	9606
Q92824	PCSK5	9606
Q92826	HOXB13	9606
Q92828	CORO2A	9606
Q92830	KAT2A	9606
Q92831	KAT2B	9606
Q92832	NELL1	9606
Q92833	JARID2	9606
Q92834	RPGR	9606
Q92835	INPP5D	9606
Q92837	FRAT1	9606
Q92838	EDA	9606
Q92839	HAS1	9606
Q92841	DDX17	9606
Q92843	BCL2L2	9606
Q92844	TANK	9606
Q92845	KIFAP3	9606
Q92847	GHSR	9606
Q92851	CASP10	9606
Q92854	SEMA4D	9606
Q92858	ATOH1	9606
Q92859	NEO1	9606
Q92870	APBB2	9606
Q92871	PMM1	9606
Q92874	DNASE1L2	9606
Q92876	KLK6	9606
Q92878	RAD50	9606
Q92879	CELF1	9606
Q92882	OSTF1	9606
Q92886	NEUROG1	9606
Q92887	ABCC2	9606
Q92888	ARHGEF1	9606
Q92889	ERCC4	9606
Q92890	UFD1	9606
Q92896	GLG1	9606
Q92900	UPF1	9606
Q92901	RPL3L	9606
Q92902	HPS1	9606
Q92903	CDS1	9606
Q92904	DAZL	9606
Q92905	COPS5	9606
Q92908	GATA6	9606
Q92911	SLC5A5	9606
Q92913	FGF13	9606
Q92914	FGF11	9606
Q92915	FGF14	9606
Q92917	GPKOW	9606
Q92918	MAP4K1	9606
Q92922	SMARCC1	9606
Q92925	SMARCD2	9606
Q92928	RAB1C	9606
Q92930	RAB8B	9606
Q92932	PTPRN2	9606
Q92934	BAD	9606
Q92935	EXTL1	9606
Q92945	KHSRP	9606
Q92947	GCDH	9606
Q92949	FOXJ1	9606
Q92952	KCNN1	9606
Q92953	KCNB2	9606
Q92954	PRG4	9606
Q92956	TNFRSF14	9606
Q92959	SLCO2A1	9606
Q92963	RIT1	9606
Q92966	SNAPC3	9606
Q92968	PEX13	9606
Q92973	TNPO1	9606
Q92974	ARHGEF2	9606
Q92979	EMG1	9606
Q92982	NINJ1	9606
Q92985	IRF7	9606
Q92988	DLX4	9606
Q92989	CLP1	9606
Q92990	GLMN	9606
Q92993	KAT5	9606
Q92994	BRF1	9606
Q92995	USP13	9606
Q92997	DVL3	9606
Q93008	USP9X	9606
Q93009	USP7	9606
Q93015	NAA80	9606
Q93033	CD101	9606
Q93034	CUL5	9606
Q93038	TNFRSF25	9606
Q93045	STMN2	9606
Q93050	ATP6V0A1	9606
Q93052	LPP	9606
Q93062	RBPMS	9606
Q93063	EXT2	9606
Q93070	ART4	9606
Q93073	SECISBP2L	9606
Q93074	MED12	9606
Q93075	TATDN2	9606
Q93077	H2AC6	9606
Q93079	H2BC9	9606
Q93083	MT1L	9606
Q93084	ATP2A3	9606
Q93086	P2RX5	9606
Q93088	BHMT	9606
Q93091	RNASE6	9606
Q93092	Taldo1	10090
Q93096	PTP4A1	9606
Q93097	WNT2B	9606
Q93098	WNT8B	9606
Q93099	HGD	9606
Q93100	PHKB	9606
Q95460	MR1	9606
Q969D9	TSLP	9606
Q969E1	LEAP2	9606
Q969E2	SCAMP4	9606
Q969E3	UCN3	9606
Q969E4	TCEAL3	9606
Q969E8	TSR2	9606
Q969F0	FATE1	9606
Q969F1	GTF3C6	9606
Q969F2	NKD2	9606
Q969F8	KISS1R	9606
Q969F9	HPS3	9606
Q969G2	LHX4	9606
Q969G3	SMARCE1	9606
Q969G5	CAVIN3	9606
Q969G6	RFK	9606
Q969G9	NKD1	9606
Q969H0	FBXW7	9606
Q969H4	CNKSR1	9606
Q969H6	POP5	9606
Q969H8	MYDGF	9606
Q969H9	DIRC1	9606
Q969I3	GLYATL1	9606
Q969I6	SLC38A4	9606
Q969J2	ZKSCAN4	9606
Q969J3	BORCS5	9606
Q969J5	IL22RA2	9606
Q969K3	RNF34	9606
Q969K4	ABTB1	9606
Q969K7	TMEM54	9606
Q969L2	MAL2	9606
Q969L4	LSM10	9606
Q969M1	TOMM40L	9606
Q969M2	GJA10	9606
Q969M3	YIPF5	9606
Q969M7	UBE2F	9606
Q969N2	PIGT	9606
Q969N4	TAAR8	9606
Q969P0	IGSF8	9606
Q969P5	FBXO32	9606
Q969P6	TOP1MT	9606
Q969Q0	RPL36AL	9606
Q969Q1	TRIM63	9606
Q969Q4	ARL11	9606
Q969Q5	RAB24	9606
Q969Q6	PPP2R3C	9606
Q969R2	OSBP2	9606
Q969R5	L3MBTL2	9606
Q969R8	ITFG2	9606
Q969S0	SLC35B4	9606
Q969S2	NEIL2	9606
Q969S3	ZNF622	9606
Q969S6	TMEM203	9606
Q969S8	HDAC10	9606
Q969S9	GFM2	9606
Q969T3	SNX21	9606
Q969T4	UBE2E3	9606
Q969T7	NT5C3B	9606
Q969T9	WBP2	9606
Q969U6	FBXW5	9606
Q969U7	PSMG2	9606
Q969V1	MCHR2	9606
Q969V3	NCLN	9606
Q969V4	TEKT1	9606
Q969V5	MUL1	9606
Q969V6	MRTFA	9606
Q969W0	SPTSSA	9606
Q969W1	ZDHHC16	9606
Q969W3	VCF1	9606
Q969W8	ZNF566	9606
Q969W9	PMEPA1	9606
Q969X0	RILPL2	9606
Q969X1	TMBIM1	9606
Q969X2	ST6GALNAC6	9606
Q969X5	ERGIC1	9606
Q969X6	UTP4	9606
Q969Y0	NXPE3	9606
Q969Y2	GTPBP3	9606
Q969Z0	TBRG4	9606
Q969Z3	MTARC2	9606
Q969Z4	RELT	9606
Q96A00	PPP1R14A	9606
Q96A04	TSACC	9606
Q96A05	ATP6V1E2	9606
Q96A08	H2BC1	9606
Q96A09	TENT5B	9606
Q96A11	GAL3ST3	9606
Q96A19	CCDC102A	9606
Q96A22	C11orf52	9606
Q96A23	CPNE4	9606
Q96A25	TMEM106A	9606
Q96A26	FAM162A	9606
Q96A28	SLAMF9	9606
Q96A29	SLC35C1	9606
Q96A32	MYL11	9606
Q96A33	CCDC47	9606
Q96A35	MRPL24	9606
Q96A37	RNF166	9606
Q96A44	SPSB4	9606
Q96A46	SLC25A28	9606
Q96A47	ISL2	9606
Q96A49	SYAP1	9606
Q96A54	ADIPOR1	9606
Q96A56	TP53INP1	9606
Q96A57	TMEM230	9606
Q96A58	RERG	9606
Q96A59	MARVELD3	9606
Q96A61	TRIM52	9606
Q96A65	EXOC4	9606
Q96A70	AZIN2	9606
Q96A72	MAGOHB	9606
Q96A73	KIAA1191	9606
Q96A83	COL26A1	9606
Q96A84	EMID1	9606
Q96A98	PTH2	9606
Q96A99	PTX4	9606
Q96AA3	RFT1	9606
Q96AA8	JAKMIP2	9606
Q96AB3	ISOC2	9606
Q96AB6	NTAN1	9606
Q96AC1	FERMT2	9606
Q96AC6	KIFC2	9606
Q96AD5	PNPLA2	9606
Q96AE4	FUBP1	9606
Q96AE7	TTC17	9606
Q96AG3	SLC25A46	9606
Q96AG4	LRRC59	9606
Q96AH0	NABP1	9606
Q96AH8	RAB7B	9606
Q96AJ1	CLUAP1	9606
Q96AJ9	VTI1A	9606
Q96AK3	APOBEC3D	9606
Q96AM1	MRGPRF	9606
Q96AN5	TMEM143	9606
Q96AP0	ACD	9606
Q96AP4	ZUP1	9606
Q96AP7	ESAM	9606
Q96AQ1	CCDC74A	9606
Q96AQ2	TMEM125	9606
Q96AQ6	PBXIP1	9606
Q96AQ7	CIDEC	9606
Q96AQ8	MCUR1	9606
Q96AQ9	FAM131C	9606
Q96AT1	KIAA1143	9606
Q96AT9	RPE	9606
Q96AV8	E2F7	9606
Q96AW1	VOPP1	9606
Q96AX1	VPS33A	9606
Q96AX2	RAB37	9606
Q96AX9	MIB2	9606
Q96AY2	EME1	9606
Q96AY3	FKBP10	9606
Q96AY4	TTC28	9606
Q96AZ1	EEF1AKMT3	9606
Q96AZ6	ISG20	9606
Q96B01	RAD51AP1	9606
Q96B02	UBE2W	9606
Q96B18	DACT3	9606
Q96B21	TMEM45B	9606
Q96B23	ARK2N	9606
Q96B26	EXOSC8	9606
Q96B33	CLDN23	9606
Q96B36	AKT1S1	9606
Q96B42	TMEM18	9606
Q96B45	BORCS7	9606
Q96B49	TOMM6	9606
Q96B54	ZNF428	9606
Q96B67	ARRDC3	9606
Q96B70	LENG9	9606
Q96B77	TMEM186	9606
Q96B86	RGMA	9606
Q96B96	LDAF1	9606
Q96B97	SH3KBP1	9606
Q96BA8	CREB3L1	9606
Q96BD0	SLCO4A1	9606
Q96BD5	PHF21A	9606
Q96BD6	SPSB1	9606
Q96BD8	SKA1	9606
Q96BF3	TMIGD2	9606
Q96BF6	NACC2	9606
Q96BH1	RNF25	9606
Q96BH3	ELSPBP1	9606
Q96BI1	SLC67A1	9606
Q96BI3	APH1A	9606
Q96BJ3	AIDA	9606
Q96BJ8	ELMO3	9606
Q96BK5	PINX1	9606
Q96BM0	IFI27L1	9606
Q96BM1	ANKRD9	9606
Q96BM9	ARL8A	9606
Q96BN2	TADA1	9606
Q96BN6	FAM149B1	9606
Q96BN8	OTULIN	9606
Q96BP2	CHCHD1	9606
Q96BP3	PPWD1	9606
Q96BQ1	FAM3D	9606
Q96BQ3	TRIM43	9606
Q96BQ5	CCDC127	9606
Q96BR1	SGK3	9606
Q96BR5	COA7	9606
Q96BR6	ZNF669	9606
Q96BR9	ZBTB8A	9606
Q96BS2	TESC	9606
Q96BT1	C3orf49	9606
Q96BT3	CENPT	9606
Q96BT7	ALKBH8	9606
Q96BU1	S100PBP	9606
Q96BV0	ZNF775	9606
Q96BW1	UPRT	9606
Q96BW5	PTER	9606
Q96BW9	TAMM41	9606
Q96BX8	MOB3A	9606
Q96BY2	MOAP1	9606
Q96BY6	DOCK10	9606
Q96BY7	ATG2B	9606
Q96BY9	SARAF	9606
Q96BZ4	PLD4	9606
Q96BZ8	LENG1	9606
Q96BZ9	TBC1D20	9606
Q96C00	ZBTB9	9606
Q96C01	TIMCC	9606
Q96C03	MIEF2	9606
Q96C10	DHX58	9606
Q96C11	FGGY	9606
Q96C12	ARMC5	9606
Q96C19	EFHD2	9606
Q96C23	GALM	9606
Q96C24	SYTL4	9606
Q96C28	ZNF707	9606
Q96C34	RUNDC1	9606
Q96C36	PYCR2	9606
Q96C45	ULK4	9606
Q96C55	ZNF524	9606
Q96C57	CUSTOS	9606
Q96C74	ROPN1L	9606
Q96C86	DCPS	9606
Q96C90	PPP1R14B	9606
Q96C92	ENTR1	9606
Q96CA5	BIRC7	9606
Q96CB5	C8orf44	9606
Q96CB8	INTS12	9606
Q96CB9	NSUN4	9606
Q96CC6	RHBDF1	9606
Q96CD0	FBXL8	9606
Q96CD2	PPCDC	9606
Q96CE8	TM4SF18	9606
Q96CF2	CHMP4C	9606
Q96CG3	TIFA	9606
Q96CG8	CTHRC1	9606
Q96CH1	GPR146	9606
Q96CJ1	EAF2	9606
Q96CK0	ZNF653	9606
Q96CM3	RPUSD4	9606
Q96CM4	NXNL1	9606
Q96CM8	ACSF2	9606
Q96CN4	EVI5L	9606
Q96CN5	LRRC45	9606
Q96CN7	ISOC1	9606
Q96CN9	GCC1	9606
Q96CP2	FLYWCH2	9606
Q96CP6	GRAMD1A	9606
Q96CP7	TLCD1	9606
Q96CQ1	SLC25A36	9606
Q96CS2	HAUS1	9606
Q96CS3	FAF2	9606
Q96CS4	ZNF689	9606
Q96CS7	PLEKHB2	9606
Q96CT2	KLHL29	9606
Q96CT7	CCDC124	9606
Q96CU9	FOXRED1	9606
Q96CV9	OPTN	9606
Q96CW1	AP2M1	9606
Q96CW5	TUBGCP3	9606
Q96CW6	SLC7A6OS	9606
Q96CW9	NTNG2	9606
Q96CX2	KCTD12	9606
Q96CX3	ZNF501	9606
Q96CX6	LRRC58	9606
Q96D03	DDIT4L	9606
Q96D05	FAM241B	9606
Q96D09	GPRASP2	9606
Q96D15	RCN3	9606
Q96D21	RASD2	9606
Q96D31	ORAI1	9606
Q96D42	HAVCR1	9606
Q96D46	NMD3	9606
Q96D53	COQ8B	9606
Q96D59	RNF183	9606
Q96D70	R3HDM4	9606
Q96D71	REPS1	9606
Q96D96	HVCN1	9606
Q96D98	EID2B	9606
Q96DA0	ZG16B	9606
Q96DA2	RAB39B	9606
Q96DA6	DNAJC19	9606
Q96DB2	HDAC11	9606
Q96DB5	RMDN1	9606
Q96DB9	FXYD5	9606
Q96DC7	TMCO6	9606
Q96DC8	ECHDC3	9606
Q96DC9	OTUB2	9606
Q96DD0	LRRC39	9606
Q96DD7	SHISA4	9606
Q96DE0	NUDT16	9606
Q96DE5	ANAPC16	9606
Q96DE9	EOLA2	9606
Q96DF8	ESS2	9606
Q96DG6	CMBL	9606
Q96DH6	MSI2	9606
Q96DI7	SNRNP40	9606
Q96DL1	NXPE2	9606
Q96DM1	PGBD4	9606
Q96DM3	RMC1	9606
Q96DN0	ERP27	9606
Q96DN2	VWCE	9606
Q96DN5	TBC1D31	9606
Q96DN6	MBD6	9606
Q96DP5	MTFMT	9606
Q96DR4	STARD4	9606
Q96DR5	BPIFA2	9606
Q96DR7	ARHGEF26	9606
Q96DR8	MUCL1	9606
Q96DS6	MS4A6E	9606
Q96DT0	LGALS12	9606
Q96DT5	DNAH11	9606
Q96DT6	ATG4C	9606
Q96DT7	ZBTB10	9606
Q96DU3	SLAMF6	9606
Q96DU7	ITPKC	9606
Q96DU9	PABPC5	9606
Q96DV4	MRPL38	9606
Q96DW6	SLC25A38	9606
Q96DX4	RSPRY1	9606
Q96DX5	ASB9	9606
Q96DX7	TRIM44	9606
Q96DX8	RTP4	9606
Q96DY2	DRC10	9606
Q96DY5	Rnf112	10090
Q96DY7	MTBP	9606
Q96DZ1	ERLEC1	9606
Q96DZ5	CLIP3	9606
Q96DZ7	TM4SF19	9606
Q96DZ9	CMTM5	9606
Q96E09	PABIR1	9606
Q96E11	MRRF	9606
Q96E14	RMI2	9606
Q96E16	SMIM19	9606
Q96E17	RAB3C	9606
Q96E22	NUS1	9606
Q96E29	MTERF3	9606
Q96E35	ZMYND19	9606
Q96E39	RBMXL1	9606
Q96E40	SPACA9	9606
Q96E52	OMA1	9606
Q96E66	LRRC51	9606
Q96E93	KLRG1	9606
Q96EA4	SPDL1	9606
Q96EB1	ELP4	9606
Q96EB6	SIRT1	9606
Q96EC8	YIPF6	9606
Q96ED9	HOOK2	9606
Q96EE3	SEH1L	9606
Q96EE4	CCDC126	9606
Q96EF0	MTMR8	9606
Q96EF6	FBXO17	9606
Q96EF9	ZHX1-C8orf76	9606
Q96EG1	ARSG	9606
Q96EG3	ZNF837	9606
Q96EH3	MALSU1	9606
Q96EH5	RPL39L	9606
Q96EH8	NEURL3	9606
Q96EI5	TCEAL4	9606
Q96EK2	PHF21B	9606
Q96EK4	THAP11	9606
Q96EK5	KIFBP	9606
Q96EK6	GNPNAT1	9606
Q96EK7	FAM120B	9606
Q96EK9	KTI12	9606
Q96EL1	INKA1	9606
Q96EL2	MRPS24	9606
Q96EL3	MRPL53	9606
Q96EM0	L3HYPDH	9606
Q96EN8	MOCOS	9606
Q96EN9	REX1BD	9606
Q96EP0	RNF31	9606
Q96EP1	CHFR	9606
Q96EP5	DAZAP1	9606
Q96EP9	SLC10A4	9606
Q96EQ0	SGTB	9606
Q96EQ8	RNF125	9606
Q96EQ9	Prdm9	10090
Q96ER3	SAAL1	9606
Q96ER9	CCDC51	9606
Q96ES6	SLC33A2	9606
Q96ES7	SGF29	9606
Q96ET8	TVP23C	9606
Q96EU6	RRP36	9606
Q96EU7	C1GALT1C1	9606
Q96EV2	RBM33	9606
Q96EV8	DTNBP1	9606
Q96EW2	HSPBAP1	9606
Q96EX1	SMIM12	9606
Q96EX2	RNFT2	9606
Q96EX3	DYNC2I2	9606
Q96EY1	DNAJA3	9606
Q96EY4	TMA16	9606
Q96EY5	MVB12A	9606
Q96EY7	PTCD3	9606
Q96EY8	MMAB	9606
Q96EY9	ADAT3	9606
Q96EZ4	MYEOV	9606
Q96EZ8	MCRS1	9606
Q96F05	C11orf24	9606
Q96F07	CYFIP2	9606
Q96F10	SAT2	9606
Q96F15	GIMAP5	9606
Q96F24	NRBF2	9606
Q96F25	ALG14	9606
Q96F44	TRIM11	9606
Q96F45	ZNF503	9606
Q96F46	IL17RA	9606
Q96F63	CCDC97	9606
Q96F81	DISP1	9606
Q96F83	CLBA1	9606
Q96F85	CNRIP1	9606
Q96F86	EDC3	9606
Q96FA3	PELI1	9606
Q96FA7	ZBED10P	9606
Q96FB5	METTL25B	9606
Q96FC7	PHYHIPL	9606
Q96FC9	DDX11	9606
Q96FE5	LINGO1	9606
Q96FE7	PIK3IP1	9606
Q96FF7	MISP3	9606
Q96FF9	CDCA5	9606
Q96FG2	ELMOD3	9606
Q96FH0	BORCS8	9606
Q96FI4	NEIL1	9606
Q96FJ0	STAMBPL1	9606
Q96FJ2	DYNLL2	9606
Q96FK6	WDR89	9606
Q96FL8	SLC47A1	9606
Q96FL9	GALNT14	9606
Q96FM1	PGAP3	9606
Q96FN4	CPNE2	9606
Q96FN5	KIF12	9606
Q96FN9	DTD2	9606
Q96FQ6	S100A16	9606
Q96FQ7	LINC00526	9606
Q96FS4	SIPA1	9606
Q96FT7	ASIC4	9606
Q96FT9	IFT43	9606
Q96FV0	LRRC46	9606
Q96FV2	SCRN2	9606
Q96FV3	TSPAN17	9606
Q96FV9	THOC1	9606
Q96FW1	OTUB1	9606
Q96FX2	DPH3	9606
Q96FX7	TRMT61A	9606
Q96FX8	PERP	9606
Q96FZ2	HMCES	9606
Q96FZ5	CMTM7	9606
Q96FZ7	CHMP6	9606
Q96G01	BICD1	9606
Q96G03	PGM2	9606
Q96G04	EEF2KMT	9606
Q96G21	IMP4	9606
Q96G23	CERS2	9606
Q96G25	MED8	9606
Q96G27	WBP1	9606
Q96G28	CFAP36	9606
Q96G30	MRAP2	9606
Q96G42	KLHDC7B	9606
Q96G46	DUS3L	9606
Q96G61	NUDT11	9606
Q96G74	OTUD5	9606
Q96G75	RMND5B	9606
Q96G79	SLC35A4	9606
Q96G91	P2RY11	9606
Q96G97	BSCL2	9606
Q96GA3	LTV1	9606
Q96GA7	SDSL	9606
Q96GC5	MRPL48	9606
Q96GC6	ZNF274	9606
Q96GC9	VMP1	9606
Q96GD0	PDXP	9606
Q96GD3	SCMH1	9606
Q96GD4	AURKB	9606
Q96GE4	CEP95	9606
Q96GE5	ZNF799	9606
Q96GE6	CALML4	9606
Q96GE9	DMAC1	9606
Q96GF1	RNF185	9606
Q96GG9	DCUN1D1	9606
Q96GI7	FAM89A	9606
Q96GJ1	TRMT2B	9606
Q96GK7	FAHD2A	9606
Q96GL9	FAM163A	9606
Q96GM1	PLPPR2	9606
Q96GM5	SMARCD1	9606
Q96GM8	TOE1	9606
Q96GN5	CDCA7L	9606
Q96GP6	SCARF2	9606
Q96GQ5	RUSF1	9606
Q96GQ7	DDX27	9606
Q96GR2	ACSBG1	9606
Q96GR4	ZDHHC12	9606
Q96GS4	BORCS6	9606
Q96GS6	ABHD17A	9606
Q96GT9	XAGE2	9606
Q96GU1	PAGE5	9606
Q96GV9	MACIR	9606
Q96GW7	BCAN	9606
Q96GW9	MARS2	9606
Q96GX1	TCTN2	9606
Q96GX2	ATXN7L3B	9606
Q96GX5	MASTL	9606
Q96GX8	C16orf74	9606
Q96GX9	APIP	9606
Q96GY0	ZC2HC1A	9606
Q96GY3	LIN37	9606
Q96GZ6	SLC41A3	9606
Q96H12	MSANTD3	9606
Q96H15	TIMD4	9606
Q96H20	SNF8	9606
Q96H22	CENPN	9606
Q96H35	RBM18	9606
Q96H40	ZNF486	9606
Q96H55	MYO19	9606
Q96H72	SLC39A13	9606
Q96H78	SLC25A44	9606
Q96H79	ZC3HAV1L	9606
Q96H86	ZNF764	9606
Q96H96	COQ2	9606
Q96HA1	POM121	9606
Q96HA4	C1orf159	9606
Q96HA7	TONSL	9606
Q96HA8	NTAQ1	9606
Q96HA9	PEX11G	9606
Q96HB5	CCDC120	9606
Q96HC4	PDLIM5	9606
Q96HD1	CRELD1	9606
Q96HD9	ACY3	9606
Q96HE7	ERO1A	9606
Q96HE8	TMEM80	9606
Q96HE9	PRR11	9606
Q96HF1	SFRP2	9606
Q96HG1	SMIM10	9606
Q96HH4	TMEM169	9606
Q96HH6	TMEM19	9606
Q96HH9	GRAMD2B	9606
Q96HI0	SENP5	9606
Q96HJ3	CCDC34	9606
Q96HJ5	MS4A3	9606
Q96HJ9	FMC1	9606
Q96HL8	SH3YL1	9606
Q96HM7	PCED1B	9606
Q96HN2	AHCYL2	9606
Q96HP0	DOCK6	9606
Q96HP4	OXNAD1	9606
Q96HP8	TMEM176A	9606
Q96HQ0	ZNF419	9606
Q96HQ2	CDKN2AIPNL	9606
Q96HR3	MED30	9606
Q96HR8	NAF1	9606
Q96HR9	REEP6	9606
Q96HS1	PGAM5	9606
Q96HT8	MRFAP1L1	9606
Q96HU1	SGSM3	9606
Q96HU8	DIRAS2	9606
Q96HV5	TMEM41A	9606
Q96HW7	INTS4	9606
Q96HY6	DDRGK1	9606
Q96HY7	DHTKD1	9606
Q96HZ4	HES6	9606
Q96HZ7	URB1-AS1	9606
Q96I13	ABHD8	9606
Q96I15	SCLY	9606
Q96I23	PYURF	9606
Q96I24	FUBP3	9606
Q96I25	RBM17	9606
Q96I27	ZNF625	9606
Q96I34	PPP1R16A	9606
Q96I36	COX14	9606
Q96I45	TMEM141	9606
Q96I51	RCC1L	9606
Q96I59	NARS2	9606
Q96I76	GPATCH3	9606
Q96I82	KAZALD1	9606
Q96I99	SUCLG2	9606
Q96IC2	REXO5	9606
Q96ID5	IGSF21	9606
Q96IF1	AJUBA	9606
Q96IG2	FBXL20	9606
Q96II8	LRCH3	9606
Q96IJ6	GMPPA	9606
Q96IK0	TMEM101	9606
Q96IK1	BOD1	9606
Q96IK5	GMCL1	9606
Q96IL0	COA8	9606
Q96IM9	DYDC2	9606
Q96IP4	TENT5A	9606
Q96IQ7	VSIG2	9606
Q96IQ9	ZNF414	9606
Q96IR2	ZNF845	9606
Q96IR7	HPDL	9606
Q96IS3	RAX2	9606
Q96IT1	ZNF496	9606
Q96IT6	ARHGAP5-AS1	9606
Q96IU2	ZBED3	9606
Q96IU4	ABHD14B	9606
Q96IV0	NGLY1	9606
Q96IV6	FAXDC2	9606
Q96IW2	SHD	9606
Q96IW7	SEC22A	9606
Q96IX5	ATP5MK	9606
Q96IX9	ANKRD36BP1	9606
Q96IY1	NSL1	9606
Q96IY4	CPB2	9606
Q96IZ0	PAWR	9606
Q96IZ2	ADTRP	9606
Q96IZ5	RBM41	9606
Q96IZ6	METTL2A	9606
Q96IZ7	RSRC1	9606
Q96J01	THOC3	9606
Q96J02	ITCH	9606
Q96J42	TXNDC15	9606
Q96J65	ABCC12	9606
Q96J66	ABCC11	9606
Q96J77	TPD52L3	9606
Q96J84	KIRREL1	9606
Q96J86	CYYR1	9606
Q96J87	CELF6	9606
Q96J88	EPSTI1	9606
Q96J92	WNK4	9606
Q96J94	PIWIL1	9606
Q96JA1	LRIG1	9606
Q96JA3	PLEKHA8	9606
Q96JA4	MS4A14	9606
Q96JB1	DNAH8	9606
Q96JB2	COG3	9606
Q96JB3	HIC2	9606
Q96JB5	CDK5RAP3	9606
Q96JB6	LOXL4	9606
Q96JB8	MPP4	9606
Q96JC1	VPS39	9606
Q96JC4	ZNF479	9606
Q96JC9	EAF1	9606
Q96JD6	AKR1E2	9606
Q96JE7	SEC16B	9606
Q96JE9	MAP6	9606
Q96JF0	ST6GAL2	9606
Q96JF6	ZNF594	9606
Q96JG6	VPS50	9606
Q96JG8	MAGED4; MAGED4B	9606
Q96JG9	ZNF469	9606
Q96JH7	VCPIP1	9606
Q96JH8	RADIL	9606
Q96JI7	SPG11	9606
Q96JJ3	ELMO2	9606
Q96JJ6	JPH4	9606
Q96JJ7	TMX3	9606
Q96JK2	DCAF5	9606
Q96JK4	HHIPL1	9606
Q96JK9	MAML3	9606
Q96JL9	ZNF333	9606
Q96JM2	ZNF462	9606
Q96JM3	CHAMP1	9606
Q96JM4	LRRIQ1	9606
Q96JM7	L3MBTL3	9606
Q96JN0	LCOR	9606
Q96JN2	CCDC136	9606
Q96JN8	NEURL4	9606
Q96JP0	FEM1C	9606
Q96JP2	MYO15B	9606
Q96JP5	ZFP91	9606
Q96JP9	CDHR1	9606
Q96JQ0	DCHS1	9606
Q96JQ2	CLMN	9606
Q96JQ5	MS4A4A	9606
Q96JS3	PGBD1	9606
Q96JT2	SLC45A3	9606
Q96JW4	SLC41A2	9606
Q96JX3	SERAC1	9606
Q96JY0	MAEL	9606
Q96JY6	PDLIM2	9606
Q96JZ2	HSH2D	9606
Q96K12	FAR2	9606
Q96K17	BTF3L4	9606
Q96K19	RNF170	9606
Q96K21	ZFYVE19	9606
Q96K30	RITA1	9606
Q96K31	C8orf76	9606
Q96K37	SLC35E1	9606
Q96K49	TMEM87B	9606
Q96K58	ZNF668	9606
Q96K62	ZBTB45	9606
Q96K75	ZNF514	9606
Q96K76	USP47	9606
Q96K78	ADGRG7	9606
Q96K80	ZC3H10	9606
Q96K83	ZNF521	9606
Q96KA5	CLPTM1L	9606
Q96KB5	PBK	9606
Q96KC2	ARL5B	9606
Q96KC8	DNAJC1	9606
Q96KC9	CABS1	9606
Q96KD3	GARIN1B	9606
Q96KE9	BTBD6	9606
Q96KF2	PRAC1	9606
Q96KF7	SMIM8	9606
Q96KG7	MEGF10	9606
Q96KG9	SCYL1	9606
Q96KJ4	MSLNL	9606
Q96KJ9	COX4I2	9606
Q96KK3	KCNS1	9606
Q96KK4	OR10C1	9606
Q96KK5	H2AC12	9606
Q96KM6	ZNF512B	9606
Q96KN1	LRATD2	9606
Q96KN2	CNDP1	9606
Q96KN3	PKNOX2	9606
Q96KN4	LRATD1	9606
Q96KN7	RPGRIP1	9606
Q96KN8	PLAAT5	9606
Q96KN9	GJD4	9606
Q96KP1	EXOC2	9606
Q96KP4	CNDP2	9606
Q96KP6	TNIP3	9606
Q96KQ4	PPP1R13B	9606
Q96KQ7	EHMT2	9606
Q96KR1	ZFR	9606
Q96KR4	LMLN	9606
Q96KR6	MIMS2	9606
Q96KR7	PHACTR3	9606
Q96KS0	EGLN2	9606
Q96KS9	FAM167A	9606
Q96KT0	FAM167A-AS1	9606
Q96KT6	LINC00208	9606
Q96KT7	SLC35G5	9606
Q96KV6	BTN2A3P	9606
Q96KV7	WDR90	9606
Q96KW2	POM121L2	9606
Q96KW9	SPACA7	9606
Q96KX0	LYZL4	9606
Q96KX1	C4orf36	9606
Q96KX2	CAPZA3	9606
Q96L03	SPATA17	9606
Q96L08	SUSD3	9606
Q96L11	LLCFC1	9606
Q96L12	CALR3	9606
Q96L14	CEP170P1	9606
Q96L15	ART5	9606
Q96L21	RPL10L	9606
Q96L33	RHOV	9606
Q96L34	MARK4	9606
Q96L42	KCNH8	9606
Q96L46	CAPNS2	9606
Q96L50	LRR1	9606
Q96L58	B3GALT6	9606
Q96L73	NSD1	9606
Q96L91	EP400	9606
Q96L92	SNX27	9606
Q96L93	KIF16B	9606
Q96L94	SNX22	9606
Q96L96	ALPK3	9606
Q96LA5	FCRL2	9606
Q96LA6	FCRL1	9606
Q96LA8	PRMT6	9606
Q96LA9	MRGPRX4	9606
Q96LB0	MRGPRX3	9606
Q96LB1	MRGPRX2	9606
Q96LB2	MRGPRX1	9606
Q96LB3	IFT74	9606
Q96LB4	ATP6V1G3	9606
Q96LB8	PGLYRP4	9606
Q96LB9	PGLYRP3	9606
Q96LC7	SIGLEC10	9606
Q96LC9	BMF	9606
Q96LD1	SGCZ	9606
Q96LD4	TRIM47	9606
Q96LD8	SENP8	9606
Q96LI5	CNOT6L	9606
Q96LI6	HSFY1; HSFY2	9606
Q96LI9	CXorf58	9606
Q96LJ7	DHRS1	9606
Q96LJ8	UBXN10	9606
Q96LK0	CEP19	9606
Q96LK8	SPATA32	9606
Q96LL3	FIMP	9606
Q96LL4	C8orf48	9606
Q96LL9	DNAJC30	9606
Q96LM1	LINC00615	9606
Q96LM5	SPMIP2	9606
Q96LM6	SPMIP9	9606
Q96LM9	C20orf173	9606
Q96LP2	FAM81B	9606
Q96LP6	C12orf42	9606
Q96LQ0	PPP1R36	9606
Q96LR2	LURAP1	9606
Q96LR4	TAFA4	9606
Q96LR5	UBE2E2	9606
Q96LR7	CIMIP5	9606
Q96LR9	APOLD1	9606
Q96LS8	C2orf48	9606
Q96LT4	SAMD8	9606
Q96LT6	C1orf74	9606
Q96LT7	C9orf72	9606
Q96LT9	RNPC3	9606
Q96LU5	IMMP1L	9606
Q96LU7	MYRFL	9606
Q96LW1	ZNF354B	9606
Q96LW2	RSKR	9606
Q96LW4	PRIMPOL	9606
Q96LW7	CARD19	9606
Q96LW9	ZSCAN31	9606
Q96LX7	CCDC17	9606
Q96LX8	ZNF597	9606
Q96LY2	CCDC74B	9606
Q96LZ2	MAGEB10	9606
Q96LZ3	PPP3R2	9606
Q96LZ7	RMDN2	9606
Q96M02	C10orf90	9606
Q96M11	HYLS1	9606
Q96M15	IGF2BP2-AS1	9606
Q96M19	LINC00477	9606
Q96M20	CNBD2	9606
Q96M27	PRRC1	9606
Q96M29	TEKT5	9606
Q96M32	AK7	9606
Q96M34	TEX55	9606
Q96M42	LINC00479	9606
Q96M43	NBPF4	9606
Q96M53	TBATA	9606
Q96M60	FAM227B	9606
Q96M61	MAGEB18	9606
Q96M63	ODAD1	9606
Q96M69	LRGUK	9606
Q96M78	FER1L6-AS2	9606
Q96M83	CCDC7	9606
Q96M86	DNHD1	9606
Q96M89	CCDC138	9606
Q96M91	CFAP53	9606
Q96M93	ADAD1	9606
Q96M94	KLHL15	9606
Q96M95	CCDC42	9606
Q96M96	FGD4	9606
Q96M98	PACRG	9606
Q96MA1	DMRTB1	9606
Q96MA6	AK8	9606
Q96MB7	HARBI1	9606
Q96MC2	DRC1	9606
Q96MC4	CEP295NL	9606
Q96MC5	BMERB1	9606
Q96MC6	SLC71A1	9606
Q96MC9	IKBKE-AS1	9606
Q96MD2	KICS2	9606
Q96MD7	C9orf85	9606
Q96ME1	FBXL18	9606
Q96ME7	ZNF512	9606
Q96MF2	STAC3	9606
Q96MF4	CCDC140	9606
Q96MF6	COQ10A	9606
Q96MF7	NSMCE2	9606
Q96MG2	JSRP1	9606
Q96MG7	NSMCE3	9606
Q96MG8	PCMTD1	9606
Q96MH2	HEXIM2	9606
Q96MH6	TMEM68	9606
Q96MH7	C5orf34	9606
Q96MI6	PPM1M	9606
Q96MI9	AGBL1	9606
Q96MK2	RIPOR3	9606
Q96MK3	FAM20A	9606
Q96MM3	ZFP42	9606
Q96MM6	HSPA12B	9606
Q96MM7	HS6ST2	9606
Q96MN2	NLRP4	9606
Q96MN5	TCEANC2	9606
Q96MN9	ZNF488	9606
Q96MP5	ZSWIM3	9606
Q96MP8	KCTD7	9606
Q96MR6	CFAP57	9606
Q96MR7	OBSCN-AS1	9606
Q96MR9	ZNF560	9606
Q96MS0	ROBO3	9606
Q96MS3	GLT1D1	9606
Q96MT1	RNF145	9606
Q96MT3	PRICKLE1	9606
Q96MT4	LINC01600	9606
Q96MT7	CFAP44	9606
Q96MT8	CEP63	9606
Q96MU5	CD300LD-AS1	9606
Q96MU6	ZNF778	9606
Q96MU7	YTHDC1	9606
Q96MU8	KREMEN1	9606
Q96MV1	TLCD4	9606
Q96MV8	ZDHHC15	9606
Q96MW1	CCDC43	9606
Q96MW5	COG8	9606
Q96MW7	TIGD1	9606
Q96MX0	CMTM3	9606
Q96MX3	ZNF48	9606
Q96MX6	DNAAF10	9606
Q96MY1	NOL4L	9606
Q96MY7	FAM161B	9606
Q96MZ0	GDAP1L1	9606
Q96MZ4	FAM218A	9606
Q96N03	VSTM2L	9606
Q96N06	SPATA33	9606
Q96N11	INTS15	9606
Q96N16	JAKMIP1	9606
Q96N19	GPR137	9606
Q96N20	ZNF75A	9606
Q96N21	TEPSIN	9606
Q96N22	ZNF681	9606
Q96N23	CFAP54	9606
Q96N28	PRELID3A	9606
Q96N35	LINC00052	9606
Q96N38	ZNF714	9606
Q96N46	TTC14	9606
Q96N53	PRDM10-DT	9606
Q96N58	ZNF578	9606
Q96N64	PWWP2A	9606
Q96N66	MBOAT7	9606
Q96N67	DOCK7	9606
Q96N68	C18orf15	9606
Q96N76	UROC1	9606
Q96N77	ZNF641	9606
Q96N87	SLC6A18	9606
Q96N95	ZNF396	9606
Q96N96	SPATA13	9606
Q96NA2	RILP	9606
Q96NA8	TSNARE1	9606
Q96NB1	CEP20	9606
Q96NB2	SFXN2	9606
Q96NB3	ZNF830	9606
Q96NC0	ZMAT2	9606
Q96ND0	MIMS1	9606
Q96ND8	ZNF583	9606
Q96NE9	FRMD6	9606
Q96NG3	ODAD4	9606
Q96NG5	ZNF558	9606
Q96NG8	ZNF582	9606
Q96NH3	TBC1D32	9606
Q96NI6	LRFN5	9606
Q96NI8	ZNF570	9606
Q96NJ3	ZNF285	9606
Q96NJ5	KLHL32	9606
Q96NJ6	ZFP3	9606
Q96NK8	NEUROD6	9606
Q96NL0	RUNDC3B	9606
Q96NL1	TMEM74	9606
Q96NL3	ZNF599	9606
Q96NL6	SCLT1	9606
Q96NL8	CFAP418	9606
Q96NM4	TOX2	9606
Q96NN9	AIFM3	9606
Q96NR3	PTCHD1	9606
Q96NR7	WWC2-AS2	9606
Q96NR8	RDH12	9606
Q96NS1	YPEL4	9606
Q96NS5	ASB16	9606
Q96NS8	CLUHP3	9606
Q96NT0	VMA22	9606
Q96NT1	NAP1L5	9606
Q96NT3	GUCD1	9606
Q96NT5	SLC46A1	9606
Q96NU0	CNTNAP3B	9606
Q96NU1	SAMD11	9606
Q96NU7	AMDHD1	9606
Q96NW4	ANKRD27	9606
Q96NW7	LRRC7	9606
Q96NX5	CAMK1G	9606
Q96NX9	DACH2	9606
Q96NY7	CLIC6	9606
Q96NY8	NECTIN4	9606
Q96NY9	MUS81	9606
Q96NZ1	FOXN4	9606
Q96NZ8	WFIKKN1	9606
Q96NZ9	PRAP1	9606
Q96P09	BIRC8	9606
Q96P11	NSUN5	9606
Q96P15	SERPINB11	9606
Q96P16	RPRD1A	9606
Q96P20	NLRP3	9606
Q96P26	NT5C1B	9606
Q96P31	FCRL3	9606
Q96P44	COL21A1	9606
Q96P47	AGAP3	9606
Q96P48	ARAP1	9606
Q96P50	ACAP3	9606
Q96P53	WDFY2	9606
Q96P56	CATSPER2	9606
Q96P63	SERPINB12	9606
Q96P64	AGAP4	9606
Q96P65	QRFPR	9606
Q96P66	GPR101	9606
Q96P67	GPR82	9606
Q96P68	OXGR1	9606
Q96P69	GPR78	9606
Q96P70	IPO9	9606
Q96P71	NECAB3	9606
Q96P88	GNRHR2	9606
Q96PB1	CASD1	9606
Q96PB7	OLFM3	9606
Q96PB8	LRRC3B	9606
Q96PC2	IP6K3	9606
Q96PC3	AP1S3	9606
Q96PC5	MIA2	9606
Q96PD2	DCBLD2	9606
Q96PD4	IL17F	9606
Q96PD5	PGLYRP2	9606
Q96PD6	MOGAT1	9606
Q96PD7	DGAT2	9606
Q96PE1	ADGRA2	9606
Q96PE2	ARHGEF17	9606
Q96PE3	INPP4A	9606
Q96PE5	OPALIN	9606
Q96PE6	ZIM3	9606
Q96PE7	MCEE	9606
Q96PF1	TGM7	9606
Q96PF2	TSSK2	9606
Q96PG1	MS4A4E	9606
Q96PG2	MS4A10	9606
Q96PG8	BBC3	9606
Q96PH1	NOX5	9606
Q96PH6	DEFB118	9606
Q96PI1	SPRR4	9606
Q96PJ5	FCRL4	9606
Q96PK6	RBM14	9606
Q96PL1	SCGB3A2	9606
Q96PL2	TECTB	9606
Q96PL5	ERMAP	9606
Q96PM5	RCHY1	9606
Q96PM9	ZNF385A	9606
Q96PN6	ADCY10	9606
Q96PN7	TRERF1	9606
Q96PN8	TSSK3	9606
Q96PP4	TSGA13	9606
Q96PP8	GBP5	9606
Q96PP9	GBP4	9606
Q96PQ0	SORCS2	9606
Q96PQ1	SIGLEC12	9606
Q96PQ5	PPP1R2P1	9606
Q96PQ6	ZNF317	9606
Q96PQ7	KLHL5	9606
Q96PR1	KCNC2	9606
Q96PS1	FANCD2OS	9606
Q96PS6	GAFA1	9606
Q96PS8	AQP10	9606
Q96PT3	DUX5	9606
Q96PT4	DUX3	9606
Q96PU4	UHRF2	9606
Q96PU5	NEDD4L	9606
Q96PU8	QKI	9606
Q96PU9	CIMAP1A	9606
Q96PV0	SYNGAP1	9606
Q96PV4	PNMA5	9606
Q96PV6	LENG8	9606
Q96PV7	FAM193B	9606
Q96PX1	RNF157	9606
Q96PX6	CCDC85A	9606
Q96PX8	SLITRK1	9606
Q96PX9	PLEKHG4B	9606
Q96PY0	PSMG3-AS1	9606
Q96PY5	FMNL2	9606
Q96PY6	NEK1	9606
Q96PZ0	PUS7	9606
Q96PZ2	FAM111A	9606
Q96PZ7	CSMD1	9606
Q96Q04	LMTK3	9606
Q96Q05	TRAPPC9	9606
Q96Q06	PLIN4	9606
Q96Q07	BTBD9	9606
Q96Q11	TRNT1	9606
Q96Q15	SMG1	9606
Q96Q27	ASB2	9606
Q96Q35	FLACC1	9606
Q96Q40	CDK15	9606
Q96Q42	ALS2	9606
Q96Q45	TMEM237	9606
Q96Q77	CIB3	9606
Q96Q80	DERL3	9606
Q96Q83	ALKBH3	9606
Q96Q89	KIF20B	9606
Q96Q91	SLC4A9	9606
Q96QA5	GSDMA	9606
Q96QA6	YPEL2	9606
Q96QB1	DLC1	9606
Q96QC0	PPP1R10	9606
Q96QD5	DEPDC7	9606
Q96QD8	SLC38A2	9606
Q96QD9	FYTTD1	9606
Q96QE2	SLC2A13	9606
Q96QE3	ATAD5	9606
Q96QE4	LRRC37B	9606
Q96QE5	TEFM	9606
Q96QF0	RAB3IP	9606
Q96QF7	GCNA	9606
Q96QG7	MTMR9	9606
Q96QH2	PRAM1	9606
Q96QH8	SPACA5; SPACA5B	9606
Q96QI5	HS3ST6	9606
Q96QK1	VPS35	9606
Q96QK8	SMIM14	9606
Q96QP1	ALPK1	9606
Q96QR1	SCGB3A1	9606
Q96QR8	PURB	9606
Q96QS1	TSPAN32	9606
Q96QS3	ARX	9606
Q96QS6	PSKH2	9606
Q96QT4	TRPM7	9606
Q96QT6	PHF12	9606
Q96QU1	PCDH15	9606
Q96QU4	FRG2B	9606
Q96QU6	ACCS	9606
Q96QU8	XPO6	9606
Q96QV1	HHIP	9606
Q96QV6	H2AC1	9606
Q96QZ0	PANX3	9606
Q96QZ7	MAGI1	9606
Q96R05	RBP7	9606
Q96R06	SPAG5	9606
Q96R08	OR5B12	9606
Q96R09	OR5B2	9606
Q96R27	OR2M4	9606
Q96R28	OR2M2	9606
Q96R30	OR2V2	9606
Q96R45	OR2A7	9606
Q96R47	OR2A14	9606
Q96R48	OR2A5	9606
Q96R54	OR14A2	9606
Q96R67	OR4C12	9606
Q96R69	OR4F4	9606
Q96R72	OR4K3	9606
Q96R84	OR1F2P	9606
Q96RA2	OR7D2	9606
Q96RB7	OR5M11	9606
Q96RC9	OR8B4	9606
Q96RD0	OR8B2	9606
Q96RD1	OR6C1	9606
Q96RD2	OR52B2	9606
Q96RD3	OR52E6	9606
Q96RD6	PANX2	9606
Q96RD7	PANX1	9606
Q96RD9	FCRL5	9606
Q96RE7	NACC1	9606
Q96RE9	ZNF300	9606
Q96RF0	SNX18	9606
Q96RG2	PASK	9606
Q96RI0	F2RL3	9606
Q96RI1	NR1H4	9606
Q96RI8	TAAR6	9606
Q96RI9	TAAR9	9606
Q96RJ0	TAAR1	9606
Q96RJ3	TNFRSF13C	9606
Q96RJ6	FERD3L	9606
Q96RK0	CIC	9606
Q96RK1	CITED4	9606
Q96RK4	BBS4	9606
Q96RL1	UIMC1	9606
Q96RL6	SIGLEC11	9606
Q96RL7	VPS13A	9606
Q96RM1	SPRR2F	9606
Q96RN1	SLC26A8	9606
Q96RN5	MED15	9606
Q96RP3	UCN2	9606
Q96RP7	GAL3ST4	9606
Q96RP8	KCNA7	9606
Q96RP9	GFM1	9606
Q96RQ1	ERGIC2	9606
Q96RQ3	MCCC1	9606
Q96RQ9	IL4I1	9606
Q96RR1	TWNK	9606
Q96RR4	CAMKK2	9606
Q96RS0	TGS1	9606
Q96RS6	NUDCD1	9606
Q96RT1	ERBIN	9606
Q96RT6	CTAGE1	9606
Q96RT7	TUBGCP6	9606
Q96RT8	TUBGCP5	9606
Q96RU2	USP28	9606
Q96RU3	FNBP1	9606
Q96RU7	TRIB3	9606
Q96RU8	TRIB1	9606
Q96RV3	PCNX1	9606
Q96RW7	HMCN1	9606
Q96RY5	CRAMP1	9606
Q96RY7	IFT140	9606
Q96S06	LMF1	9606
Q96S15	WDR24	9606
Q96S16	JMJD8	9606
Q96S19	METTL26	9606
Q96S21	RAB40C	9606
Q96S37	SLC22A12	9606
Q96S38	RPS6KC1	9606
Q96S42	NODAL	9606
Q96S44	TP53RK	9606
Q96S52	PIGS	9606
Q96S53	TESK2	9606
Q96S55	WRNIP1	9606
Q96S59	RANBP9	9606
Q96S65	CSRNP1	9606
Q96S66	CLCC1	9606
Q96S79	RASL10B	9606
Q96S82	UBL7	9606
Q96S86	HAPLN3	9606
Q96S90	LYSMD1	9606
Q96S94	CCNL2	9606
Q96S95	CAMK2N2	9606
Q96S96	PEBP4	9606
Q96S97	MYADM	9606
Q96S99	PLEKHF1	9606
Q96SA4	SERINC2	9606
Q96SB3	PPP1R9B	9606
Q96SB4	SRPK1	9606
Q96SB8	SMC6	9606
Q96SC8	DMRTA2	9606
Q96SD1	DCLRE1C	9606
Q96SE0	ABHD1	9606
Q96SE7	ZNF347	9606
Q96SF2	CCT8L2	9606
Q96SF7	TBX15	9606
Q96SI1	KCTD15	9606
Q96SI9	STRBP	9606
Q96SJ8	TSPAN18	9606
Q96SK2	TMEM209	9606
Q96SK3	ZNF607	9606
Q96SL1	SLC49A4	9606
Q96SL4	GPX7	9606
Q96SL8	FIZ1	9606
Q96SM3	CPXM1	9606
Q96SN7	ORAI2	9606
Q96SN8	CDK5RAP2	9606
Q96SQ5	ZNF587	9606
Q96SQ7	ATOH8	9606
Q96SQ9	CYP2S1	9606
Q96SR6	ZNF382	9606
Q96ST2	IWS1	9606
Q96ST3	SIN3A	9606
Q96ST8	CEP89	9606
Q96SU4	OSBPL9	9606
Q96SW2	CRBN	9606
Q96SY0	INTS14	9606
Q96SZ4	ZSCAN10	9606
Q96SZ5	ADO	9606
Q96SZ6	CDK5RAP1	9606
Q96T17	MAP7D2	9606
Q96T21	SECISBP2	9606
Q96T23	RSF1	9606
Q96T25	ZIC5	9606
Q96T37	RBM15	9606
Q96T49	PPP1R16B	9606
Q96T51	RUFY1	9606
Q96T52	IMMP2L	9606
Q96T53	MBOAT4	9606
Q96T54	KCNK17	9606
Q96T55	KCNK16	9606
Q96T58	SPEN	9606
Q96T59	CDRT15	9606
Q96T60	PNKP	9606
Q96T66	NMNAT3	9606
Q96T68	SETDB2	9606
Q96T75	DSCR8	9606
Q96T76	MMS19	9606
Q96T83	SLC9A7	9606
Q96T88	UHRF1	9606
Q96T91	GPHA2	9606
Q96T92	INSM2	9606
Q96TA0	PCDHB18P	9606
Q96TA1	NIBAN2	9606
Q96TA2	YME1L1	9606
Q96TC7	RMDN3	9606
Q99020	Hnrnpab	10090
Q99062	CSF3R	9606
Q99075	HBEGF	9606
Q99081	TCF12	9606
Q99102	MUC4	9606
Q99104	Myo5a	10090
Q99217	AMELX	9606
Q99218	AMELY	9606
Q99246	Cacna1d	10090
Q99250	SCN2A	9606
Q99259	GAD1	9606
Q99388	Csprs	10090
Q99417	MYCBP	9606
Q99418	CYTH2	9606
Q99424	ACOX2	9606
Q99426	TBCB	9606
Q99435	NELL2	9606
Q99436	PSMB7	9606
Q99437	ATP6V0B	9606
Q99439	CNN2	9606
Q99440	LINC01587	9606
Q99442	SEC62	9606
Q99445	GML	9606
Q99447	PCYT2	9606
Q99453	PHOX2B	9606
Q99456	KRT12	9606
Q99457	NAP1L3	9606
Q99459	CDC5L	9606
Q99460	PSMD1	9606
Q99463	NPY6RP	9606
Q99466	NOTCH4	9606
Q99467	CD180	9606
Q99469	STAC	9606
Q99470	SDF2	9606
Q99471	PFDN5	9606
Q99487	PAFAH2	9606
Q99489	DDO	9606
Q99490	AGAP2	9606
Q99496	RNF2	9606
Q99497	PARK7	9606
Q99500	S1PR3	9606
Q99501	GAS2L1	9606
Q99502	EYA1	9606
Q99504	EYA3	9606
Q99518	FMO2	9606
Q99519	NEU1	9606
Q99523	SORT1	9606
Q99525	H4C7	9606
Q99527	GPER1	9606
Q99536	VAT1	9606
Q99538	LGMN	9606
Q99541	PLIN2	9606
Q99542	MMP19	9606
Q99543	DNAJC2	9606
Q99547	MPHOSPH6	9606
Q99549	MPHOSPH8	9606
Q99550	MPHOSPH9	9606
Q99551	MTERF1	9606
Q99558	MAP3K14	9606
Q99567	NUP88	9606
Q99569	PKP4	9606
Q99570	PIK3R4	9606
Q99571	P2RX4	9606
Q99572	P2RX7	9606
Q99574	SERPINI1	9606
Q99575	POP1	9606
Q99576	TSC22D3	9606
Q99578	RIT2	9606
Q99581	FEV	9606
Q99583	MNT	9606
Q99584	S100A13	9606
Q99590	SCAF11	9606
Q99592	ZBTB18	9606
Q99593	TBX5	9606
Q99594	TEAD3	9606
Q99595	TIMM17A	9606
Q99598	TSNAX	9606
Q99603	TRGV9	9606
Q99607	ELF4	9606
Q99608	NDN	9606
Q99611	SEPHS2	9606
Q99612	KLF6	9606
Q99613	EIF3C	9606
Q99614	TTC1	9606
Q99615	DNAJC7	9606
Q99616	CCL13	9606
Q99618	CDCA3	9606
Q99619	SPSB2	9606
Q99622	C12orf57	9606
Q99623	PHB2	9606
Q99624	SLC38A3	9606
Q99626	CDX2	9606
Q99627	COPS8	9606
Q99633	PRPF18	9606
Q99638	RAD9A	9606
Q99640	PKMYT1	9606
Q99643	SDHC	9606
Q99645	EPYC	9606
Q99650	OSMR	9606
Q99653	CHP1	9606
Q99661	KIF2C	9606
Q99665	IL12RB2	9606
Q99666	RGPD5; RGPD6	9606
Q99674	CGREF1	9606
Q99675	CGRRF1	9606
Q99676	ZNF184	9606
Q99677	LPAR4	9606
Q99678	GPR20	9606
Q99679	GPR21	9606
Q99680	GPR22	9606
Q99683	MAP3K5	9606
Q99684	GFI1	9606
Q99685	MGLL	9606
Q99687	MEIS3	9606
Q99689	FEZ1	9606
Q99697	PITX2	9606
Q99698	LYST	9606
Q99700	ATXN2	9606
Q99704	DOK1	9606
Q99705	MCHR1	9606
Q99706	KIR2DL4	9606
Q99707	MTR	9606
Q99708	RBBP8	9606
Q99712	KCNJ15	9606
Q99714	HSD17B10	9606
Q99715	COL12A1	9606
Q99717	SMAD5	9606
Q99719	SEPTIN5	9606
Q99720	SIGMAR1	9606
Q99726	SLC30A3	9606
Q99727	TIMP4	9606
Q99728	BARD1	9606
Q99729	HNRNPAB	9606
Q99731	CCL19	9606
Q99732	LITAF	9606
Q99733	NAP1L4	9606
Q99735	MGST2	9606
Q99741	CDC6	9606
Q99742	NPAS1	9606
Q99743	NPAS2	9606
Q99747	NAPG	9606
Q99748	NRTN	9606
Q99750	MDFI	9606
Q99755	PIP5K1A	9606
Q99757	TXN2	9606
Q99758	ABCA3	9606
Q99759	MAP3K3	9606
Q99766	DMAC2L	9606
Q99767	APBA2	9606
Q99784	OLFM1	9606
Q99788	CMKLR1	9606
Q99795	GPA33	9606
Q99797	MIPEP	9606
Q99798	ACO2	9606
Q99801	NKX3-1	9606
Q99805	TM9SF2	9606
Q99807	COQ7	9606
Q99808	SLC29A1	9606
Q99811	PRRX2	9606
Q99814	EPAS1	9606
Q99816	TSG101	9606
Q99819	ARHGDIG	9606
Q99828	CIB1	9606
Q99829	CPNE1	9606
Q99832	CCT7	9606
Q99835	SMO	9606
Q99836	MYD88	9606
Q99848	EBNA1BP2	9606
Q99853	FOXB1	9606
Q99856	ARID3A	9606
Q99865	SPIN2A	9606
Q99871	HAUS7	9606
Q99873	PRMT1	9606
Q99877	H2BC15	9606
Q99878	H2AC14	9606
Q99879	H2BC14	9606
Q99880	H2BC13	9606
Q99884	SLC6A7	9606
Q99895	CTRC	9606
Q99909	SSX3	9606
Q99928	GABRG3	9606
Q99929	ASCL2	9606
Q99932	SPAG8	9606
Q99933	BAG1	9606
Q99935	OPRPN	9606
Q99941	ATF6B	9606
Q99942	RNF5	9606
Q99943	AGPAT1	9606
Q99944	EGFL8	9606
Q99946	PRRT1	9606
Q99952	PTPN18	9606
Q99954	SMR3A	9606
Q99956	DUSP9	9606
Q99958	FOXC2	9606
Q99959	PKP2	9606
Q99961	SH3GL1	9606
Q99962	SH3GL2	9606
Q99963	SH3GL3	9606
Q99965	ADAM2	9606
Q99966	CITED1	9606
Q99967	CITED2	9606
Q99969	RARRES2	9606
Q99972	MYOC	9606
Q99973	TEP1	9606
Q99983	OMD	9606
Q99985	SEMA3C	9606
Q99986	VRK1	9606
Q99988	GDF15	9606
Q99990	VGLL1	9606
Q99996	AKAP9	9606
Q99999	GAL3ST1	9606
Q99J08	Sec14l2	10090
Q99J09	Wdr77	10090
Q99J10	Ctu1	10090
Q99J19	Smim11	10090
Q99J21	Mcoln1	10090
Q99J23	Ghdc	10090
Q99J25	Mrm1	10090
Q99J27	Slc33a1	10090
Q99J31	Ophn1	10090
Q99J36	Thumpd1	10090
Q99J38	Ift70a1	10090
Q99J39	Mlycd	10090
Q99J45	Nrbp1	10090
Q99J47	Dhrs7b	10090
Q99J55	Ier5l	10090
Q99J56	Derl1	10090
Q99J59	Tspan1	10090
Q99J62	Rfc4	10090
Q99J64	Rbm43	10090
Q99J72	Apobec3	10090
Q99J77	Nans	10090
Q99J78	Def8	10090
Q99J79	Ddb2	10090
Q99J83	Atg5	10090
Q99J85	Nptxr	10090
Q99J87	Dhx58	10090
Q99J93	Ifitm2	10090
Q99J94	Slco1a6	10090
Q99J95	Cdk9	10090
Q99J99	Mpst	10090
Q99JA0	Calca	10090
Q99JA4	Cysltr1	10090
Q99JB0	Klf7	10090
Q99JB2	Stoml2	10090
Q99JB4	Klrb1b	10090
Q99JB6	Foxp3	10090
Q99JB7	Amn	10090
Q99JB8	Pacsin3	10090
Q99JF5	Mvd	10090
Q99JF8	Psip1	10090
Q99JG2	Gpr37l1	10090
Q99JG3	Anxa13	10090
Q99JG7	Tnip2	10090
Q99JH1	Rpp25l	10090
Q99JH7	Clstn3	10090
Q99JH8	Kdelr1	10090
Q99JI1	Mustn1	10090
Q99JI4	Psmd6	10090
Q99JI6	Rap1b	10090
Q99JL1	Spef1	10090
Q99JN2	Klhl22	10090
Q99JP0	Map4k3	10090
Q99JP4	Cdc26	10090
Q99JP6	Homer3	10090
Q99JP7	Ggt7	10090
Q99JR1	Sfxn1	10090
Q99JR5	Tinagl1	10090
Q99JR6	Nmnat3	10090
Q99JR8	Smarcd2	10090
Q99JS0	Ncmap	10090
Q99JT1	Gatb	10090
Q99JT2	Stk26	10090
Q99JT5	Krcc1	10090
Q99JT6	Tlcd1	10090
Q99JT9	Adi1	10090
Q99JU7	Bnipl	10090
Q99JV5	Stard4	10090
Q99JW1	Abhd17a	10090
Q99JW2	Acy1	10090
Q99JW4	Lims1	10090
Q99JW5	Epcam	10090
Q99JX1	Taf11	10090
Q99JX3	Gorasp2	10090
Q99JX4	Eif3m	10090
Q99JX7	Nxf1	10090
Q99JY0	Hadhb	10090
Q99JY1	Tirap	10090
Q99JY3	Gimap4	10090
Q99JY4	Trabd	10090
Q99JY6	Higd1b	10090
Q99JY8	Plpp3	10090
Q99JY9	Actr3	10090
Q99JZ0	Sdcbp2	10090
Q99JZ7	Errfi1	10090
Q99K01	Pdxdc1	10090
Q99K10	Nlgn1	10090
Q99K23	Ufsp2	10090
Q99K24	Slc39a3	10090
Q99K28	Arfgap2	10090
Q99K30	Eps8l2	10090
Q99K41	Emilin1	10090
Q99K43	Prc1	10090
Q99K46	Usp11	10090
Q99K48	Nono	10090
Q99K51	Pls3	10090
Q99K67	Aass	10090
Q99K70	Rragc	10090
Q99K74	Med24	10090
Q99K82	Smox	10090
Q99K85	Psat1	10090
Q99K90	Tab2	10090
Q99K95	Rtf2	10090
Q99K99	Pgcka1	10090
Q99KB8	Hagh	10090
Q99KC7	Smagp	10090
Q99KC8	Vwa5a	10090
Q99KD5	Unc45a	10090
Q99KD6	Cox7a2l	10090
Q99KE1	Me2	10090
Q99KE3	Dok4	10090
Q99KE8	Zfp64	10090
Q99KF0	Card14	10090
Q99KF1	Tmed9	10090
Q99KG3	Rbm10	10090
Q99KG5	Lsr	10090
Q99KG7	Hps4	10090
Q99KH8	Stk24	10090
Q99KI0	Aco2	10090
Q99KI3	Emc3	10090
Q99KJ0	Ubxn2a	10090
Q99KJ5	Tcf19	10090
Q99KJ8	Dctn2	10090
Q99KK1	Reep3	10090
Q99KK2	Cmas	10090
Q99KK7	Dpp3	10090
Q99KK9	Hars2	10090
Q99KL7	Rab28	10090
Q99KN1	Arrdc1	10090
Q99KN2	Ciao1	10090
Q99KN9	Clint1	10090
Q99KP3	Cryl1	10090
Q99KP6	Prpf19	10090
Q99KQ4	Nampt	10090
Q99KR3	Lactb2	10090
Q99KR6	Rnf34	10090
Q99KR7	Ppif	10090
Q99KR8	Fuca2	10090
Q99KS2	Ngrn	10090
Q99KS6	Adprm	10090
Q99KU0	Vmp1	10090
Q99KU1	Dhdds	10090
Q99KV1	Dnajb11	10090
Q99KW3	Triobp	10090
Q99KW9	Itfg1	10090
Q99KX1	Mlf2	10090
Q99KY4	Gak	10090
Q99KZ6	Znf639	10090
Q99L00	Haus8	10090
Q99L02	Pagr1a	10090
Q99L04	Dhrs1	10090
Q99L13	Hibadh	10090
Q99L20	Gstt3	10090
Q99L27	Gmpr2	10090
Q99L28	Rsl24d1	10090
Q99L43	Cds2	10090
Q99L45	Eif2s2	10090
Q99L47	St13	10090
Q99L48	Nmd3	10090
Q99L60	Atp6v1c2	10090
Q99L85	Elp5	10090
Q99L88	Sntb1	10090
Q99L90	Mcrs1	10090
Q99LB0	Dnttip1	10090
Q99LB2	Dhrs4	10090
Q99LB6	Mat2b	10090
Q99LB7	Sardh	10090
Q99LC2	Cstf1	10090
Q99LC3	Ndufa10	10090
Q99LC5	Etfa	10090
Q99LC8	Eif2b1	10090
Q99LC9	Pex6	10090
Q99LD4	Gps1	10090
Q99LD8	Ddah2	10090
Q99LD9	Eif2b2	10090
Q99LE1	Rilpl2	10090
Q99LE2	Gpr146	10090
Q99LE3	Lysmd3	10090
Q99LE6	Abcf2	10090
Q99LF1	Akirin1	10090
Q99LF4	Rtcb	10090
Q99LG0	Usp16	10090
Q99LG1	Tmem51	10090
Q99LG2	Tnpo2	10090
Q99LG4	Ttc5	10090
Q99LH1	Gnl2	10090
Q99LH2	Ptdss1	10090
Q99LH4	Znf672	10090
Q99LH9	Sh3bp5l	10090
Q99LI2	Clcc1	10090
Q99LI5	Znf281	10090
Q99LI7	Cstf3	10090
Q99LI8	Hgs	10090
Q99LI9	Clp1	10090
Q99LJ0	Cttnbp2nl	10090
Q99LJ1	Fuca1	10090
Q99LJ2	Abtb1	10090
Q99LJ5	Cmtm3	10090
Q99LJ6	Gpx7	10090
Q99LJ7	Rcbtb2	10090
Q99LJ8	Nus1	10090
Q99LL3	Chst12	10090
Q99LL5	Pwp1	10090
Q99LM2	Cdk5rap3	10090
Q99LM3	Smtnl1	10090
Q99LM9	Tada1	10090
Q99LN9	Dohh	10090
Q99LP6	Grpel1	10090
Q99LP8	Yipf2	10090
Q99LQ1	Mbip	10090
Q99LQ4	Svbp	10090
Q99LQ7	Peds1	10090
Q99LR1	Abhd12	10090
Q99LS0	Ecrg4	10090
Q99LS1	Mmadhc	10090
Q99LS3	Psph	10090
Q99LT0	Dpy30	10090
Q99LU0	Chmp1b1	10090
Q99LV7	Pigx	10090
Q99LW0	Ankrd10	10090
Q99LW6	Yaf2	10090
Q99LX0	Park7	10090
Q99LX5	Mmtag2	10090
Q99LX8	Ost4	10090
Q99LY2	Gdpd3	10090
Q99LY9	Ndufs5	10090
Q99LZ3	Gins4	10090
Q99M01	Fars2	10090
Q99M02	Marchf2	10090
Q99M03	Rwdd2b	10090
Q99M04	Lias	10090
Q99M07	Coa5	10090
Q99M08	Arln	10090
Q99M15	Pstpip2	10090
Q99M28	Rnps1	10090
Q99M31	Hspa14	10090
Q99M51	Nck1	10090
Q99M54	Cdca3	10090
Q99M71	Epdr1	10090
Q99M73	Krt84	10090
Q99M74	Krt82	10090
Q99M80	Ptprt	10090
Q99M85	Scrt1	10090
Q99M87	Dnaja3	10090
Q99M96	St7	10090
Q99MA9	Nkx6-1	10090
Q99MB1	Tlr3	10090
Q99MB2	Mtfr1	10090
Q99MB3	Tm2d1	10090
Q99MB7	Rnf141	10090
Q99MD6	Txnrd3	10090
Q99MD8	Mynn	10090
Q99MD9	Nasp	10090
Q99ME2	Wdr6	10090
Q99ME3	Sncaip	10090
Q99ME6	Atp1b4	10090
Q99ME7	Tbx19	10090
Q99ME9	Gtpbp4	10090
Q99MH5	Nme5	10090
Q99MH6	Nkd1	10090
Q99MI1	Erc1	10090
Q99MI6	Gimap3	10090
Q99MJ6	Nherf4	10090
Q99MJ9	Ddx50	10090
Q99MK8	Grk2	10090
Q99MK9	Rassf1	10090
Q99ML0	Zmynd10	10090
Q99ML1	Bbc3	10090
Q99ML2	Tnk1	10090
Q99ML4	Dipk1b	10090
Q99ML8	Ucn2	10090
Q99ML9	Rnf111	10090
Q99MN1	Kars1	10090
Q99MN9	Pccb	10090
Q99MP3	Calcb	10090
Q99MP8	Brap	10090
Q99MQ1	Bicc1	10090
Q99MQ3	Pink1	10090
Q99MQ4	Aspn	10090
Q99MQ5	Col25a1	10090
Q99MR0	Actl6b	10090
Q99MR1	Gigyf1	10090
Q99MR3	Slc12a9	10090
Q99MR6	Srrt	10090
Q99MR8	Mccc1	10090
Q99MR9	Ppp1r3a	10090
Q99MS3	Mpv17l	10090
Q99MS4	Prss29	10090
Q99MS7	Ehbp1l1	10090
Q99MS8	Tpgs1	10090
Q99MT2	Msh4	10090
Q99MT6	Sucnr1	10090
Q99MT7	Gpr87	10090
Q99MT8	Mrgprh	10090
Q99MU1	Tpra1	10090
Q99MU3	Adar	10090
Q99MV1	Tdrd1	10090
Q99MV2	Tex19.1	10090
Q99MV5	Mov10l1	10090
Q99MV7	Rnf17	10090
Q99MW1	Stk31	10090
Q99MW3	Pramel1	10090
Q99MX0	Tktl1	10090
Q99MX1	Usp26	10090
Q99MX2	Fthl17e	10090
Q99MX7	Tmem121b	10090
Q99MY0	Spz1	10090
Q99MY8	Ash1l	10090
Q99MZ3	Mlxipl	10090
Q99MZ6	Myo7b	10090
Q99MZ7	Pecr	10090
Q99N03	Ms4a10	10090
Q99N05	Ms4a4d	10090
Q99N07	Ms4a6d	10090
Q99N08	Ms4a6c	10090
Q99N09	Ms4a6b	10090
Q99N10	Ms4a8	10090
Q99N11	Dusp22	10090
Q99N13	Hdac9	10090
Q99N14	Tac4	10090
Q99N16	Cyp4f3	10090
Q99N20	Brms1	10090
Q99N23	Ca15	10090
Q99N28	Cadm3	10090
Q99N32	Klb	10090
Q99N42	Tymp	10090
Q99N43	Kremen1	10090
Q99N48	Sytl3	10090
Q99N50	Sytl2	10090
Q99N57	Raf1	10090
Q99N64	Gmcl2	10090
Q99N69	Lpxn	10090
Q99N80	Sytl1	10090
Q99N84	Mrps18b	10090
Q99N85	Mrps18a	10090
Q99N87	Mrps5	10090
Q99N89	Mrpl43	10090
Q99N90	Mrpl36	10090
Q99N91	Mrpl34	10090
Q99N92	Mrpl27	10090
Q99N93	Mrpl16	10090
Q99N94	Mrpl9	10090
Q99N95	Mrpl3	10090
Q99N96	Mrpl1	10090
Q99N99	Srd5a2	10090
Q99NA2	Atoh8	10090
Q99NA9	Pcgf6	10090
Q99NB1	Acss1	10090
Q99NB5	Gsdmc	10090
Q99NB8	Ubqln4	10090
Q99NB9	Sf3b1	10090
Q99NC0	Vgll1	10090
Q99NE5	Rims1	10090
Q99NE9	Pbx4	10090
Q99NF1	Bco2	10090
Q99NF2	Nsmf	10090
Q99NF3	Cep41	10090
Q99NF8	Ranbp17	10090
Q99NG0	Rad54l2	10090
Q99NG9	Krtap19-9b	10090
Q99NH0	Ankrd17	10090
Q99NH2	Pard3	10090
Q99NH7	Slc26a5	10090
Q99NH8	Trem2	10090
Q99NI3	Gtf2ird2	10090
Q99P21	Mutyh	10090
Q99P25	Tsnaxip1	10090
Q99P27	Pla2g12b	10090
Q99P30	Nudt7	10090
Q99P31	Hspbp1	10090
Q99P47	Cntnap4	10090
Q99P50	Ghsr	10090
Q99P51	Rassf3	10090
Q99P58	Rab27b	10090
Q99P65	Slc29a3	10090
Q99P68	Sost	10090
Q99P69	Nuf2	10090
Q99P72	Rtn4	10090
Q99P81	Abcg3	10090
Q99P86	Retnlb	10090
Q99P87	Retn	10090
Q99P88	Nup155	10090
Q99P91	Gpnmb	10090
Q99PA5	Nkg7	10090
Q99PD7	Slc24a3	10090
Q99PE2	Ankra2	10090
Q99PE5	Smim3	10090
Q99PE8	Abcg5	10090
Q99PE9	Arl4d	10090
Q99PF4	Cdh23	10090
Q99PG0	Aadac	10090
Q99PG2	Ogfr	10090
Q99PG4	Rgs18	10090
Q99PG6	Tas1r1	10090
Q99PH1	Lrrc4	10090
Q99PI4	Lpin3	10090
Q99PI5	Lpin2	10090
Q99PI8	Rtn4r	10090
Q99PJ0	Ntm	10090
Q99PJ1	Pcdh15	10090
Q99PJ2	Trim8	10090
Q99PL5	Rrbp1	10090
Q99PL6	Ubxn6	10090
Q99PL7	Scd3	10090
Q99PL8	Slc19a3	10090
Q99PM3	Gtf2a1	10090
Q99PM9	Uck2	10090
Q99PN0	Slc5a5	10090
Q99PN3	Trim26	10090
Q99PP2	Znf318	10090
Q99PP6	Trim34a	10090
Q99PP7	Trim33	10090
Q99PP9	Trim16	10090
Q99PQ1	Trim12a	10090
Q99PQ2	Trim11	10090
Q99PR8	Hspb2	10090
Q99PS0	Krt23	10090
Q99PT1	Arhgdia	10090
Q99PT3	Ino80b	10090
Q99PT9	Kif19	10090
Q99PU5	Acsbg1	10090
Q99PU7	Bap1	10090
Q99PU8	Dhx30	10090
Q99PV0	Prpf8	10090
Q99PV5	Bhlhe41	10090
Q99PV8	Bcl11b	10090
Q99PW4	Tp53rkb	10090
Q99PW8	Kif17	10090
Q9BCZ4	Selenos	10090
Q9BDB7	Ifi44l	10090
Q9BPU6	DPYSL5	9606
Q9BPU9	B9D2	9606
Q9BPV8	P2RY13	9606
Q9BPW4	APOL4	9606
Q9BPW5	RASL11B	9606
Q9BPW8	NIPSNAP1	9606
Q9BPW9	DHRS9	9606
Q9BPX1	HSD17B14	9606
Q9BPX3	NCAPG	9606
Q9BPX5	ARPC5L	9606
Q9BPX6	MICU1	9606
Q9BPX7	C7orf25	9606
Q9BPY3	FAM118B	9606
Q9BPY8	HOPX	9606
Q9BPZ2	SPIN2B	9606
Q9BPZ3	PAIP2	9606
Q9BPZ7	MAPKAP1	9606
Q9BQ04	RBM4B	9606
Q9BQ08	RETNLB	9606
Q9BQ13	KCTD14	9606
Q9BQ15	NABP2	9606
Q9BQ16	SPOCK3	9606
Q9BQ24	ZFYVE21	9606
Q9BQ31	KCNS3	9606
Q9BQ39	DDX50	9606
Q9BQ48	MRPL34	9606
Q9BQ49	SMIM7	9606
Q9BQ50	TREX2	9606
Q9BQ51	PDCD1LG2	9606
Q9BQ52	ELAC2	9606
Q9BQ61	TRIR	9606
Q9BQ65	USB1	9606
Q9BQ66	KRTAP4-12	9606
Q9BQ67	GRWD1	9606
Q9BQ69	MACROD1	9606
Q9BQ70	TCF25	9606
Q9BQ75	CMSS1	9606
Q9BQ83	SLX1A; SLX1B	9606
Q9BQ87	TBL1Y	9606
Q9BQ89	FAM110A	9606
Q9BQ90	KLHDC3	9606
Q9BQ95	ECSIT	9606
Q9BQA1	WDR77	9606
Q9BQA5	HINFP	9606
Q9BQA9	CYBC1	9606
Q9BQB4	SOST	9606
Q9BQB6	VKORC1	9606
Q9BQC3	DPH2	9606
Q9BQC6	MRPL57	9606
Q9BQD1	PMCHL2	9606
Q9BQD3	KXD1	9606
Q9BQD7	ANTKMT	9606
Q9BQE3	TUBA1C	9606
Q9BQE4	SELENOS	9606
Q9BQE5	APOL2	9606
Q9BQE6	LBHD1	9606
Q9BQE9	BCL7B	9606
Q9BQF6	SENP7	9606
Q9BQG0	MYBBP1A	9606
Q9BQG1	SYT3	9606
Q9BQG2	NUDT12	9606
Q9BQI0	AIF1L	9606
Q9BQI3	EIF2AK1	9606
Q9BQI4	CCDC3	9606
Q9BQI5	SGIP1	9606
Q9BQI6	SLF1	9606
Q9BQI7	PSD2	9606
Q9BQI9	NRIP2	9606
Q9BQJ4	TMEM47	9606
Q9BQK8	LPIN3	9606
Q9BQL6	FERMT1	9606
Q9BQM9	C20orf144	9606
Q9BQN1	FAM83C	9606
Q9BQP7	MGME1	9606
Q9BQP9	BPIFA3	9606
Q9BQQ3	GORASP1	9606
Q9BQQ7	RTP3	9606
Q9BQR3	PRSS27	9606
Q9BQS2	SYT15	9606
Q9BQS6	HSPB9	9606
Q9BQS7	HEPH	9606
Q9BQS8	FYCO1	9606
Q9BQT8	SLC25A21	9606
Q9BQT9	CLSTN3	9606
Q9BQW3	EBF4	9606
Q9BQY4	RHOXF2	9606
Q9BQY6	WFDC6	9606
Q9BQY9	DBNDD2	9606
Q9BR01	SULT4A1	9606
Q9BR09	NEURL2	9606
Q9BR10	SPATA25	9606
Q9BR11	ZSWIM1	9606
Q9BR26	OCSTAMP	9606
Q9BR39	JPH2	9606
Q9BR46	SCP2D1-AS1	9606
Q9BR61	ACBD6	9606
Q9BR76	CORO1B	9606
Q9BR77	CCDC77	9606
Q9BR84	ZNF559	9606
Q9BRA0	NAA38	9606
Q9BRA2	TXNDC17	9606
Q9BRB3	PIGQ	9606
Q9BRC7	PLCD4	9606
Q9BRD0	BUD13	9606
Q9BRF8	CPPED1	9606
Q9BRG1	VPS25	9606
Q9BRG2	SH2D3A	9606
Q9BRH9	ZNF251	9606
Q9BRI3	SLC30A2	9606
Q9BRJ2	MRPL45	9606
Q9BRJ6	CHLSN	9606
Q9BRJ7	NUDT16L1	9606
Q9BRJ9	MESP1	9606
Q9BRK0	REEP2	9606
Q9BRK3	MXRA8	9606
Q9BRK4	LZTS2	9606
Q9BRK5	SDF4	9606
Q9BRL6	SRSF8	9606
Q9BRL7	SEC22C	9606
Q9BRN9	TM2D3	9606
Q9BRP0	OVOL2	9606
Q9BRP1	PDCD2L	9606
Q9BRP4	PAAF1	9606
Q9BRP7	FDXACB1	9606
Q9BRP8	PYM1	9606
Q9BRQ0	PYGO2	9606
Q9BRQ3	NUDT22	9606
Q9BRQ4	CFAP300	9606
Q9BRQ5	ORAI3	9606
Q9BRQ6	CHCHD6	9606
Q9BRQ8	AIFM2	9606
Q9BRR0	ZKSCAN3	9606
Q9BRR3	PGAP4	9606
Q9BRR6	ADPGK	9606
Q9BRR8	GPATCH1	9606
Q9BRR9	ARHGAP9	9606
Q9BRS2	RIOK1	9606
Q9BRS8	LARP6	9606
Q9BRT2	UQCC2	9606
Q9BRT3	MIEN1	9606
Q9BRT6	LLPH	9606
Q9BRT8	ZNG1A	9606
Q9BRT9	GINS4	9606
Q9BRU2	TCEAL7	9606
Q9BRU9	UTP23	9606
Q9BRV3	SLC50A1	9606
Q9BRV8	SIKE1	9606
Q9BRX2	PELO	9606
Q9BRX5	GINS3	9606
Q9BRX8	PRXL2A	9606
Q9BRX9	WDR83	9606
Q9BRY0	SLC39A3	9606
Q9BRZ2	TRIM56	9606
Q9BS16	CENPK	9606
Q9BS18	ANAPC13	9606
Q9BS26	ERP44	9606
Q9BS31	ZNF649	9606
Q9BS34	ZNF670	9606
Q9BS40	LXN	9606
Q9BS86	ZPBP	9606
Q9BS91	SLC35A5	9606
Q9BS92	NIPSNAP3B	9606
Q9BSA4	TTYH2	9606
Q9BSA9	TMEM175	9606
Q9BSB4	ATG101	9606
Q9BSC4	NOL10	9606
Q9BSD3	RHNO1	9606
Q9BSD7	NTPCR	9606
Q9BSE2	TMEM79	9606
Q9BSE4	HERPUD2	9606
Q9BSE5	AGMAT	9606
Q9BSF0	AKAP19	9606
Q9BSF4	TIMM29	9606
Q9BSF8	BTBD10	9606
Q9BSG0	PRADC1	9606
Q9BSG1	ZNF2	9606
Q9BSG5	RTBDN	9606
Q9BSH3	NICN1	9606
Q9BSH4	TACO1	9606
Q9BSH5	HDHD3	9606
Q9BSI4	TINF2	9606
Q9BSJ1	TRIM51	9606
Q9BSJ2	TUBGCP2	9606
Q9BSJ5	MTNAP1	9606
Q9BSJ6	PIMREG	9606
Q9BSJ8	ESYT1	9606
Q9BSK0	MARVELD1	9606
Q9BSK1	ZNF577	9606
Q9BSK2	SLC25A33	9606
Q9BSK4	FEM1A	9606
Q9BSL1	UBAC1	9606
Q9BSM1	PCGF1	9606
Q9BSN7	TMEM204	9606
Q9BSQ5	CCM2	9606
Q9BSR8	YIPF4	9606
Q9BST9	RTKN	9606
Q9BSU1	PHAF1	9606
Q9BSU3	NAA11	9606
Q9BSV6	TSEN34	9606
Q9BSW2	CRACR2A	9606
Q9BSW7	SYT17	9606
Q9BSY4	CHCHD5	9606
Q9BSY9	DESI2	9606
Q9BT04	FUZ	9606
Q9BT09	CNPY3	9606
Q9BT17	MTG1	9606
Q9BT22	ALG1	9606
Q9BT23	LIMD2	9606
Q9BT25	HAUS8	9606
Q9BT30	ALKBH7	9606
Q9BT40	INPP5K	9606
Q9BT43	POLR3GL	9606
Q9BT49	THAP7	9606
Q9BT56	SPX	9606
Q9BT67	NDFIP1	9606
Q9BT73	PSMG3	9606
Q9BT76	UPK3B	9606
Q9BT78	COPS4	9606
Q9BT81	SOX7	9606
Q9BT88	SYT11	9606
Q9BT92	TCHP	9606
Q9BTA0	FAM167B	9606
Q9BTA9	WAC	9606
Q9BTC0	DIDO1	9606
Q9BTC8	MTA3	9606
Q9BTD1	SHANK2-AS3	9606
Q9BTD3	TMEM121	9606
Q9BTD8	RBM42	9606
Q9BTE0	NAT9	9606
Q9BTE1	DCTN5	9606
Q9BTE3	MCMBP	9606
Q9BTE6	AARSD1	9606
Q9BTE7	DCUN1D5	9606
Q9BTF0	THUMPD2	9606
Q9BTK6	PAGR1	9606
Q9BTL3	RAMAC	9606
Q9BTL4	IER2	9606
Q9BTM1	H2AJ	9606
Q9BTM9	URM1	9606
Q9BTN0	LRFN3	9606
Q9BTP6	ZBED2	9606
Q9BTP7	FAAP24	9606
Q9BTT0	ANP32E	9606
Q9BTT4	MED10	9606
Q9BTT6	LRRC1	9606
Q9BTU6	PI4K2A	9606
Q9BTV4	TMEM43	9606
Q9BTV5	FSD1	9606
Q9BTV6	DPH7	9606
Q9BTV7	CABLES2	9606
Q9BTW9	TBCD	9606
Q9BTX1	NDC1	9606
Q9BTX3	TMEM208	9606
Q9BTX7	TTPAL	9606
Q9BTY2	FUCA2	9606
Q9BTY7	HGH1	9606
Q9BTZ2	DHRS4	9606
Q9BU02	THTPA	9606
Q9BU19	ZNF692	9606
Q9BU20	CPLANE2	9606
Q9BU23	LMF2	9606
Q9BU40	CHRDL1	9606
Q9BU61	NDUFAF3	9606
Q9BU64	CENPO	9606
Q9BU68	PRR15L	9606
Q9BU70	TRMO	9606
Q9BU76	MMTAG2	9606
Q9BU79	TMEM243	9606
Q9BU89	DOHH	9606
Q9BUA3	SPINDOC	9606
Q9BUA6	MYL10	9606
Q9BUB4	ADAT1	9606
Q9BUB5	MKNK1	9606
Q9BUB7	TMEM70	9606
Q9BUD6	SPON2	9606
Q9BUE0	MED18	9606
Q9BUE6	ISCA1	9606
Q9BUF5	TUBB6	9606
Q9BUF7	CRB3	9606
Q9BUG6	ZSCAN5A	9606
Q9BUH6	PAXX	9606
Q9BUH8	BEGAIN	9606
Q9BUI4	POLR3C	9606
Q9BUJ0	ABHD14A	9606
Q9BUJ2	HNRNPUL1	9606
Q9BUK0	CHCHD7	9606
Q9BUK6	MSTO1	9606
Q9BUL5	PHF23	9606
Q9BUL8	PDCD10	9606
Q9BUL9	RPP25	9606
Q9BUM1	G6PC3	9606
Q9BUN1	MENT	9606
Q9BUN5	CCDC28B	9606
Q9BUN8	DERL1	9606
Q9BUP0	EFHD1	9606
Q9BUP3	HTATIP2	9606
Q9BUQ8	DDX23	9606
Q9BUR4	WRAP53	9606
Q9BUR5	APOO	9606
Q9BUT1	BDH2	9606
Q9BUT9	MCRIP2	9606
Q9BUU2	METTL22	9606
Q9BUV0	RSRP1	9606
Q9BUV8	RAB5IF	9606
Q9BUW7	BBLN	9606
Q9BUX1	CHAC1	9606
Q9BUY5	ZNF426	9606
Q9BUY7	EFCAB11	9606
Q9BUZ4	TRAF4	9606
Q9BV10	ALG12	9606
Q9BV19	C1orf50	9606
Q9BV20	MRI1	9606
Q9BV23	ABHD6	9606
Q9BV29	CCDC32	9606
Q9BV35	SLC25A23	9606
Q9BV36	MLPH	9606
Q9BV38	WDR18	9606
Q9BV40	VAMP8	9606
Q9BV44	THUMPD3	9606
Q9BV47	DUSP26	9606
Q9BV57	ADI1	9606
Q9BV68	RNF126	9606
Q9BV73	CEP250	9606
Q9BV79	MECR	9606
Q9BV81	EMC6	9606
Q9BV86	NTMT1	9606
Q9BV87	CNPPD1	9606
Q9BV90	SNRNP25	9606
Q9BV94	EDEM2	9606
Q9BV97	ZNF747	9606
Q9BV99	LRRC61	9606
Q9BVA0	KATNB1	9606
Q9BVA1	TUBB2B	9606
Q9BVA6	FICD	9606
Q9BVC3	DSCC1	9606
Q9BVC4	MLST8	9606
Q9BVC5	C2orf49	9606
Q9BVC6	TMEM109	9606
Q9BVG3	TRIM62	9606
Q9BVG4	PBDC1	9606
Q9BVG8	KIFC3	9606
Q9BVG9	PTDSS2	9606
Q9BVH7	ST6GALNAC5	9606
Q9BVI0	PHF20	9606
Q9BVI4	NOC4L	9606
Q9BVJ6	UTP14A	9606
Q9BVJ7	DUSP23	9606
Q9BVK2	ALG8	9606
Q9BVK6	TMED9	9606
Q9BVK8	TMEM147	9606
Q9BVL2	NUP58	9606
Q9BVL4	SELENOO	9606
Q9BVM2	DPCD	9606
Q9BVM4	GGACT	9606
Q9BVN2	RUSC1	9606
Q9BVP2	GNL3	9606
Q9BVQ7	AFG2B	9606
Q9BVR0	HERC2P3	9606
Q9BVS4	RIOK2	9606
Q9BVS5	TRMT61B	9606
Q9BVT8	TMUB1	9606
Q9BVV2	FNDC11	9606
Q9BVV6	KIAA0586	9606
Q9BVV7	TIMM21	9606
Q9BVV8	FAM174C	9606
Q9BVW5	TIPIN	9606
Q9BVW6	SMIM2	9606
Q9BVX2	TMEM106C	9606
Q9BW04	SARG	9606
Q9BW11	MXD3	9606
Q9BW19	KIFC1	9606
Q9BW27	NUP85	9606
Q9BW30	TPPP3	9606
Q9BW60	ELOVL1	9606
Q9BW61	DDA1	9606
Q9BW62	KATNAL1	9606
Q9BW66	CINP	9606
Q9BW71	HIRIP3	9606
Q9BW72	HIGD2A	9606
Q9BW83	IFT27	9606
Q9BW85	YJU2	9606
Q9BW91	NUDT9	9606
Q9BW92	TARS2	9606
Q9BWC9	CCDC106	9606
Q9BWD1	ACAT2	9606
Q9BWD3	RTL8A	9606
Q9BWE0	REPIN1	9606
Q9BWF2	TRAIP	9606
Q9BWF3	RBM4	9606
Q9BWG4	SSBP4	9606
Q9BWG6	SCNM1	9606
Q9BWH2	FUNDC2	9606
Q9BWH6	RPAP1	9606
Q9BWJ2	RHPN1-AS1	9606
Q9BWJ5	SF3B5	9606
Q9BWK5	CYREN	9606
Q9BWL3	LTAP1	9606
Q9BWM5	ZNF416	9606
Q9BWM7	SFXN3	9606
Q9BWN1	PRR14	9606
Q9BWP8	COLEC11	9606
Q9BWQ6	YIPF2	9606
Q9BWQ8	FAIM2	9606
Q9BWS9	CHID1	9606
Q9BWT1	CDCA7	9606
Q9BWT3	PAPOLG	9606
Q9BWT6	MND1	9606
Q9BWT7	CARD10	9606
Q9BWU0	SLC4A1AP	9606
Q9BWU1	CDK19	9606
Q9BWV1	BOC	9606
Q9BWV2	SPATA9	9606
Q9BWV3	CDADC1	9606
Q9BWV7	TTLL2	9606
Q9BWW4	SSBP3	9606
Q9BWW7	SCRT1	9606
Q9BWW8	APOL6	9606
Q9BWW9	APOL5	9606
Q9BWX1	PHF7	9606
Q9BWX5	GATA5	9606
Q9BX10	GTPBP2	9606
Q9BX26	SYCP2	9606
Q9BX40	LSM14B	9606
Q9BX46	RBM24	9606
Q9BX51	GGTLC1	9606
Q9BX59	TAPBPL	9606
Q9BX63	BRIP1	9606
Q9BX66	SORBS1	9606
Q9BX67	JAM3	9606
Q9BX68	HINT2	9606
Q9BX69	CARD6	9606
Q9BX70	BTBD2	9606
Q9BX73	TM2D2	9606
Q9BX74	TM2D1	9606
Q9BX79	STRA6	9606
Q9BX82	ZNF471	9606
Q9BX84	TRPM6	9606
Q9BX93	PLA2G12B	9606
Q9BX95	SGPP1	9606
Q9BX97	PLVAP	9606
Q9BXA5	SUCNR1	9606
Q9BXA6	TSSK6	9606
Q9BXA7	TSSK1B	9606
Q9BXA9	SALL3	9606
Q9BXB1	LGR4	9606
Q9BXB4	OSBPL11	9606
Q9BXB5	OSBPL10	9606
Q9BXB7	SPATA16	9606
Q9BXC0	HCAR1	9606
Q9BXC1	GPR174	9606
Q9BXC9	BBS2	9606
Q9BXD5	NPL	9606
Q9BXE9	VN1R3	9606
Q9BXF3	CECR2	9606
Q9BXF6	RAB11FIP5	9606
Q9BXF9	TEKT3	9606
Q9BXG8	SPZ1	9606
Q9BXH1	BBC3	9606
Q9BXI2	SLC25A2	9606
Q9BXI3	NT5C1A	9606
Q9BXI6	TBC1D10A	9606
Q9BXI9	C1QTNF6	9606
Q9BXJ0	C1QTNF5	9606
Q9BXJ1	C1QTNF1	9606
Q9BXJ2	C1QTNF7	9606
Q9BXJ3	C1QTNF4	9606
Q9BXJ4	C1QTNF3	9606
Q9BXJ5	C1QTNF2	9606
Q9BXJ7	AMN	9606
Q9BXJ8	TMEM120A	9606
Q9BXJ9	NAA15	9606
Q9BXK1	KLF16	9606
Q9BXK5	BCL2L13	9606
Q9BXL5	HEMGN	9606
Q9BXL6	CARD14	9606
Q9BXL7	CARD11	9606
Q9BXL8	CDCA4	9606
Q9BXM0	PRX	9606
Q9BXM7	PINK1	9606
Q9BXM9	FSD1L	9606
Q9BXN1	ASPN	9606
Q9BXN2	CLEC7A	9606
Q9BXN6	SPANXD	9606
Q9BXP2	SLC12A9	9606
Q9BXP5	SRRT	9606
Q9BXP8	PAPPA2	9606
Q9BXQ6	TMEM121B	9606
Q9BXR0	QTRT1	9606
Q9BXR3	ERVK-6	9606
Q9BXR5	TLR10	9606
Q9BXR6	CFHR5	9606
Q9BXS0	COL25A1	9606
Q9BXS1	IDI2	9606
Q9BXS4	TMEM59	9606
Q9BXS5	AP1M1	9606
Q9BXS6	NUSAP1	9606
Q9BXS9	SLC26A6	9606
Q9BXT2	CACNG6	9606
Q9BXT4	TDRD1	9606
Q9BXT5	TEX15	9606
Q9BXT6	MOV10L1	9606
Q9BXT8	RNF17	9606
Q9BXU0	TEX12	9606
Q9BXU1	STK31	9606
Q9BXU2	TEX13B	9606
Q9BXU3	TEX13A	9606
Q9BXU7	USP26	9606
Q9BXU8	FTHL17	9606
Q9BXU9	CALN1	9606
Q9BXV9	GON7	9606
Q9BXW3	SNHG12	9606
Q9BXW4	MAP1LC3C	9606
Q9BXW6	OSBPL1A	9606
Q9BXW7	HDHD5	9606
Q9BXW9	FANCD2	9606
Q9BXX0	EMILIN2	9606
Q9BXX2	ANKRD30B	9606
Q9BXX3	ANKRD30A	9606
Q9BXY0	MAK16	9606
Q9BXY4	RSPO3	9606
Q9BXY5	CAPS2	9606
Q9BXY8	BEX2	9606
Q9BY07	SLC4A5	9606
Q9BY08	EBPL	9606
Q9BY10	SLC46A2	9606
Q9BY11	PACSIN1	9606
Q9BY12	SCAPER	9606
Q9BY14	TEX101	9606
Q9BY15	ADGRE3	9606
Q9BY19	MS4A8	9606
Q9BY21	GPR87	9606
Q9BY27	DGCR6L	9606
Q9BY31	ZNF717	9606
Q9BY32	ITPA	9606
Q9BY41	HDAC8	9606
Q9BY42	RTF2	9606
Q9BY43	CHMP4A	9606
Q9BY44	EIF2A	9606
Q9BY49	PECR	9606
Q9BY50	SEC11C	9606
Q9BY60	GABARAPL3	9606
Q9BY64	UGT2B28	9606
Q9BY66	KDM5D	9606
Q9BY67	CADM1	9606
Q9BY71	LRRC3	9606
Q9BY76	ANGPTL4	9606
Q9BY77	POLDIP3	9606
Q9BY78	RNF26	9606
Q9BY79	MFRP	9606
Q9BY84	DUSP16	9606
Q9BY89	KIAA1671	9606
Q9BYB0	SHANK3	9606
Q9BYB4	GNB1L	9606
Q9BYC2	OXCT2	9606
Q9BYC5	FUT8	9606
Q9BYC8	MRPL32	9606
Q9BYC9	MRPL20	9606
Q9BYD1	MRPL13	9606
Q9BYD2	MRPL9	9606
Q9BYD3	MRPL4	9606
Q9BYD5	CNFN	9606
Q9BYD6	MRPL1	9606
Q9BYD9	ACTRT3	9606
Q9BYE0	HES7	9606
Q9BYE2	TMPRSS13	9606
Q9BYE3	LCE3D	9606
Q9BYE4	SPRR2G	9606
Q9BYE7	PCGF6	9606
Q9BYE9	CDHR2	9606
Q9BYF1	ACE2	9606
Q9BYG0	B3GNT5	9606
Q9BYG3	NIFK	9606
Q9BYG4	PARD6G	9606
Q9BYG5	PARD6B	9606
Q9BYG7	MRO	9606
Q9BYG8	GSDMC	9606
Q9BYH1	SEZ6L	9606
Q9BYH8	NFKBIZ	9606
Q9BYI3	HYCC1	9606
Q9BYJ0	FGFBP2	9606
Q9BYJ1	ALOXE3	9606
Q9BYJ4	TRIM34	9606
Q9BYJ9	YTHDF1	9606
Q9BYK8	HELZ2	9606
Q9BYL1	SAMD10	9606
Q9BYM8	RBCK1	9606
Q9BYN0	SRXN1	9606
Q9BYN7	ZNF341	9606
Q9BYN8	MRPS26	9606
Q9BYP7	WNK3	9606
Q9BYP8	KRTAP17-1	9606
Q9BYP9	KRTAP9-9	9606
Q9BYQ0	KRTAP9-8	9606
Q9BYQ2	KRTAP9-4	9606
Q9BYQ3	KRTAP9-3	9606
Q9BYQ4	KRTAP9-2	9606
Q9BYQ5	KRTAP4-6	9606
Q9BYQ6	KRTAP4-11	9606
Q9BYQ7	KRTAP4-1	9606
Q9BYQ8	KRTAP4-9	9606
Q9BYQ9	KRTAP4-8	9606
Q9BYR0	KRTAP4-7	9606
Q9BYR2	KRTAP4-5	9606
Q9BYR3	KRTAP4-4	9606
Q9BYR4	KRTAP4-3	9606
Q9BYR5	KRTAP4-2	9606
Q9BYR6	KRTAP3-3	9606
Q9BYR7	KRTAP3-2	9606
Q9BYR8	KRTAP3-1	9606
Q9BYR9	KRTAP2-4	9606
Q9BYS1	KRTAP1-5	9606
Q9BYS8	LRRC2	9606
Q9BYT1	SLC17A9	9606
Q9BYT3	STK33	9606
Q9BYT5	KRTAP2-2	9606
Q9BYT8	NLN	9606
Q9BYT9	ANO3	9606
Q9BYU1	PBX4	9606
Q9BYU5	KRTAP2-1	9606
Q9BYV1	AGXT2	9606
Q9BYV2	TRIM54	9606
Q9BYV6	TRIM55	9606
Q9BYV7	BCO2	9606
Q9BYV8	CEP41	9606
Q9BYV9	BACH2	9606
Q9BYW1	SLC2A11	9606
Q9BYW2	SETD2	9606
Q9BYW3	DEFB126	9606
Q9BYX2	TBC1D2	9606
Q9BYX4	IFIH1	9606
Q9BYX7	POTEKP	9606
Q9BYZ2	LDHAL6B	9606
Q9BYZ6	RHOBTB2	9606
Q9BYZ8	REG4	9606
Q9BZ11	ADAM33	9606
Q9BZ19	ANKRD60	9606
Q9BZ23	PANK2	9606
Q9BZ29	DOCK9	9606
Q9BZ67	FRMD8	9606
Q9BZ68	FRMD8P1	9606
Q9BZ71	PITPNM3	9606
Q9BZ72	PITPNM2	9606
Q9BZ76	CNTNAP3	9606
Q9BZ81	MAGEB5	9606
Q9BZ95	NSD3	9606
Q9BZ97	TTTY13	9606
Q9BZ98	TTTY12	9606
Q9BZA0	TTTY10	9606
Q9BZA5	TXLNGY	9606
Q9BZA7	PCDH11X	9606
Q9BZA8	PCDH11Y	9606
Q9BZB8	CPEB1	9606
Q9BZC1	CELF4	9606
Q9BZC7	ABCA2	9606
Q9BZD2	SLC29A3	9606
Q9BZD4	NUF2	9606
Q9BZD6	PRRG4	9606
Q9BZD7	PRRG3	9606
Q9BZE0	GLIS2	9606
Q9BZE1	MRPL37	9606
Q9BZE2	PUS3	9606
Q9BZE3	BARHL1	9606
Q9BZE4	GTPBP4	9606
Q9BZE7	C22orf23	9606
Q9BZE9	ASPSCR1	9606
Q9BZF1	OSBPL8	9606
Q9BZF2	OSBPL7	9606
Q9BZF3	OSBPL6	9606
Q9BZF9	UACA	9606
Q9BZG1	RAB34	9606
Q9BZG2	ACP4	9606
Q9BZG8	DPH1	9606
Q9BZH6	WDR11	9606
Q9BZI1	IRX2	9606
Q9BZI7	UPF3B	9606
Q9BZJ0	CRNKL1	9606
Q9BZJ3	TPSD1	9606
Q9BZJ4	SLC25A39	9606
Q9BZJ6	GPR63	9606
Q9BZJ7	GPR62	9606
Q9BZJ8	GPR61	9606
Q9BZK3	NACA4P	9606
Q9BZK7	TBL1XR1	9606
Q9BZK8	OCR1	9606
Q9BZL1	UBL5	9606
Q9BZL3	SMIM3	9606
Q9BZL4	PPP1R12C	9606
Q9BZL6	PRKD2	9606
Q9BZM1	PLA2G12A	9606
Q9BZM2	PLA2G2F	9606
Q9BZM3	GSX2	9606
Q9BZM4	ULBP3	9606
Q9BZM5	ULBP2	9606
Q9BZM6	ULBP1	9606
Q9BZP3	LINC00470	9606
Q9BZP6	CHIA	9606
Q9BZQ2	SHCBP1L	9606
Q9BZQ4	NMNAT2	9606
Q9BZQ6	EDEM3	9606
Q9BZQ8	NIBAN1	9606
Q9BZR6	RTN4R	9606
Q9BZR8	BCL2L14	9606
Q9BZR9	TRIM8	9606
Q9BZS1	FOXP3	9606
Q9BZV1	UBXN6	9606
Q9BZV2	SLC19A3	9606
Q9BZV3	IMPG2	9606
Q9BZW2	SLC13A1	9606
Q9BZW4	TM6SF2	9606
Q9BZW5	TM6SF1	9606
Q9BZW7	TSGA10	9606
Q9BZW8	CD244	9606
Q9BZX2	UCK2	9606
Q9BZX4	ROPN1B	9606
Q9BZY9	TRIM31	9606
Q9BZZ2	SIGLEC1	9606
Q9BZZ5	API5	9606
Q9C000	NLRP1	9606
Q9C002	COXFA4L3	9606
Q9C004	SPRY4	9606
Q9C005	DPY30	9606
Q9C009	FOXQ1	9606
Q9C010	PKIB	9606
Q9C019	TRIM15	9606
Q9C026	TRIM9	9606
Q9C029	TRIM7	9606
Q9C030	TRIM6	9606
Q9C035	TRIM5	9606
Q9C037	TRIM4	9606
Q9C040	TRIM2	9606
Q9C056	NKX6-2	9606
Q9C073	FAM117A	9606
Q9C075	KRT23	9606
Q9C086	INO80B	9606
Q9C091	GREB1L	9606
Q9C093	SPEF2	9606
Q9C098	DCLK3	9606
Q9C099	LRRCC1	9606
Q9C0A0	CNTNAP4	9606
Q9C0A1	ZFHX2	9606
Q9C0A6	SETD5	9606
Q9C0B0	UNK	9606
Q9C0B1	FTO	9606
Q9C0B2	CFAP74	9606
Q9C0B5	ZDHHC5	9606
Q9C0B6	BRINP2	9606
Q9C0B7	TANGO6	9606
Q9C0B9	ZCCHC2	9606
Q9C0C2	TNKS1BP1	9606
Q9C0C4	SEMA4C	9606
Q9C0C6	CIPC	9606
Q9C0C7	AMBRA1	9606
Q9C0C9	UBE2O	9606
Q9C0D0	PHACTR1	9606
Q9C0D2	CEP295	9606
Q9C0D3	ZYG11B	9606
Q9C0D4	ZNF518B	9606
Q9C0D5	TANC1	9606
Q9C0D6	FHDC1	9606
Q9C0D7	ZC3H12C	9606
Q9C0D9	SELENOI	9606
Q9C0E2	XPO4	9606
Q9C0E4	GRIP2	9606
Q9C0E8	LNPK	9606
Q9C0F0	ASXL3	9606
Q9C0F1	CEP44	9606
Q9C0F3	ZNF436	9606
Q9C0G0	ZNF407	9606
Q9C0G6	DNAH6	9606
Q9C0H2	TTYH3	9606
Q9C0H5	ARHGAP39	9606
Q9C0H6	KLHL4	9606
Q9C0H9	SRCIN1	9606
Q9C0I1	MTMR12	9606
Q9C0I3	CCSER1	9606
Q9C0I4	THSD7B	9606
Q9C0I9	LRRC27	9606
Q9C0J1	B3GNT4	9606
Q9C0J8	WDR33	9606
Q9C0J9	BHLHE41	9606
Q9C0K0	BCL11B	9606
Q9C0K1	SLC39A8	9606
Q9C0K3	ACTR3C	9606
Q9C0K7	STRADB	9606
Q9CPN8	Igf2bp3	10090
Q9CPP0	Npm3	10090
Q9CPP6	Ndufa5	10090
Q9CPP7	Lipf	10090
Q9CPQ1	Cox6c	10090
Q9CPQ3	Tomm22	10090
Q9CPQ5	Cenpq	10090
Q9CPQ8	Atp5mg	10090
Q9CPR1	Rwdd4	10090
Q9CPR4	Rpl17	10090
Q9CPR5	Mrpl15	10090
Q9CPR7	Sike1	10090
Q9CPR8	Nsmce3	10090
Q9CPS6	Hint3	10090
Q9CPS7	Pno1	10090
Q9CPS8	Akap19	10090
Q9CPT0	Bcl2l14	10090
Q9CPT3	Nanp	10090
Q9CPT4	Mydgf	10090
Q9CPT5	Nop16	10090
Q9CPU0	Glo1	10090
Q9CPU2	Ndufb2	10090
Q9CPU3	Tex46	10090
Q9CPU4	Mgst3	10090
Q9CPU7	Fbxo32	10090
Q9CPU9	Slc31a2	10090
Q9CPV0	Tmem107	10090
Q9CPV1	Ska1	10090
Q9CPV2	Anapc16	10090
Q9CPV3	Mrpl42	10090
Q9CPV4	Glod4	10090
Q9CPV5	Pmf1	10090
Q9CPV7	Zdhhc6	10090
Q9CPV9	P2ry12	10090
Q9CPW0	Cntnap2	10090
Q9CPW2	Fdx2	10090
Q9CPW3	Mrpl54	10090
Q9CPW4	Arpc5	10090
Q9CPW5	Ssr2	10090
Q9CPW7	Zmat2	10090
Q9CPW9	Metap1d	10090
Q9CPX3	Lyzl1	10090
Q9CPX5	Plaat5	10090
Q9CPX6	Atg3	10090
Q9CPX7	Mrps16	10090
Q9CPX8	Uqcr11	10090
Q9CPX9	Anapc11	10090
Q9CPY0	Mrm2	10090
Q9CPY1	Mrpl51	10090
Q9CPY3	Cdca5	10090
Q9CPY4	Cdk2ap2	10090
Q9CPY6	Gid4	10090
Q9CPY7	Lap3	10090
Q9CPZ1	Ccdc198	10090
Q9CPZ6	Ormdl3	10090
Q9CPZ8	Cmc1	10090
Q9CQ00	Dmac1	10090
Q9CQ02	Commd4	10090
Q9CQ04	Ogfod2	10090
Q9CQ06	Mrpl24	10090
Q9CQ07	Lrrc18	10090
Q9CQ10	Chmp3	10090
Q9CQ13	Coprs	10090
Q9CQ18	Rnaseh2c	10090
Q9CQ19	Myl9	10090
Q9CQ20	Mid1ip1	10090
Q9CQ21	Mcts2	10090
Q9CQ22	Lamtor1	10090
Q9CQ24	Fbxo36	10090
Q9CQ25	Mzt2	10090
Q9CQ26	Stambp	10090
Q9CQ28	Dph6	10090
Q9CQ29	Rnf151	10090
Q9CQ31	Asb11	10090
Q9CQ33	Lztr1	10090
Q9CQ35	Glipr1l2	10090
Q9CQ36	Pole4	10090
Q9CQ37	Ube2t	10090
Q9CQ39	Med21	10090
Q9CQ40	Mrpl49	10090
Q9CQ43	Dut	10090
Q9CQ44	Tmem218	10090
Q9CQ45	Nenf	10090
Q9CQ46	Drc8	10090
Q9CQ48	Nudcd2	10090
Q9CQ49	Ncbp2	10090
Q9CQ52	Cela3b	10090
Q9CQ54	Ndufc2	10090
Q9CQ56	Use1	10090
Q9CQ58	Prl8a9	10090
Q9CQ60	Pgls	10090
Q9CQ61	Unc50	10090
Q9CQ62	Decr1	10090
Q9CQ65	Mtap	10090
Q9CQ66	Dynlt2b	10090
Q9CQ69	Uqcrq	10090
Q9CQ70	H2ab1	10090
Q9CQ71	Rpa3	10090
Q9CQ73	Pkp2	10090
Q9CQ74	Leprotl1	10090
Q9CQ75	Ndufa2	10090
Q9CQ76	Nepn	10090
Q9CQ79	Txndc9	10090
Q9CQ80	Vps25	10090
Q9CQ82	Itgb3bp	10090
Q9CQ84	Ubl4b	10090
Q9CQ85	Timm22	10090
Q9CQ86	Mien1	10090
Q9CQ88	Tspan31	10090
Q9CQ89	Cuta	10090
Q9CQ91	Ndufa3	10090
Q9CQ92	Fis1	10090
Q9CQ94	Dnajc5b	10090
Q9CQA0	Cenpm	10090
Q9CQA1	Trappc5	10090
Q9CQA3	Sdhb	10090
Q9CQA5	Med4	10090
Q9CQA6	Chchd1	10090
Q9CQA8	Cep19	10090
Q9CQA9	Ntpcr	10090
Q9CQB2	Mcrip2	10090
Q9CQB5	Cisd2	10090
Q9CQB7	Lyrm1	10090
Q9CQC2	Clps	10090
Q9CQC3	Cfap95	10090
Q9CQC4	Tmem216	10090
Q9CQC5	Cdc42ep3	10090
Q9CQC6	Bzw1	10090
Q9CQC7	Ndufb4	10090
Q9CQC8	Spg21	10090
Q9CQC9	Sar1b	10090
Q9CQD0	Rpl39l	10090
Q9CQD1	Rab5a	10090
Q9CQD4	Chmp1b2	10090
Q9CQD6	Sln	10090
Q9CQD7	Pinlyp	10090
Q9CQD8	Atp6v0e1	10090
Q9CQE0	Rnf138	10090
Q9CQE1	Nipsnap3b	10090
Q9CQE2	Tmem223	10090
Q9CQE3	Mrps17	10090
Q9CQE5	Rgs10	10090
Q9CQE6	Asf1a	10090
Q9CQE7	Ergic3	10090
Q9CQE8	RTRAF	10090
Q9CQE9	Flywch2	10090
Q9CQF0	Mrpl11	10090
Q9CQF3	Nudt21	10090
Q9CQF4	Mtres1	10090
Q9CQF6	Aasdhppt	10090
Q9CQF8	Mrpl57	10090
Q9CQF9	Pcyox1	10090
Q9CQG0	Tmed6	10090
Q9CQG1	Chac2	10090
Q9CQG2	Mettl16	10090
Q9CQG3	Zmynd19	10090
Q9CQG6	Tmem147	10090
Q9CQG9	Tmem100	10090
Q9CQH0	Pdzk1ip1	10090
Q9CQH3	Ndufb5	10090
Q9CQH7	Btf3l4	10090
Q9CQH8	Rpp14	10090
Q9CQI3	Gmfb	10090
Q9CQI4	Iftap	10090
Q9CQI6	Cotl1	10090
Q9CQI7	Snrpb2	10090
Q9CQI9	Med30	10090
Q9CQJ0	Them5	10090
Q9CQJ1	Higd2a	10090
Q9CQJ2	Pih1d1	10090
Q9CQJ4	Rnf2	10090
Q9CQJ5	Prr13	10090
Q9CQJ6	Denr	10090
Q9CQJ7	Pttg1	10090
Q9CQJ8	Ndufb9	10090
Q9CQK1	Znhit3	10090
Q9CQK3	Rdm1	10090
Q9CQK7	Rwdd1	10090
Q9CQK8	Sprr2a1	10090
Q9CQL0	Mettl21A	10090
Q9CQL1	Magohb	10090
Q9CQL2	Ccer1	10090
Q9CQL4	Mrpl20	10090
Q9CQL5	Mrpl18	10090
Q9CQL6	Mrpl35	10090
Q9CQL7	Mrfap1	10090
Q9CQM0	Nicn1	10090
Q9CQM2	Kdelr2	10090
Q9CQM5	Txndc17	10090
Q9CQM6	Ankrd61	10090
Q9CQM9	Glrx3	10090
Q9CQN1	Trap1	10090
Q9CQN3	Tomm6	10090
Q9CQN4	Sostdc1	10090
Q9CQN6	Tmem14c	10090
Q9CQN7	Mrpl41	10090
Q9CQP0	Mrpl33	10090
Q9CQP2	Trappc2	10090
Q9CQP3	Chchd5	10090
Q9CQP8	Catsperz	10090
Q9CQQ0	Smim8	10090
Q9CQQ4	Gemin2	10090
Q9CQQ7	Atp5pb	10090
Q9CQQ8	Lsm7	10090
Q9CQR2	Rps21	10090
Q9CQR4	Acot13	10090
Q9CQR5	Zmat5	10090
Q9CQR6	Ppp6c	10090
Q9CQR7	Psenen	10090
Q9CQS2	Nop10	10090
Q9CQS3	Fibin	10090
Q9CQS4	Slc25a46	10090
Q9CQS5	Riok2	10090
Q9CQS6	Gkn2	10090
Q9CQS7	Dppa5a	10090
Q9CQS8	Sec61b	10090
Q9CQS9	Haus2	10090
Q9CQT1	Mri1	10090
Q9CQT2	Rbm7	10090
Q9CQT5	Pomp	10090
Q9CQT6	Spmip5	10090
Q9CQT7	Desi1	10090
Q9CQT9	Rab5if	10090
Q9CQU0	Txndc12	10090
Q9CQU3	Rer1	10090
Q9CQU5	Zwint	10090
Q9CQU8	Immp1l	10090
Q9CQV1	Pam16	10090
Q9CQV3	Serpinb11	10090
Q9CQV4	Retreg3	10090
Q9CQV5	Mrps24	10090
Q9CQV6	Map1lc3b	10090
Q9CQV7	Dnajc19	10090
Q9CQV8	Ywhab	10090
Q9CQW0	Emc6	10090
Q9CQW1	Ykt6	10090
Q9CQW2	Arl8b	10090
Q9CQW3	Proz	10090
Q9CQW5	Lgals2	10090
Q9CQW7	Coa8	10090
Q9CQW9	Ifitm3	10090
Q9CQX0	Otub2	10090
Q9CQX2	Cyb5b	10090
Q9CQX3	Bpifa5	10090
Q9CQX4	Pclaf	10090
Q9CQX5	Cldnd1	10090
Q9CQX8	Kgd4	10090
Q9CQY1	Atg12	10090
Q9CQY2	Ramac	10090
Q9CQY5	Magt1	10090
Q9CQY6	Uqcc2	10090
Q9CQY7	Mmd	10090
Q9CQY8	Tm4sf20	10090
Q9CQY9	Ndufc1	10090
Q9CQZ0	Ormdl2	10090
Q9CQZ1	Hsbp1	10090
Q9CQZ5	Ndufa6	10090
Q9CQZ6	Ndufb3	10090
Q9CQZ7	Polr3k	10090
Q9CR00	Psmd9	10090
Q9CR02	Tma16	10090
Q9CR04	H2ap	10090
Q9CR08	Pop4	10090
Q9CR09	Ufc1	10090
Q9CR10	Oxld1	10090
Q9CR11	Yeats4	10090
Q9CR13	Fmc1	10090
Q9CR14	Fancl	10090
Q9CR16	Ppid	10090
Q9CR20	Ier3ip1	10090
Q9CR21	Ndufab1	10090
Q9CR22	Tmem42	10090
Q9CR23	Tmem9	10090
Q9CR24	Nudt8	10090
Q9CR25	Dph2	10090
Q9CR26	Vta1	10090
Q9CR27	Washc3	10090
Q9CR29	Ccdc43	10090
Q9CR30	Josd2	10090
Q9CR33	Mansc1	10090
Q9CR35	Ctrb1	10090
Q9CR36	Gkn1	10090
Q9CR37	Ppdpf	10090
Q9CR39	Wdr45b	10090
Q9CR40	Klhl28	10090
Q9CR41	Hypk	10090
Q9CR42	Ankrd1	10090
Q9CR46	Ska2	10090
Q9CR47	Nsa2	10090
Q9CR48	Dram2	10090
Q9CR50	Rchy1	10090
Q9CR51	Atp6v1g1	10090
Q9CR53	Nmb	10090
Q9CR56	Nkiras2	10090
Q9CR57	Rpl14	10090
Q9CR58	Slc25a30	10090
Q9CR59	Gadd45gip1	10090
Q9CR60	Golt1b	10090
Q9CR61	Ndufb7	10090
Q9CR62	Slc25a11	10090
Q9CR63	Cox16	10090
Q9CR64	Tmem167a	10090
Q9CR67	Tmem33	10090
Q9CR68	Uqcrfs1	10090
Q9CR70	Lage3	10090
Q9CR73	Pnrc2	10090
Q9CR75	Tnfrsf12a	10090
Q9CR76	Tmem186	10090
Q9CR78	Msantd3	10090
Q9CR80	Fam32a	10090
Q9CR81	Tex12	10090
Q9CR83	Rbm18	10090
Q9CR84	Atp5mc1	10090
Q9CR86	Carhsp1	10090
Q9CR88	Mrps14	10090
Q9CR89	Ergic2	10090
Q9CR92	Cfap184	10090
Q9CR95	Necap1	10090
Q9CR96	Tmem208	10090
Q9CR98	Timcc	10090
Q9CRA0	Art4	10090
Q9CRA4	Msmo1	10090
Q9CRA5	Golph3	10090
Q9CRA7	Dmac2l	10090
Q9CRA8	Exosc5	10090
Q9CRA9	Fgfr1op2	10090
Q9CRB0	Snx24	10090
Q9CRB2	Nhp2	10090
Q9CRB3	Urah	10090
Q9CRB5	Prl7c1	10090
Q9CRB6	Tppp3	10090
Q9CRB8	Mtfp1	10090
Q9CRB9	Chchd3	10090
Q9CRC0	Vkorc1	10090
Q9CRC6	Borcs7	10090
Q9CRC8	Lrrc40	10090
Q9CRC9	Gnpda2	10090
Q9CRD0	Ociad1	10090
Q9CRD2	Emc2	10090
Q9CRD4	Dbndd2	10090
Q9CRG1	Tm7sf3	10090
Q9CRT8	Xpot	10090
Q9CRY7	Gdpd1	10090
Q9CRZ8	Tspo2	10090
Q9CS00	Cactin	10090
Q9CS42	Prps2	10090
Q9CS72	Filip1	10090
Q9CS74	Ecd	10090
Q9CS84	Nrxn1	10090
Q9CSB4	Pard3b	10090
Q9CSH3	Dis3	10090
Q9CSN1	Snw1	10090
Q9CSP9	Ttc14	10090
Q9CSU0	Rprd1b	10090
Q9CSV6	Sft2d3	10090
Q9CT10	Ranbp3	10090
Q9CTG6	Atp13a2	10090
Q9CTH6	Fcf1	10090
Q9CTN4	Rhobtb3	10090
Q9CTN5	Six6os1	10090
Q9CTN8	Lhfpl3	10090
Q9CTY5	Micu3	10090
Q9CU24	Themis3	10090
Q9CU62	Smc1a	10090
Q9CU65	Zmym2	10090
Q9CUB6	Otud1	10090
Q9CUL5	Drc11	10090
Q9CUN6	Smurf1	10090
Q9CUS9	Sppl3	10090
Q9CUU3	Sycp2	10090
Q9CUX1	Thap12	10090
Q9CV28	Mindy3	10090
Q9CV60	Mrln	10090
Q9CVB6	Arpc2	10090
Q9CVD2	Atxn3	10090
Q9CVI2	Fam133b	10090
Q9CVN6	Cby3	10090
Q9CVW4	Spata45	10090
Q9CW03	Smc3	10090
Q9CW07	Ppp1r3g	10090
Q9CW42	Mtarc1	10090
Q9CW46	Raver1	10090
Q9CW73	B3gat1	10090
Q9CW79	Golga1	10090
Q9CWB5	Pgpep1l	10090
Q9CWD0	Gtsf1l	10090
Q9CWD3	Nudt17	10090
Q9CWD8	Nubpl	10090
Q9CWE0	Mtfr1l	10090
Q9CWE6	Ooep	10090
Q9CWF2	Tubb2b	10090
Q9CWF6	Bbs2	10090
Q9CWG1	Glipr1	10090
Q9CWG8	Ndufaf7	10090
Q9CWG9	Bloc1s2	10090
Q9CWH0	Dppa2	10090
Q9CWH1	Zbtb8a	10090
Q9CWH4	Rec114	10090
Q9CWH5	Trmt11	10090
Q9CWH6	Psma8	10090
Q9CWI3	Bccip	10090
Q9CWJ3	Katnbl1	10090
Q9CWJ9	Atic	10090
Q9CWK3	Cd2bp2	10090
Q9CWK8	Snx2	10090
Q9CWL2	Casz1	10090
Q9CWL8	Ctnnbl1	10090
Q9CWM2	Cdca4	10090
Q9CWM4	Pfdn1	10090
Q9CWN7	Cnot11	10090
Q9CWP4	Ly6k	10090
Q9CWP6	Mospd2	10090
Q9CWP8	Pold4	10090
Q9CWP9	Prr23a3	10090
Q9CWQ0	Dph5	10090
Q9CWQ2	Zswim7	10090
Q9CWQ3	Atp23	10090
Q9CWQ8	Castor1	10090
Q9CWR0	Arhgef25	10090
Q9CWR1	Wdr73	10090
Q9CWR2	Smyd3	10090
Q9CWR7	Steap1	10090
Q9CWR8	Dnmt3l	10090
Q9CWS0	Ddah1	10090
Q9CWS1	Rnf135	10090
Q9CWS4	Ints11	10090
Q9CWT2	Bex4	10090
Q9CWT3	Snx10	10090
Q9CWT6	Ddx28	10090
Q9CWU0	Tdrd12	10090
Q9CWU2	Zdhhc13	10090
Q9CWU5	Khdc3	10090
Q9CWU6	Uqcc1	10090
Q9CWU9	Nup37	10090
Q9CWV0	Malsu1	10090
Q9CWV1	Mcm8	10090
Q9CWV4	Mageb16	10090
Q9CWV6	Prkrip1	10090
Q9CWV7	Zswim1	10090
Q9CWW6	Pin4	10090
Q9CWW7	Cxxc1	10090
Q9CWX2	Ndufaf1	10090
Q9CWX4	Rpusd4	10090
Q9CWX9	Ddx47	10090
Q9CWY3	Setd6	10090
Q9CWY4	Gemin7	10090
Q9CWY8	Rnaseh2a	10090
Q9CWY9	Rpain	10090
Q9CWZ3	Rbm8a	10090
Q9CWZ7	Napg	10090
Q9CX00	Ist1	10090
Q9CX11	Utp23	10090
Q9CX13	Cnih4	10090
Q9CX19	Fam162b	10090
Q9CX30	Yif1b	10090
Q9CX34	Sugt1	10090
Q9CX47	Xrcc2	10090
Q9CX48	Zcchc10	10090
Q9CX53	Gemin6	10090
Q9CX56	Psmd8	10090
Q9CX60	Lbh	10090
Q9CX62	Inka1	10090
Q9CX66	Nopchap1	10090
Q9CX80	Cygb	10090
Q9CX83	Armcx1	10090
Q9CX84	Rgs19	10090
Q9CX86	Hnrnpa0	10090
Q9CX92	Gje1	10090
Q9CX97	Wdr55	10090
Q9CX98	Cyp2u1	10090
Q9CX99	Grap	10090
Q9CXA2	L3hypdh	10090
Q9CXB2	Slc10a6	10090
Q9CXB8	Alpk1	10090
Q9CXC3	Mgme1	10090
Q9CXC9	Etv5	10090
Q9CXD6	Mcur1	10090
Q9CXD9	Lrrc17	10090
Q9CXE0	Prdm5	10090
Q9CXE2	Bcl7a	10090
Q9CXE6	Xrcc3	10090
Q9CXE7	Tmed5	10090
Q9CXF0	Kynu	10090
Q9CXF4	Tbc1d15	10090
Q9CXF7	Chd1l	10090
Q9CXG3	Ppil4	10090
Q9CXG9	Phf19	10090
Q9CXH7	Sgo1	10090
Q9CXI0	Coq5	10090
Q9CXI3	Moxd1	10090
Q9CXI5	Manf	10090
Q9CXJ1	Ears2	10090
Q9CXJ4	Abcb8	10090
Q9CXK4	Slc50a1	10090
Q9CXK8	Nip7	10090
Q9CXK9	Rbm33	10090
Q9CXL1	Tmem50a	10090
Q9CXL3	Chlsn	10090
Q9CXL7	Snorc	10090
Q9CXM0	Chodl	10090
Q9CXN7	Pbld2	10090
Q9CXP4	Arhgap8	10090
Q9CXP8	Gng10	10090
Q9CXP9	Exo5	10090
Q9CXR1	Dhrs7	10090
Q9CXR4	Pigc	10090
Q9CXS4	Cenpv	10090
Q9CXT6	Kdm8	10090
Q9CXT7	Tmem192	10090
Q9CXT8	Pmpcb	10090
Q9CXU0	Med10	10090
Q9CXU1	Med31	10090
Q9CXU9	Eif1b	10090
Q9CXV0	Isl2	10090
Q9CXV1	Sdhd	10090
Q9CXV3	Crygf	10090
Q9CXV9	Dcun1d5	10090
Q9CXW2	Mrps22	10090
Q9CXW3	Cacybp	10090
Q9CXW4	Rpl11	10090
Q9CXX0	Hyls1	10090
Q9CXX9	Cuedc2	10090
Q9CXY1	Tmem175	10090
Q9CXY6	Ilf2	10090
Q9CXY9	Pigk	10090
Q9CXZ1	Ndufs4	10090
Q9CY00	Ift70b	10090
Q9CY02	Ahsp	10090
Q9CY16	Mrps28	10090
Q9CY18	Snx7	10090
Q9CY21	Bud23	10090
Q9CY24	Tmem179b	10090
Q9CY25	Mis12	10090
Q9CY27	Tecr	10090
Q9CY28	Gtpbp8	10090
Q9CY34	Ube2f	10090
Q9CY45	Eef1akmt1	10090
Q9CY50	Ssr1	10090
Q9CY52	Thg1l	10090
Q9CY57	Chtop	10090
Q9CY58	Serbp1	10090
Q9CY62	Rnf181	10090
Q9CY64	Blvra	10090
Q9CY66	Gar1	10090
Q9CY73	Mrpl44	10090
Q9CY86	Sapcd1	10090
Q9CY94	Gins3	10090
Q9CY97	Ssu72	10090
Q9CYA0	Creld2	10090
Q9CYA6	Zcchc8	10090
Q9CYB0	Trim13	10090
Q9CYC3	Tmem39a	10090
Q9CYC5	Dsn1	10090
Q9CYC6	Dcp2	10090
Q9CYD3	Crtap	10090
Q9CYF5	Rcc1l	10090
Q9CYG7	Tomm34	10090
Q9CYH2	Prxl2a	10090
Q9CYH5	Gfod2	10090
Q9CYH6	Rrs1	10090
Q9CYI4	Luc7l	10090
Q9CYK1	Wars2	10090
Q9CYK2	Qpct	10090
Q9CYL5	Glipr2	10090
Q9CYN2	Spcs2	10090
Q9CYN9	Atp6ap2	10090
Q9CYP7	Sesn3	10090
Q9CYQ5	Hcfc1r1	10090
Q9CYQ7	Narf	10090
Q9CYR0	Ssbp1	10090
Q9CYR6	Pgm3	10090
Q9CYT6	Cap2	10090
Q9CYU6	Dph7	10090
Q9CYV5	Tmem135	10090
Q9CYW4	Hdhd3	10090
Q9CYX7	Rrp15	10090
Q9CYY7	Prelid3b	10090
Q9CYZ2	Tpd52l2	10090
Q9CYZ6	Rex1bd	10090
Q9CYZ8	Ssbp2	10090
Q9CZ00	Dbndd1	10090
Q9CZ04	Cops7a	10090
Q9CZ05	Atxn7l1	10090
Q9CZ09	Mettl18	10090
Q9CZ13	Uqcrc1	10090
Q9CZ15	Gins1	10090
Q9CZ16	Tmem178a	10090
Q9CZ28	Snf8	10090
Q9CZ30	Ola1	10090
Q9CZ42	Naxd	10090
Q9CZ44	Nsfl1c	10090
Q9CZ49	Klhl35	10090
Q9CZ52	Antxr1	10090
Q9CZ57	Nsun4	10090
Q9CZ62	Cep97	10090
Q9CZ69	Cmtm6	10090
Q9CZ82	Med18	10090
Q9CZ83	Mrpl55	10090
Q9CZ91	Srfbp1	10090
Q9CZ92	Cenpp	10090
Q9CZ96	Zcrb1	10090
Q9CZA5	Zcchc12	10090
Q9CZA6	Nde1	10090
Q9CZB0	Sdhc	10090
Q9CZB3	Thumpd2	10090
Q9CZB6	Med7	10090
Q9CZB9	Tmem128	10090
Q9CZC8	Scrn1	10090
Q9CZD0	Mmachc	10090
Q9CZD3	Gars1	10090
Q9CZD5	Mtif3	10090
Q9CZE3	Rab32	10090
Q9CZG3	Commd8	10090
Q9CZG9	Pdzd11	10090
Q9CZH3	Psmg3	10090
Q9CZH7	Mxra7	10090
Q9CZH8	Ccdc77	10090
Q9CZI9	Aen	10090
Q9CZJ0	Mpped2	10090
Q9CZJ1	Utp11	10090
Q9CZJ2	Hspa12b	10090
Q9CZJ6	Mis18a	10090
Q9CZJ9	Dnajc18	10090
Q9CZK6	Anks3	10090
Q9CZL2	Fam241a	10090
Q9CZL5	Pcbd2	10090
Q9CZM2	Rpl15	10090
Q9CZM9	Kcnmb2	10090
Q9CZN4	Shisa9	10090
Q9CZN7	Shmt2	10090
Q9CZN8	Qrsl1	10090
Q9CZP0	Ufsp1	10090
Q9CZP3	Znf655	10090
Q9CZP5	Bcs1l	10090
Q9CZP7	Cdc37l1	10090
Q9CZQ6	Raet1e	10090
Q9CZQ9	Bbs5	10090
Q9CZR2	Naalad2	10090
Q9CZR3	Tomm40l	10090
Q9CZR4	Cmtm8	10090
Q9CZR8	Tsfm	10090
Q9CZS1	Aldh1b1	10090
Q9CZS3	Cep20	10090
Q9CZT4	Polr3e	10090
Q9CZT5	Vasn	10090
Q9CZT6	Cmss1	10090
Q9CZT8	Rab3b	10090
Q9CZU3	Mtrex	10090
Q9CZU4	Eral1	10090
Q9CZU6	Cs	10090
Q9CZV2	Shld3	10090
Q9CZV5	Supt7l	10090
Q9CZV8	Fbxl20	10090
Q9CZW2	Cenpn	10090
Q9CZW4	Acsl3	10090
Q9CZW5	Tomm70	10090
Q9CZW6	Rnf146	10090
Q9CZX0	Elp3	10090
Q9CZX2	Cep89	10090
Q9CZX5	Pinx1	10090
Q9CZX7	Pip4p2	10090
Q9CZX8	Rps19	10090
Q9CZX9	Emc4	10090
Q9CZY2	Tceal8	10090
Q9CZY3	Ube2v1	10090
Q9D009	Lipt2	10090
Q9D011	Mplkip	10090
Q9D020	Nt5c3a	10090
Q9D023	Mpc2	10090
Q9D024	Ccdc47	10090
Q9D030	Twist2	10090
Q9D032	Ssbp3	10090
Q9D035	Nkain1	10090
Q9D051	Pdhb	10090
Q9D061	Acbd6	10090
Q9D067	Saxo6	10090
Q9D071	Mms19	10090
Q9D074	Mgrn1	10090
Q9D075	Trmt10b	10090
Q9D081	Alg14	10090
Q9D083	Spc24	10090
Q9D084	Cenps	10090
Q9D099	Acer3	10090
Q9D0A0	Det1	10090
Q9D0A3	Arpin	10090
Q9D0B0	Srsf9	10090
Q9D0B1	Znf524	10090
Q9D0B5	Tstd3	10090
Q9D0B6	Pbdc1	10090
Q9D0B8	Ribc1	10090
Q9D0C1	Rnf115	10090
Q9D0C4	Trmt5	10090
Q9D0D3	Mtpap	10090
Q9D0D4	Dimt1	10090
Q9D0D5	Gtf2e1	10090
Q9D0E1	Hnrnpm	10090
Q9D0E3	Lysmd1	10090
Q9D0E5	Efcab11	10090
Q9D0F1	Ndc80	10090
Q9D0F3	Lman1	10090
Q9D0F4	Nkap	10090
Q9D0F6	Rfc5	10090
Q9D0F9	Pgm1	10090
Q9D0G0	Mrps30	10090
Q9D0I4	Stx17	10090
Q9D0I6	Wdsub1	10090
Q9D0I8	Mrto4	10090
Q9D0I9	Rars1	10090
Q9D0J4	Arl2	10090
Q9D0J8	Ptms	10090
Q9D0K0	Tbc1d7	10090
Q9D0K1	Pex13	10090
Q9D0K2	Oxct1	10090
Q9D0L1	Zbed3	10090
Q9D0L4	Adck1	10090
Q9D0L6	Bambi	10090
Q9D0L7	Armc10	10090
Q9D0L8	Rnmt	10090
Q9D0M0	Exosc7	10090
Q9D0M1	Prpsap1	10090
Q9D0M2	Cdca7	10090
Q9D0M3	Cyc1	10090
Q9D0M5	Dynll2	10090
Q9D0N7	Chaf1b	10090
Q9D0N8	Tmem88	10090
Q9D0P0	Ebpl	10090
Q9D0P5	Pygo1	10090
Q9D0P7	Psrc1	10090
Q9D0P8	Ift27	10090
Q9D0Q7	Mrpl45	10090
Q9D0R2	Tars1	10090
Q9D0R4	Ddx56	10090
Q9D0R8	Lsm12	10090
Q9D0R9	Wdr89	10090
Q9D0S4	Neurl2	10090
Q9D0S9	Hint2	10090
Q9D0T1	Snu13	10090
Q9D0T2	Dusp12	10090
Q9D0T7	Gkn3	10090
Q9D0U1	Dtwd2	10090
Q9D0U6	Maf1	10090
Q9D0U9	Arv1	10090
Q9D0V7	Ebag9	10090
Q9D0V8	Cinp	10090
Q9D0W5	Ppil1	10090
Q9D0Y8	Mrpl52	10090
Q9D0Z3	Tmem53	10090
Q9D103	Ifitm1	10090
Q9D106	Pga5	10090
Q9D110	Mthfs	10090
Q9D112	Shld1	10090
Q9D113	Dnlz	10090
Q9D114	Hddc3	10090
Q9D115	Znf706	10090
Q9D119	Ppp1r27	10090
Q9D123	Tmem219	10090
Q9D125	Mrps25	10090
Q9D131	Cfap68	10090
Q9D132	Upk1a	10090
Q9D136	Ogfod3	10090
Q9D142	Nudt14	10090
Q9D154	Serpinb1a	10090
Q9D159	Mrap	10090
Q9D162	Ccdc167	10090
Q9D164	Fxyd6	10090
Q9D168	Ints12	10090
Q9D172	Gatd3	10090
Q9D173	Tomm7	10090
Q9D174	Ss18l2	10090
Q9D176	Susd3	10090
Q9D180	Cfap57	10090
Q9D187	Ciao2b	10090
Q9D198	Syf2	10090
Q9D1A0	Prxl2c	10090
Q9D1A2	Cndp2	10090
Q9D1A4	Asb5	10090
Q9D1B8	Dcdc2c	10090
Q9D1B9	Mrpl28	10090
Q9D1C1	Ube2c	10090
Q9D1C2	Cby1	10090
Q9D1C3	Pyurf	10090
Q9D1C8	Vps28	10090
Q9D1C9	Rrp7a	10090
Q9D1D1	Tspan11	10090
Q9D1D4	Tmed10	10090
Q9D1D6	Cthrc1	10090
Q9D1E4	Cysrt1	10090
Q9D1E5	Lmbr1l	10090
Q9D1E6	Tbcb	10090
Q9D1E8	Agpat5	10090
Q9D1F3	Eola1	10090
Q9D1F4	Akt1s1	10090
Q9D1F5	Mrnip	10090
Q9D1G0	Dnase1l2	10090
Q9D1G1	Rab1b	10090
Q9D1G2	Pmvk	10090
Q9D1G3	Hhatl	10090
Q9D1G5	Lrrc57	10090
Q9D1H0	Rita1	10090
Q9D1H6	Ndufaf4	10090
Q9D1H7	Get4	10090
Q9D1H8	Mrpl53	10090
Q9D1H9	Mfap4	10090
Q9D1I2	Card19	10090
Q9D1I5	Mcee	10090
Q9D1I6	Mrpl14	10090
Q9D1J1	Necap2	10090
Q9D1J3	Sarnp	10090
Q9D1K2	Atp6v1f	10090
Q9D1K7	Adissp	10090
Q9D1L0	Chchd2	10090
Q9D1L9	Lamtor5	10090
Q9D1M0	Sec13	10090
Q9D1M4	Eef1e1	10090
Q9D1M7	Fkbp11	10090
Q9D1N2	Gpihbp1	10090
Q9D1N4	Mymk	10090
Q9D1N9	Mrpl21	10090
Q9D1P0	Mrpl13	10090
Q9D1P2	Kat8	10090
Q9D1P4	Chordc1	10090
Q9D1Q1	Mphosph6	10090
Q9D1Q4	Dpm3	10090
Q9D1Q6	Erp44	10090
Q9D1R1	Tmem126b	10090
Q9D1R2	Kti12	10090
Q9D1R9	Rpl34	10090
Q9D1T0	Lingo1	10090
Q9D1T5	Prr15	10090
Q9D1U0	Grifin	10090
Q9D1X0	Nol3	10090
Q9D1X9	Tmem50b	10090
Q9D1Y9	Shisal2b	10090
Q9D1Z3	Atpsckmt	10090
Q9D211	Cdkn2aipnl	10090
Q9D219	Bcl9	10090
Q9D226	Krtap5-3	10090
Q9D232	Spns3	10090
Q9D236	Htra3	10090
Q9D240	Plekhj1	10090
Q9D241	Rnf186	10090
Q9D244	Rnase6	10090
Q9D256	Spink12	10090
Q9D258	Acbd7	10090
Q9D263	Spint4	10090
Q9D267	Lcn9	10090
Q9D269	Cst11	10090
Q9D270	Zdhhc21	10090
Q9D273	Mmab	10090
Q9D275	Batf3	10090
Q9D279	Misp	10090
Q9D281	Fam114a1	10090
Q9D287	Bcas2	10090
Q9D289	Trappc6b	10090
Q9D291	Desi2	10090
Q9D2A5	Creb3l4	10090
Q9D2C2	Saal1	10090
Q9D2C6	Polr3h	10090
Q9D2C7	Tmbim6	10090
Q9D2C9	Snapc3	10090
Q9D2D7	Znf687	10090
Q9D2D9	Klhdc8b	10090
Q9D2E1	Tssk3	10090
Q9D2E2	Toe1	10090
Q9D2E9	Tmem190	10090
Q9D2F0	Tmem210	10090
Q9D2F5	Stpg1	10090
Q9D2F7	Nup210l	10090
Q9D2G2	Dlst	10090
Q9D2G5	Synj2	10090
Q9D2G9	Hhipl2	10090
Q9D2H2	Ak7	10090
Q9D2H5	Trim42	10090
Q9D2H6	Sp2	10090
Q9D2H8	Fndc8	10090
Q9D2H9	Dnaaf1	10090
Q9D2I5	Armc9	10090
Q9D2J4	Vsig1	10090
Q9D2J7	Ankef1	10090
Q9D2K4	Iqch	10090
Q9D2L1	Arsk	10090
Q9D2L5	Cpxm2	10090
Q9D2L6	Adgrf4	10090
Q9D2L9	Fam111a	10090
Q9D2M8	Ube2v2	10090
Q9D2N4	Dtna	10090
Q9D2N8	Galnt15	10090
Q9D2N9	Vps33a	10090
Q9D2P4	Urm1	10090
Q9D2P8	Mobp	10090
Q9D2Q2	Trmt44	10090
Q9D2Q3	Paat	10090
Q9D2Q8	S100a14	10090
Q9D2R0	Aacs	10090
Q9D2R4	Tmed11	10090
Q9D2R6	Coa3	10090
Q9D2R8	Mrps33	10090
Q9D2S4	Spaca7	10090
Q9D2U5	Naa38	10090
Q9D2U9	H2bu2	10090
Q9D2V5	Aar2	10090
Q9D2V7	Coro7	10090
Q9D2V8	Slc75a1	10090
Q9D2W0	Fxyd4	10090
Q9D2X0	Ankrd39	10090
Q9D2X5	Mau2	10090
Q9D2Y4	Mlkl	10090
Q9D2Y5	Snx20	10090
Q9D2Y6	Fbxo25	10090
Q9D2Y9	Elovl7	10090
Q9D2Z1	Ceacam20	10090
Q9D2Z4	Senp8	10090
Q9D2Z8	Kif12	10090
Q9D300	Rasgef1c	10090
Q9D304	Rnf128	10090
Q9D305	Thap2	10090
Q9D306	Mgat4c	10090
Q9D309	Fam3b	10090
Q9D311	Duoxa2	10090
Q9D312	Krt20	10090
Q9D321	Slc35a4	10090
Q9D328	Tmem35a	10090
Q9D338	Mrpl19	10090
Q9D342	Tmem170a	10090
Q9D350	Obox1	10090
Q9D358	Acp1	10090
Q9D361	Snrnp48	10090
Q9D379	Ephx1	10090
Q9D384	Snrnp35	10090
Q9D385	Arl2bp	10090
Q9D387	Lamp5	10090
Q9D394	Rufy3	10090
Q9D3A8	Nos1ap	10090
Q9D3A9	Ttyh1	10090
Q9D3B1	Hacd2	10090
Q9D3D0	Ttpal	10090
Q9D3D9	Atp5f1d	10090
Q9D3E6	Stag1	10090
Q9D3F7	Ddit4	10090
Q9D3G2	Slamf8	10090
Q9D3G5	Stx11	10090
Q9D3G9	Rhoh	10090
Q9D3H0	Tmem80	10090
Q9D3H2	Obp1a	10090
Q9D3I6	Krtap7-1	10090
Q9D3J5	Ankrd22	10090
Q9D3J8	Amtn	10090
Q9D3J9	Tasl	10090
Q9D3L0	Fam174a	10090
Q9D3N2	Clxn	10090
Q9D3N8	Grtp1	10090
Q9D3P1	Tchhl1	10090
Q9D3P8	Plgrkt	10090
Q9D3P9	Nts	10090
Q9D3R3	Cep72	10090
Q9D3R5	Fam187a	10090
Q9D3R6	Katnal2	10090
Q9D3R9	Taf7l	10090
Q9D3S3	Snx29	10090
Q9D3S5	Noxred1	10090
Q9D3S9	Cpvl	10090
Q9D3U0	Pus10	10090
Q9D3V1	Drc10	10090
Q9D3V5	Fsip1	10090
Q9D3W1	Rsph14	10090
Q9D3W4	Gpn3	10090
Q9D3W5	Lrrc71	10090
Q9D3X5	Pacrgl	10090
Q9D3X9	Mfap3l	10090
Q9D404	Oxsm	10090
Q9D411	Tssk4	10090
Q9D413	Sh2d6	10090
Q9D415	Dlgap1	10090
Q9D416	Arl13a	10090
Q9D417	Fbxo24	10090
Q9D424	Cabyr	10090
Q9D428	GOLGA7B	10090
Q9D439	Cfap53	10090
Q9D478	Odf2l	10090
Q9D479	Uvssa	10090
Q9D483	Polr3c	10090
Q9D485	Efhc2	10090
Q9D486	Cmip	10090
Q9D489	Sohlh2	10090
Q9D494	Terb2	10090
Q9D495	Syce1	10090
Q9D498	Iqcf3	10090
Q9D4B1	Sgms2	10090
Q9D4B2	Odad4	10090
Q9D4C1	Lmntd1	10090
Q9D4C5	Eaf1	10090
Q9D4C6	Lrp2bp	10090
Q9D4C9	Clvs1	10090
Q9D4D4	Tktl2	10090
Q9D4D7	Tmem30c	10090
Q9D4F2	Plpp6	10090
Q9D4F8	Tubgcp4	10090
Q9D4G1	Epcip	10090
Q9D4G2	Hsf2bp	10090
Q9D4G9	Rmi1	10090
Q9D4H1	Exoc2	10090
Q9D4H2	Gcc1	10090
Q9D4H4	Amotl1	10090
Q9D4H7	Lonrf3	10090
Q9D4H8	Cul2	10090
Q9D4H9	Phf14	10090
Q9D4I2	Mei1	10090
Q9D4J1	Efhd1	10090
Q9D4J3	Dcbld1	10090
Q9D4J7	Phf6	10090
Q9D4K4	Fancd2os	10090
Q9D4K5	Cimip2a	10090
Q9D4K7	Tektl1	10090
Q9D4M9	Galntl5	10090
Q9D4P0	Arl5b	10090
Q9D4P7	Gstt4	10090
Q9D4Q1	Ribc2	10090
Q9D4R2	Mgat4d	10090
Q9D4V0	Etnk1	10090
Q9D4V3	Ccdc83	10090
Q9D4V4	Taf1d	10090
Q9D4V6	Tomm20l	10090
Q9D4V7	Rabl3	10090
Q9D4W2	Mfi	10090
Q9D4Y8	Tmem269	10090
Q9D504	Ankrd7	10090
Q9D513	Meiob	10090
Q9D516	Yju2b	10090
Q9D517	Agpat3	10090
Q9D518	Fam227b	10090
Q9D529	Wbp2nl	10090
Q9D531	Nxnl2	10090
Q9D534	Zc2hc1b	10090
Q9D541	Ccdc7a	10090
Q9D552	Spata17	10090
Q9D554	Sf3a3	10090
Q9D563	Tmem114	10090
Q9D565	Wdr64	10090
Q9D572	Ubxn11	10090
Q9D581	Efcab10	10090
Q9D593	Atp6v1e2	10090
Q9D5A0	Spesp1	10090
Q9D5A9	Rnase10	10090
Q9D5B7	Tex50	10090
Q9D5D8	Cdyl2	10090
Q9D5E4	Drc3	10090
Q9D5H4	Ftmt	10090
Q9D5I4	Dynlt5	10090
Q9D5J6	Shpk	10090
Q9D5K1	Tmem81	10090
Q9D5K4	S100pbp	10090
Q9D5L7	Spsb1	10090
Q9D5N8	Satl1	10090
Q9D5P4	Adad2	10090
Q9D5R2	Wdr20	10090
Q9D5R3	Cep83	10090
Q9D5R4	Spata1	10090
Q9D5S1	Tex19.2	10090
Q9D5S7	Lrguk	10090
Q9D5T0	Atad1	10090
Q9D5T7	Hormad1	10090
Q9D5U0	Lpcat2b	10090
Q9D5U5	Pudp	10090
Q9D5U8	Cnbd2	10090
Q9D5V2	Klhl10	10090
Q9D5V5	Cul5	10090
Q9D5V6	Syap1	10090
Q9D5W4	Ccdc81	10090
Q9D5W8	Tex47	10090
Q9D5Y0	Spmip4	10090
Q9D5Y1	Ccdc39	10090
Q9D5Z5	Mss51	10090
Q9D5Z7	Krtap5-2	10090
Q9D600	Gins2	10090
Q9D611	Ocstamp	10090
Q9D618	Kbtbd12	10090
Q9D620	Rab11fip1	10090
Q9D638	Krtap3-2	10090
Q9D646	Krt34	10090
Q9D650	Lratd1	10090
Q9D658	Ptp4a3	10090
Q9D659	Vsir	10090
Q9D662	Sec23b	10090
Q9D665	Sdr42e1	10090
Q9D666	Sun1	10090
Q9D668	Arrdc2	10090
Q9D676	Clec2g	10090
Q9D684	Rin2	10090
Q9D687	Slc6a19	10090
Q9D695	Serpinb7	10090
Q9D6A1	Myo1h	10090
Q9D6B9	Hrct1	10090
Q9D6D0	Slc25a27	10090
Q9D6D8	Ppil6	10090
Q9D6E4	Ttc9b	10090
Q9D6F4	Gabra4	10090
Q9D6F9	Tubb4a	10090
Q9D6G5	Tmem138	10090
Q9D6G9	Cmtm5	10090
Q9D6H2	Ift25	10090
Q9D6H5	Zdhhc4	10090
Q9D6I3	Pfn4	10090
Q9D6I7	Dipk1a	10090
Q9D6I9	Lurap1	10090
Q9D6J1	Cers4	10090
Q9D6J3	Yju2	10090
Q9D6J4	Necab3	10090
Q9D6J5	Ndufb8	10090
Q9D6J6	Ndufv2	10090
Q9D6K5	Synj2bp	10090
Q9D6K7	Ttc33	10090
Q9D6K8	Fundc2	10090
Q9D6K9	Cers5	10090
Q9D6L8	Ppil3	10090
Q9D6M3	Slc25a22	10090
Q9D6N1	Ca13	10090
Q9D6N5	Drap1	10090
Q9D6P8	Calml3	10090
Q9D6R2	Idh3a	10090
Q9D6S7	Mrrf	10090
Q9D6T0	Nosip	10090
Q9D6T1	Tube1	10090
Q9D6U8	Fam162a	10090
Q9D6V8	Paip2	10090
Q9D6W7	Cd164l2	10090
Q9D6W8	Borcs6	10090
Q9D6X5	Slc52a3	10090
Q9D6X6	Prss23	10090
Q9D6Y1	Ccdc3	10090
Q9D6Y4	Borcs8	10090
Q9D6Y7	Msra	10090
Q9D6Y9	Gbe1	10090
Q9D6Z0	Alkbh7	10090
Q9D6Z1	Nop56	10090
Q9D6Z6	Il36b	10090
Q9D700	Dusp26	10090
Q9D701	Upk3bl1	10090
Q9D702	Tmem52	10090
Q9D706	Rpap3	10090
Q9D708	S100a16	10090
Q9D709	Tmem79	10090
Q9D710	Tmx2	10090
Q9D711	Pir	10090
Q9D720	Nsmce1	10090
Q9D722	Oser1	10090
Q9D727	Pex39	10090
Q9D733	Gp2	10090
Q9D735	Trir	10090
Q9D738	Asb12	10090
Q9D742	Ap5s1	10090
Q9D752	Mad2l2	10090
Q9D753	Exosc8	10090
Q9D757	Dapl1	10090
Q9D771	Pacc1	10090
Q9D772	Fam219a	10090
Q9D773	Mrpl2	10090
Q9D777	Tnfsf13	10090
Q9D780	Slamf9	10090
Q9D783	Klhl40	10090
Q9D786	Haus5	10090
Q9D787	Ppil2	10090
Q9D799	Mtfmt	10090
Q9D7A6	Srp19	10090
Q9D7A8	Armc1	10090
Q9D7B1	Dus2	10090
Q9D7B6	Acad8	10090
Q9D7B7	Gpx8	10090
Q9D7C9	Nmrk2	10090
Q9D7D1	Rnf225	10090
Q9D7D2	Serpina9	10090
Q9D7D7	Cldn23	10090
Q9D7E3	Ovca2	10090
Q9D7F2	Lypd6b	10090
Q9D7F7	Chmp4c	10090
Q9D7G0	Prps1	10090
Q9D7G4	Eurl	10090
Q9D7G9	Mapk1ip1	10090
Q9D7H2	Wdr5b	10090
Q9D7H3	RtcA	10090
Q9D7H4	Avpi1	10090
Q9D7I0	Shisa5	10090
Q9D7I5	Lhpp	10090
Q9D7I8	Fam83d	10090
Q9D7I9	Tgm5	10090
Q9D7J4	Cox20	10090
Q9D7J6	Dnase1l1	10090
Q9D7J7	Capns2	10090
Q9D7J9	Echdc3	10090
Q9D7K2	Ten1	10090
Q9D7K5	Dmac2	10090
Q9D7L8	Tmigd1	10090
Q9D7M1	Gid8	10090
Q9D7M8	Polr2d	10090
Q9D7N2	Krtap26-1	10090
Q9D7N3	Mrps9	10090
Q9D7N6	Mrpl30	10090
Q9D7N9	Apmap	10090
Q9D7P0	Krtap3-3	10090
Q9D7P6	Iscu	10090
Q9D7P7	Clic3	10090
Q9D7P9	Serpinb12	10090
Q9D7Q0	Lyg1	10090
Q9D7Q1	Chit1	10090
Q9D7R2	Pmepa1	10090
Q9D7R7	Pgc	10090
Q9D7S0	Lypd8	10090
Q9D7S1	Tmem54	10090
Q9D7S7	Rpl22l1	10090
Q9D7S9	Chmp5	10090
Q9D7T1	Rep15	10090
Q9D7U6	Cldn22	10090
Q9D7V1	Sh2d4a	10090
Q9D7V2	Lysmd2	10090
Q9D7V9	Naaa	10090
Q9D7W4	Tspan17	10090
Q9D7W5	Med8	10090
Q9D7X1	Kctd4	10090
Q9D7X3	Dusp3	10090
Q9D7X8	Ggct	10090
Q9D7Y9	Slx4ip	10090
Q9D7Z3	Nol7	10090
Q9D7Z6	Clca1	10090
Q9D7Z7	Lypd5	10090
Q9D805	Capn9	10090
Q9D806	Vstm5	10090
Q9D808	Kcne2	10090
Q9D816	Cyp2c55	10090
Q9D818	Sapcd2	10090
Q9D819	Ppa1	10090
Q9D820	Prorsd1	10090
Q9D823	Rpl37	10090
Q9D824	Fip1l1	10090
Q9D826	Pipox	10090
Q9D832	Dnajb4	10090
Q9D842	Aplf	10090
Q9D844	Dnajc4	10090
Q9D845	Tex9	10090
Q9D850	Tmem68	10090
Q9D853	Eef1akmt2	10090
Q9D855	Uqcrb	10090
Q9D856	Slc39a5	10090
Q9D864	Actr6	10090
Q9D868	Ppih	10090
Q9D869	Chp2	10090
Q9D871	Ceacam18	10090
Q9D880	Timm50	10090
Q9D882	Fam241b	10090
Q9D883	U2af1	10090
Q9D892	Itpa	10090
Q9D898	Arpc5l	10090
Q9D8B1	Aig1	10090
Q9D8B3	Chmp4b	10090
Q9D8B4	Ndufa11	10090
Q9D8B6	Mims2	10090
Q9D8B7	Jam3	10090
Q9D8C2	Tspan13	10090
Q9D8C3	Alg13	10090
Q9D8C4	Ifi35	10090
Q9D8C6	Med11	10090
Q9D8C8	Ppp1r35	10090
Q9D8D0	Tnfrsf13c	10090
Q9D8E6	Rpl4	10090
Q9D8F1	Alkbh4	10090
Q9D8F3	Slc52a2	10090
Q9D8G5	Reg4	10090
Q9D8H7	Oma1	10090
Q9D8I1	Mzb1	10090
Q9D8I2	P2ry13	10090
Q9D8I3	Glod5	10090
Q9D8K3	Derl3	10090
Q9D8K8	Slc25a39	10090
Q9D8L5	Ccdc91	10090
Q9D8M3	Slc48a1	10090
Q9D8M4	Rpl7l1	10090
Q9D8M7	Phf10	10090
Q9D8N0	Eef1g	10090
Q9D8N2	Dennd10	10090
Q9D8N3	Tmem86a	10090
Q9D8N6	Lin37	10090
Q9D8P4	Mrpl17	10090
Q9D8P7	Gtf3c6	10090
Q9D8Q6	Pou2af2	10090
Q9D8S3	Arfgap3	10090
Q9D8S4	Rexo2	10090
Q9D8S9	Bola1	10090
Q9D8T0	Fam3a	10090
Q9D8T2	Gsdmd	10090
Q9D8T3	Rhebl1	10090
Q9D8T4	Tvp23b	10090
Q9D8T7	Slirp	10090
Q9D8U0	Ifrd2	10090
Q9D8U2	Tmem41a	10090
Q9D8U3	Erp27	10090
Q9D8U4	C1qtnf2	10090
Q9D8U6	Mcemp1	10090
Q9D8U7	Dtwd1	10090
Q9D8U8	Snx5	10090
Q9D8V0	Hm13	10090
Q9D8V7	Sec11c	10090
Q9D8W5	Psmd12	10090
Q9D8W7	Ociad2	10090
Q9D8X0	Manbal	10090
Q9D8X1	Cutc	10090
Q9D8X2	Ccdc124	10090
Q9D8X5	Cnot8	10090
Q9D8Y0	Efhd2	10090
Q9D8Y1	Tmem126a	10090
Q9D8Y7	Tnfaip8l2	10090
Q9D8Y8	Ing5	10090
Q9D8Z1	Ascc1	10090
Q9D8Z2	Triap1	10090
Q9D8Z6	Atg101	10090
Q9D902	Gtf2e2	10090
Q9D903	Ebna1bp2	10090
Q9D906	Atg7	10090
Q9D915	Tcim	10090
Q9D920	Borcs5	10090
Q9D924	Isca1	10090
Q9D925	Lyzl4	10090
Q9D937	Rsmc	10090
Q9D938	Tmem160	10090
Q9D939	Sult1c2	10090
Q9D945	Llph	10090
Q9D952	Evpl	10090
Q9D956	Marveld3	10090
Q9D958	Spcs1	10090
Q9D964	Gatm	10090
Q9D967	Mdp1	10090
Q9D968	Hcfc2	10090
Q9D975	Srxn1	10090
Q9D979	Chct1	10090
Q9D992	Majin	10090
Q9D994	Wdr38	10090
Q9D995	Cntd1	10090
Q9D9A7	Ptges3l	10090
Q9D9B0	Ccdc70	10090
Q9D9B4	Lrmda	10090
Q9D9B7	Prr30	10090
Q9D9C6	Ccdc182	10090
Q9D9D3	Tbc1d21	10090
Q9D9D5	Tmco5a	10090
Q9D9D8	Dusp21	10090
Q9D9D9	Cfap141	10090
Q9D9E0	Slc22a17	10090
Q9D9F8	Mipol1	10090
Q9D9G2	Pebp4	10090
Q9D9G3	Chic2	10090
Q9D9H2	Cldnd2	10090
Q9D9H3	Mbd3l1	10090
Q9D9I1	Spmip10	10090
Q9D9I4	Tbc1d20	10090
Q9D9J2	Cimip4	10090
Q9D9J3	Actrt1	10090
Q9D9J7	Izumo1	10090
Q9D9J8	Bpifa3	10090
Q9D9K3	Aven	10090
Q9D9K8	Iqcf1	10090
Q9D9L5	Actrt2	10090
Q9D9M0	Prss52	10090
Q9D9M2	Usp12	10090
Q9D9M4	Pdzd9	10090
Q9D9M5	Phospho2	10090
Q9D9N5	Cib4	10090
Q9D9N8	Pradc1	10090
Q9D9P2	Dnaaf19	10090
Q9D9P8	Llcfc1	10090
Q9D9Q0	Lrrc69	10090
Q9D9Q6	Calr3	10090
Q9D9R0	Rnf125	10090
Q9D9R3	Spata9	10090
Q9D9R7	Dmrtc1	10090
Q9D9R9	FAM186A	10090
Q9D9S2	Tmem225	10090
Q9D9S3	Rwdd2a	10090
Q9D9T0	Dydc1	10090
Q9D9T6	Spata3	10090
Q9D9T8	Efhc1	10090
Q9D9U4	Tex22	10090
Q9D9U9	Cfap45	10090
Q9D9V2	Eqtn	10090
Q9D9V3	Echdc1	10090
Q9D9V4	Rsph9	10090
Q9D9V7	Dennd6b	10090
Q9D9W0	Spatc1l	10090
Q9D9W1	Cimap3	10090
Q9D9W6	Fam217a	10090
Q9D9X6	Zswim2	10090
Q9D9X8	Spaca3	10090
Q9D9Y8	Ssmem1	10090
Q9D9Z1	Knstrn	10090
Q9D9Z5	Dda1	10090
Q9D9Z7	H2bl1	10090
Q9DA01	Eppin	10090
Q9DA03	Lyrm7	10090
Q9DA04	Tmem89	10090
Q9DA08	Sgf29	10090
Q9DA11	Lyzl6	10090
Q9DA15	Spmap2l	10090
Q9DA16	Izumo2	10090
Q9DA17	Tsga13	10090
Q9DA19	Cirsr	10090
Q9DA21	Smco2	10090
Q9DA32	Sun5	10090
Q9DA37	Samd8	10090
Q9DA39	Tmbim4	10090
Q9DA42	Cimip1	10090
Q9DA44	Tsacc	10090
Q9DA47	Tmem239	10090
Q9DA48	Spaca1	10090
Q9DA57	Spata25	10090
Q9DA60	Tex44	10090
Q9DA64	Cdrt4	10090
Q9DA69	Ift43	10090
Q9DA73	Ccdc89	10090
Q9DA75	Mfsd2a	10090
Q9DA77	Tex29	10090
Q9DA79	Dpep3	10090
Q9DA80	Rsph3b	10090
Q9DA97	Septin14	10090
Q9DAA4	Prss37	10090
Q9DAA6	Exosc1	10090
Q9DAA7	SPMIP3	10090
Q9DAC0	Cmtm2b	10090
Q9DAC7	Ttc32	10090
Q9DAC9	Pou5f2	10090
Q9DAD0	Cfap276	10090
Q9DAD6	Pfn3	10090
Q9DAE2	Rbmxl2	10090
Q9DAE3	Lelp1	10090
Q9DAF3	Ddi1	10090
Q9DAG4	Spmip9	10090
Q9DAG5	Stpg4	10090
Q9DAG6	Glipr1l1	10090
Q9DAG9	Phf7	10090
Q9DAH1	Scp2d1	10090
Q9DAH2	Znrf4	10090
Q9DAI2	Ift22	10090
Q9DAI4	Zbtb43	10090
Q9DAI6	Fam135b	10090
Q9DAI9	Morn5	10090
Q9DAJ2	Tekt1	10090
Q9DAJ4	Wdr83	10090
Q9DAJ5	Dynlrb2	10090
Q9DAK2	Pacrg	10090
Q9DAK3	Rhobtb1	10090
Q9DAK4	Fabp12	10090
Q9DAK8	Lrrc51	10090
Q9DAK9	Phpt1	10090
Q9DAL0	Smim23	10090
Q9DAL3	Ccdc54	10090
Q9DAL7	Iqcf5	10090
Q9DAL9	Fam24b	10090
Q9DAM1	Lrrc34	10090
Q9DAM2	Efcab9	10090
Q9DAM3	Hspb9	10090
Q9DAM5	Slc25a19	10090
Q9DAM7	Tmem263	10090
Q9DAM9	Fank1	10090
Q9DAN1	Pdilt	10090
Q9DAN6	Gtsf1	10090
Q9DAN8	Cst12	10090
Q9DAN9	Cfap97d1	10090
Q9DAP0	Lrrc46	10090
Q9DAP7	Asf1b	10090
Q9DAQ5	Spmap1	10090
Q9DAQ9	Spata19	10090
Q9DAR0	Cfap90	10090
Q9DAR1	Cmtm2a	10090
Q9DAR7	Dcps	10090
Q9DAS1	Cklf	10090
Q9DAS2	Cimip2c	10090
Q9DAS4	Prl8a8	10090
Q9DAS9	Gng12	10090
Q9DAT2	Mrgbp	10090
Q9DAT5	Trmu	10090
Q9DAU1	Cnpy3	10090
Q9DAU7	Wfdc2	10090
Q9DAU9	Znf654	10090
Q9DAV9	Tmem38b	10090
Q9DAW6	Prpf4	10090
Q9DAW9	Cnn3	10090
Q9DAX2	Plpp2	10090
Q9DAX9	Appbp2	10090
Q9DAY2	Prl8a6	10090
Q9DAZ2	Prl2b1	10090
Q9DAZ5	Fam174c	10090
Q9DAZ9	Zfyve19	10090
Q9DB00	Gon4l	10090
Q9DB05	Napa	10090
Q9DB07	Ift46	10090
Q9DB10	Smdt1	10090
Q9DB15	Mrpl12	10090
Q9DB16	Cab39l	10090
Q9DB20	Atp5po	10090
Q9DB25	Alg5	10090
Q9DB26	Phyhd1	10090
Q9DB27	Mcts1	10090
Q9DB28	Pop5	10090
Q9DB29	Iah1	10090
Q9DB30	Phkg2	10090
Q9DB32	Haghl	10090
Q9DB34	Chmp2a	10090
Q9DB38	Znf580	10090
Q9DB40	Med27	10090
Q9DB41	Slc25a18	10090
Q9DB42	Znf593	10090
Q9DB43	Zfpl1	10090
Q9DB50	Ap1s2	10090
Q9DB52	Pabir1	10090
Q9DB54	Fam216a	10090
Q9DB60	Prxl2b	10090
Q9DB70	Fundc1	10090
Q9DB72	Btbd17	10090
Q9DB73	Cyb5r1	10090
Q9DB75	Cdip1	10090
Q9DB76	Emc9	10090
Q9DB77	Uqcrc2	10090
Q9DB85	Rrp8	10090
Q9DB90	Smg9	10090
Q9DB91	Med29	10090
Q9DB94	Wdr53	10090
Q9DB96	Ngdn	10090
Q9DB98	Leng1	10090
Q9DBA6	Tysnd1	10090
Q9DBA8	Amdhd1	10090
Q9DBA9	Gtf2h1	10090
Q9DBB1	Dusp6	10090
Q9DBB4	Naa16	10090
Q9DBB5	Eif4e3	10090
Q9DBB8	Dhdh	10090
Q9DBB9	Cpn2	10090
Q9DBC0	Selenoo	10090
Q9DBC3	Cmtr1	10090
Q9DBC7	Prkar1a	10090
Q9DBD0	Inhca	10090
Q9DBD2	Marchf8	10090
Q9DBD5	Pelp1	10090
Q9DBE0	Csad	10090
Q9DBE8	Alg2	10090
Q9DBE9	Ftsj3	10090
Q9DBF1	Aldh7a1	10090
Q9DBF7	Cwc25	10090
Q9DBG1	Cyp27a1	10090
Q9DBG3	Ap2b1	10090
Q9DBG5	Plin3	10090
Q9DBG6	Rpn2	10090
Q9DBG7	Srpra	10090
Q9DBG9	Tax1bp3	10090
Q9DBH0	Wwp2	10090
Q9DBH5	Lman2	10090
Q9DBI0	Tmprss6	10090
Q9DBI2	Bbs10	10090
Q9DBJ1	Pgam1	10090
Q9DBJ3	Baiap2l1	10090
Q9DBJ6	Josd1	10090
Q9DBK0	Acot12	10090
Q9DBK7	Uba7	10090
Q9DBL1	Acadsb	10090
Q9DBL2	Gdap2	10090
Q9DBL7	Coasy	10090
Q9DBL9	Abhd5	10090
Q9DBM0	Abcg8	10090
Q9DBM1	Gpatch1	10090
Q9DBM2	Ehhadh	10090
Q9DBN1	Stra6l	10090
Q9DBN4	P33monox	10090
Q9DBN5	Lonp2	10090
Q9DBN9	Ddx59	10090
Q9DBP0	Slc34a2	10090
Q9DBP5	Cmpk1	10090
Q9DBQ7	Scyl3	10090
Q9DBQ9	Swt1	10090
Q9DBR0	Akap8	10090
Q9DBR1	Xrn2	10090
Q9DBR2	Fam13c	10090
Q9DBR3	Armc8	10090
Q9DBR4	Apbb2	10090
Q9DBR7	Ppp1r12a	10090
Q9DBS1	Tmem43	10090
Q9DBS2	Tprg1l	10090
Q9DBS4	Acoxl	10090
Q9DBS5	Klc4	10090
Q9DBS8	Poc5	10090
Q9DBS9	Osbpl3	10090
Q9DBT3	Ccdc97	10090
Q9DBT4	Entpd4	10090
Q9DBT5	Ampd2	10090
Q9DBT9	Dmgdh	10090
Q9DBU0	Tm9sf1	10090
Q9DBU2	Naa60	10090
Q9DBU3	Riok3	10090
Q9DBU5	Rnf6	10090
Q9DBU6	Rsrc1	10090
Q9DBV3	Dhx34	10090
Q9DBV4	Mxra8	10090
Q9DBW0	Cyp4v2	10090
Q9DBW3	Natd1	10090
Q9DBX1	Rgcc	10090
Q9DBX2	Pdcl	10090
Q9DBX3	Susd2	10090
Q9DBX6	Cyp2s1	10090
Q9DBX7	Heyl	10090
Q9DBY0	Foxp4	10090
Q9DBY1	Syvn1	10090
Q9DBY4	Tril	10090
Q9DBY5	Cbx6	10090
Q9DBY8	Nvl	10090
Q9DBZ1	Ikbip	10090
Q9DBZ5	Eif3k	10090
Q9DBZ9	Syde1	10090
Q9DC04	Rgs3	10090
Q9DC07	Nebl	10090
Q9DC11	Plxdc2	10090
Q9DC16	Ergic1	10090
Q9DC22	Dcaf6	10090
Q9DC23	Dnajc10	10090
Q9DC26	Slc46a3	10090
Q9DC28	Csnk1d	10090
Q9DC29	Abcb6	10090
Q9DC33	Hmg20a	10090
Q9DC37	Mfsd1	10090
Q9DC40	Telo2	10090
Q9DC48	Cdc40	10090
Q9DC50	Crot	10090
Q9DC51	Gnai3	10090
Q9DC53	Cpne8	10090
Q9DC58	Dram1	10090
Q9DC60	Ubiad1	10090
Q9DC61	Pmpca	10090
Q9DC63	Fbxo3	10090
Q9DC69	Ndufa9	10090
Q9DC70	Ndufs7	10090
Q9DC71	Mrps15	10090
Q9DC77	Smpx	10090
Q9DCA2	Mrps11	10090
Q9DCA5	Brix1	10090
Q9DCA7	Caly	10090
Q9DCB1	Hmgn3	10090
Q9DCB3	Rnf227	10090
Q9DCB4	Arpp21	10090
Q9DCB8	Isca2	10090
Q9DCC3	Ccdc107	10090
Q9DCC4	Pycr3	10090
Q9DCC7	Isoc2b	10090
Q9DCC8	Tomm20	10090
Q9DCD0	Pgd	10090
Q9DCD2	Xab2	10090
Q9DCD5	Tjap1	10090
Q9DCD6	Gabarap	10090
Q9DCE5	Pak1ip1	10090
Q9DCE9	Igtp	10090
Q9DCF1	Tmem25	10090
Q9DCF9	Ssr3	10090
Q9DCG2	Cd302	10090
Q9DCG6	Pbld1	10090
Q9DCG9	Trmt112	10090
Q9DCH2	Pop7	10090
Q9DCH4	Eif3f	10090
Q9DCH6	Zfand6	10090
Q9DCI3	Stard3nl	10090
Q9DCI9	Mrpl32	10090
Q9DCJ1	Mlst8	10090
Q9DCJ5	Ndufa8	10090
Q9DCJ7	Aurkaip1	10090
Q9DCJ9	Npl	10090
Q9DCK3	Tspan4	10090
Q9DCK4	Znf414	10090
Q9DCL2	Ciao2a	10090
Q9DCL4	Mettl15	10090
Q9DCL8	Ppp1r2	10090
Q9DCL9	Paics	10090
Q9DCM0	Ethe1	10090
Q9DCM2	Gstk1	10090
Q9DCM4	Dnal4	10090
Q9DCM7	Nacc2	10090
Q9DCN1	Nudt12	10090
Q9DCN2	Cyb5r3	10090
Q9DCN7	Rnft1	10090
Q9DCP2	Slc38a3	10090
Q9DCP9	Dazap2	10090
Q9DCQ2	Aspdh	10090
Q9DCQ3	Golt1a	10090
Q9DCQ7	Serpina1f	10090
Q9DCR2	Ap3s1	10090
Q9DCR4	Eid1	10090
Q9DCS1	Tmem176a	10090
Q9DCS2	Mettl26	10090
Q9DCS3	Mecr	10090
Q9DCS9	Ndufb10	10090
Q9DCT1	Akr1e2	10090
Q9DCT2	Ndufs3	10090
Q9DCT5	Sdf2	10090
Q9DCT6	Bacc1	10090
Q9DCT8	Crip2	10090
Q9DCU0	Paqr5	10090
Q9DCU2	Pllp	10090
Q9DCU6	Mrpl4	10090
Q9DCU9	Hoga1	10090
Q9DCV3	Dgat2	10090
Q9DCV4	Rmdn1	10090
Q9DCV6	Dele1	10090
Q9DCV7	Krt7	10090
Q9DCW2	Plscr2	10090
Q9DCW4	Etfb	10090
Q9DCX1	Mad2l1bp	10090
Q9DCX2	Atp5pd	10090
Q9DCX7	Tmem174	10090
Q9DCX8	Iyd	10090
Q9DCY0	Keg1	10090
Q9DCZ1	Gmpr	10090
Q9DCZ4	Apoo	10090
Q9DCZ9	Aph1c	10090
Q9DD02	Hikeshi	10090
Q9DD03	Rab13	10090
Q9DD06	Rarres2	10090
Q9DD16	Nudt22	10090
Q9DD18	Dtd1	10090
Q9DD19	Rassf7	10090
Q9DD20	Tmt1b	10090
Q9DD23	Lypd2	10090
Q9DD24	Tceal9	10090
Q9EP51	Vmn1r50	10090
Q9EP52	Twsg1	10090
Q9EP53	Tsc1	10090
Q9EP64	Tnmd	10090
Q9EP66	Hcar2	10090
Q9EP69	Sacm1l	10090
Q9EP71	Rai14	10090
Q9EP72	Emc7	10090
Q9EP73	Cd274	10090
Q9EP75	Cyp4f14	10090
Q9EP78	Chst7	10090
Q9EP79	Vmn1r52	10090
Q9EP82	Wdr4	10090
Q9EP89	Lactb	10090
Q9EP93	Vmn1r53	10090
Q9EP95	Retnla	10090
Q9EP96	Slco1a4	10090
Q9EP97	Senp3	10090
Q9EPA7	Nmnat1	10090
Q9EPB4	Pycard	10090
Q9EPB5	Serhl	10090
Q9EPB7	Gpr88	10090
Q9EPB8	Vmn1r54	10090
Q9EPC1	Parva	10090
Q9EPC2	Fgf23	10090
Q9EPC5	Rbp7	10090
Q9EPE9	Atp13a1	10090
Q9EPJ9	Arfgap1	10090
Q9EPK2	Rp2	10090
Q9EPK5	Wwtr1	10090
Q9EPK6	Sil1	10090
Q9EPK7	Xpo7	10090
Q9EPK8	Trpv4	10090
Q9EPL0	Xylt2	10090
Q9EPL2	Clstn1	10090
Q9EPL4	Mettl9	10090
Q9EPL5	Mmp1a	10090
Q9EPL6	Mmp1b	10090
Q9EPL8	Ipo7	10090
Q9EPL9	Acox3	10090
Q9EPM5	Sync	10090
Q9EPN1	Nbea	10090
Q9EPQ1	Tlr1	10090
Q9EPQ2	Rpgrip1	10090
Q9EPQ7	Stard5	10090
Q9EPQ8	Tcf20	10090
Q9EPR2	Pla2g12a	10090
Q9EPR4	Slc23a2	10090
Q9EPR5	Sorcs2	10090
Q9EPS2	Pyy	10090
Q9EPS3	Glce	10090
Q9EPT5	Slco2a1	10090
Q9EPU0	Upf1	10090
Q9EPU4	Cpsf1	10090
Q9EPU5	Tnfrsf21	10090
Q9EPV8	Ubl5	10090
Q9EPV9	Defb5	10090
Q9EPW0	Inpp4a	10090
Q9EPW2	Klf15	10090
Q9EPW4	Clec3a	10090
Q9EPW9	Tlr6	10090
Q9EPX2	Papln	10090
Q9EPX5	Fbxl12	10090
Q9EPZ6	Tbx18	10090
Q9EQ00	Ropn1l	10090
Q9EQ06	Hsd17b11	10090
Q9EQ09	Olr1	10090
Q9EQ14	Il23a	10090
Q9EQ15	Gnb1l	10090
Q9EQ16	Cxcr6	10090
Q9EQ20	Aldh6a1	10090
Q9EQ21	Hamp	10090
Q9EQ28	Pold3	10090
Q9EQ31	Lpar3	10090
Q9EQ32	Pik3ap1	10090
Q9EQ44	Vmn1r41	10090
Q9EQ45	Vmn1r46	10090
Q9EQ46	Vmn1r40	10090
Q9EQ47	Vmn1r44	10090
Q9EQ48	V1ra8	10090
Q9EQ51	Vmn1r47	10090
Q9EQ52	Vmn1r48	10090
Q9EQ61	Pes1	10090
Q9EQ80	Nif3l1	10090
Q9EQB9	Znf287	10090
Q9EQC0	Chst1	10090
Q9EQC1	Hsd3b7	10090
Q9EQC4	Elovl4	10090
Q9EQC5	Scyl1	10090
Q9EQC7	Fstl3	10090
Q9EQD0	Fzd5	10090
Q9EQF2	Kel	10090
Q9EQF4	Izumo1r	10090
Q9EQF5	Dpys	10090
Q9EQF6	Dpysl5	10090
Q9EQG3	Scel	10090
Q9EQG5	Bean1	10090
Q9EQG7	Enpp5	10090
Q9EQG9	Cert1	10090
Q9EQH2	Erap1	10090
Q9EQH3	Vps35	10090
Q9EQH4	Taf8	10090
Q9EQH7	Ndst3	10090
Q9EQI8	Mrpl46	10090
Q9EQJ0	Tpcn1	10090
Q9EQJ9	Magi3	10090
Q9EQK5	Mvp	10090
Q9EQK7	Icmt	10090
Q9EQM3	Nkx2-4	10090
Q9EQM6	Dgcr8	10090
Q9EQN3	Tsc22d4	10090
Q9EQN9	Slc19a2	10090
Q9EQP2	Ehd4	10090
Q9EQP6	Arr3	10090
Q9EQQ0	Suv39h2	10090
Q9EQQ2	Yipf5	10090
Q9EQQ3	Gpr63	10090
Q9EQQ4	Gpr45	10090
Q9EQQ9	Oga	10090
Q9EQR3	Kcnn1	10090
Q9EQR5	Lime1	10090
Q9EQR6	Fancg	10090
Q9EQS3	Mycbp	10090
Q9EQS9	Igdcc4	10090
Q9EQT3	Rhou	10090
Q9EQT6	Syt13	10090
Q9EQU3	Tlr9	10090
Q9EQU5	Set	10090
Q9EQW6	Olig2	10090
Q9EQW7	Kif13a	10090
Q9EQW8	Ndst4	10090
Q9EQX0	Ghrl	10090
Q9EQX4	Aif1l	10090
Q9EQY0	Ern1	10090
Q9EQZ6	Rapgef4	10090
Q9EQZ7	Rims2	10090
Q9ER00	Stx12	10090
Q9ER04	Tmprss5	10090
Q9ER10	Prss22	10090
Q9ER35	Fn3k	10090
Q9ER38	Tor3a	10090
Q9ER39	Tor1a	10090
Q9ER41	Tor1b	10090
Q9ER42	Barx1	10090
Q9ER47	Kcnh7	10090
Q9ER56	Capn12	10090
Q9ER58	Spock2	10090
Q9ER60	Scn4a	10090
Q9ER62	Tnfrsf22	10090
Q9ER63	Tnfrsf23	10090
Q9ER64	Osbpl5	10090
Q9ER65	Clstn2	10090
Q9ER69	Wtap	10090
Q9ER71	Rhoj	10090
Q9ER72	Cars1	10090
Q9ER73	Elp4	10090
Q9ER74	Sall1	10090
Q9ER75	Irx6	10090
Q9ER80	Rtp4	10090
Q9ER81	Tor1aip2	10090
Q9ER88	Dap3	10090
Q9ER97	Ngb	10090
Q9ER99	Rsc1a1	10090
Q9ERA0	Tfcp2	10090
Q9ERA6	Tfip11	10090
Q9ERB0	Snap29	10090
Q9ERB5	Slco1c1	10090
Q9ERC3	Sertad3	10090
Q9ERC8	Dscam	10090
Q9ERD6	Ralgps2	10090
Q9ERD7	Tubb3	10090
Q9ERD8	Parvg	10090
Q9ERE2	Krt81	10090
Q9ERE3	Sgk3	10090
Q9ERE7	Mesd	10090
Q9ERE8	Tlnrd1	10090
Q9ERE9	Mapk8ip2	10090
Q9ERF3	Skic8	10090
Q9ERG0	Lima1	10090
Q9ERG2	Strn3	10090
Q9ERH4	Nusap1	10090
Q9ERH6	Moap1	10090
Q9ERH7	Hipk3	10090
Q9ERH8	Slc28a3	10090
Q9ERI2	Rab27a	10090
Q9ERI5	Jmjd6	10090
Q9ERI6	Rdh14	10090
Q9ERK0	Ripk4	10090
Q9ERK4	Cse1l	10090
Q9ERK7	Chrnb2	10090
Q9ERK9	P2ry6	10090
Q9ERL7	Gmfg	10090
Q9ERL9	Gucy1a1	10090
Q9ERM2	Icam4	10090
Q9ERN0	Scamp2	10090
Q9ERP3	Trim54	10090
Q9ERQ3	Znf704	10090
Q9ERQ8	Ca7	10090
Q9ERR1	Ndel1	10090
Q9ERR7	Selenof	10090
Q9ERR8	Znf319	10090
Q9ERS2	Ndufa13	10090
Q9ERS4	Plekha3	10090
Q9ERS5	Plekha2	10090
Q9ERS6	Il1rapl2	10090
Q9ERS7	Il1rl2	10090
Q9ERT9	Ppp1r1a	10090
Q9ERU3	Znf22	10090
Q9ERU9	Ranbp2	10090
Q9ERV1	Mkrn2	10090
Q9ERV7	Pidd1	10090
Q9ERY9	Erg28	10090
Q9ERZ0	Hemgn	10090
Q9ERZ3	Chrm3	10090
Q9ERZ4	Chrm2	10090
Q9ERZ6	Fign	10090
Q9ES00	Ube4b	10090
Q9ES03	Tbx20	10090
Q9ES07	Slc15a2	10090
Q9ES17	Il21	10090
Q9ES18	Foxj2	10090
Q9ES28	Arhgef7	10090
Q9ES30	C1qtnf3	10090
Q9ES34	Ube3b	10090
Q9ES46	Parvb	10090
Q9ES52	Inpp5d	10090
Q9ES56	Trappc4	10090
Q9ES57	Cd200r1	10090
Q9ES63	Usp29	10090
Q9ES64	Ush1c	10090
Q9ES70	Nek6	10090
Q9ES74	Nek7	10090
Q9ES81	Popdc3	10090
Q9ES82	Popdc2	10090
Q9ES83	Popdc1	10090
Q9ES88	Slc13a2	10090
Q9ES89	Extl2	10090
Q9ES90	Gpr35	10090
Q9ES97	Rtn3	10090
Q9ESB3	Hrg	10090
Q9ESC7	Ypel1	10090
Q9ESC8	Aff4	10090
Q9ESD1	Prss8	10090
Q9ESD6	Cmtm7	10090
Q9ESD7	Dysf	10090
Q9ESE1	Lrba	10090
Q9ESF1	Otof	10090
Q9ESF4	Grina	10090
Q9ESG2	Ropn1	10090
Q9ESG4	Cltrn	10090
Q9ESG6	P2ry14	10090
Q9ESG8	Zdhhc16	10090
Q9ESG9	Pkmyt1	10090
Q9ESH5	Wfdc1	10090
Q9ESJ0	Xpo4	10090
Q9ESJ1	Cables1	10090
Q9ESJ4	Nckipsd	10090
Q9ESJ7	Irak1bp1	10090
Q9ESK3	Capn10	10090
Q9ESK4	Ing2	10090
Q9ESK9	Rb1cc1	10090
Q9ESL0	Oxct2b	10090
Q9ESL4	Map3k20	10090
Q9ESL8	Fgf16	10090
Q9ESL9	Fgf20	10090
Q9ESM3	Hapln2	10090
Q9ESM6	Gdpd2	10090
Q9ESN1	Doc2g	10090
Q9ESN2	Trim39	10090
Q9ESN3	Pgap6	10090
Q9ESN4	C1ql3	10090
Q9ESN5	Cenpk	10090
Q9ESN6	Trim2	10090
Q9ESN9	Mapk8ip3	10090
Q9ESP1	Sdf2l1	10090
Q9ESP5	Fezf2	10090
Q9ESQ8	Npvf	10090
Q9ESS0	Dusp10	10090
Q9ESS2	Fgf22	10090
Q9EST1	Gsdma	10090
Q9EST3	Eif4enif1	10090
Q9EST4	Psmg2	10090
Q9EST5	Anp32b	10090
Q9EST8	Nfkbiz	10090
Q9ESU6	Brd4	10090
Q9ESV0	Ddx24	10090
Q9ESW4	Agk	10090
Q9ESW8	Pgpep1	10090
Q9ESX2	Sp6	10090
Q9ESX4	Zcchc17	10090
Q9ESX5	Dkc1	10090
Q9ESY9	Ifi30	10090
Q9ESZ8	Gtf2i	10090
Q9ET01	Pygl	10090
Q9ET22	Dpp7	10090
Q9ET26	Rnf114	10090
Q9ET30	Tm9sf3	10090
Q9ET35	Tnfrsf13b	10090
Q9ET37	Slc5a4a	10090
Q9ET38	Cldn19	10090
Q9ET39	Slamf6	10090
Q9ET43	Cldn12	10090
Q9ET47	Espn	10090
Q9ET54	Palld	10090
Q9ET66	Pi16	10090
Q9ET77	Jph3	10090
Q9ET78	Jph2	10090
Q9ET80	Jph1	10090
Q9GIP4	SLC7A5P2	9606
Q9GZK3	OR2B2	9606
Q9GZK4	OR2H1	9606
Q9GZK6	OR2J1	9606
Q9GZK7	OR11A1	9606
Q9GZL7	WDR12	9606
Q9GZL8	BPESC1	9606
Q9GZM3	POLR2J2	9606
Q9GZM5	YIPF3	9606
Q9GZM6	OR8D2	9606
Q9GZM7	TINAGL1	9606
Q9GZM8	NDEL1	9606
Q9GZN0	GPR88	9606
Q9GZN1	ACTR6	9606
Q9GZN2	TGIF2	9606
Q9GZN4	PRSS22	9606
Q9GZN6	SLC6A16	9606
Q9GZN7	ROGDI	9606
Q9GZN8	ADISSP	9606
Q9GZP0	PDGFD	9606
Q9GZP1	NRSN2	9606
Q9GZP4	PITHD1	9606
Q9GZP7	VN1R1	9606
Q9GZP8	IMUP	9606
Q9GZP9	DERL2	9606
Q9GZQ3	COMMD5	9606
Q9GZQ4	NMUR2	9606
Q9GZQ6	NPFFR1	9606
Q9GZQ8	MAP1LC3B	9606
Q9GZR1	SENP6	9606
Q9GZR2	REXO4	9606
Q9GZR5	ELOVL4	9606
Q9GZR7	DDX24	9606
Q9GZS0	DNAI2	9606
Q9GZS1	POLR1E	9606
Q9GZS3	SKIC8	9606
Q9GZS9	CHST5	9606
Q9GZT3	SLIRP	9606
Q9GZT4	SRR	9606
Q9GZT5	WNT10A	9606
Q9GZT6	CCDC90B	9606
Q9GZT8	NIF3L1	9606
Q9GZT9	EGLN1	9606
Q9GZU0	C6orf62	9606
Q9GZU1	MCOLN1	9606
Q9GZU2	PEG3	9606
Q9GZU3	TMEM39B	9606
Q9GZU5	NYX	9606
Q9GZU7	CTDSP1	9606
Q9GZU8	PSME3IP1	9606
Q9GZV1	ANKRD2	9606
Q9GZV3	SLC5A7	9606
Q9GZV4	EIF5A2	9606
Q9GZV5	WWTR1	9606
Q9GZV7	HAPLN2	9606
Q9GZV8	PRDM14	9606
Q9GZV9	FGF23	9606
Q9GZW5	SCAND2P	9606
Q9GZW8	MS4A7	9606
Q9GZX3	CHST6	9606
Q9GZX5	ZNF350	9606
Q9GZX6	IL22	9606
Q9GZX7	AICDA	9606
Q9GZX9	TWSG1	9606
Q9GZY0	NXF2; NXF2B	9606
Q9GZY1	PBOV1	9606
Q9GZY4	COA1	9606
Q9GZY6	LAT2	9606
Q9GZY8	MFF	9606
Q9GZZ0	HOXD1	9606
Q9GZZ1	NAA50	9606
Q9GZZ6	CHRNA10	9606
Q9GZZ7	GFRA4	9606
Q9GZZ8	LACRT	9606
Q9GZZ9	UBA5	9606
Q9H000	MKRN2	9606
Q9H008	LHPP	9606
Q9H009	NACA2	9606
Q9H013	ADAM19	9606
Q9H015	SLC22A4	9606
Q9H019	MTFR1L	9606
Q9H040	SPRTN	9606
Q9H061	TMEM126A	9606
Q9H063	MAF1	9606
Q9H069	DRC3	9606
Q9H074	PAIP1	9606
Q9H078	CLPB	9606
Q9H079	KATNBL1	9606
Q9H081	MIS12	9606
Q9H082	RAB33B	9606
Q9H089	LSG1	9606
Q9H091	ZMYND15	9606
Q9H093	NUAK2	9606
Q9H094	NBPF3	9606
Q9H095	DRC9	9606
Q9H098	FAM107B	9606
Q9H0A0	NAT10	9606
Q9H0A3	TMEM191A	9606
Q9H0A6	RNF32	9606
Q9H0A8	COMMD4	9606
Q9H0A9	SPATC1L	9606
Q9H0B3	IQCN	9606
Q9H0B6	KLC2	9606
Q9H0B8	CRISPLD2	9606
Q9H0C1	ZMYND12	9606
Q9H0C2	SLC25A31	9606
Q9H0C3	TMEM117	9606
Q9H0C5	BTBD1	9606
Q9H0C8	ILKAP	9606
Q9H0D2	ZNF541	9606
Q9H0D6	XRN2	9606
Q9H0E2	TOLLIP	9606
Q9H0E3	SAP130	9606
Q9H0E7	USP44	9606
Q9H0E9	BRD8	9606
Q9H0F5	RNF38	9606
Q9H0F6	SHARPIN	9606
Q9H0F7	ARL6	9606
Q9H0G5	NSRP1	9606
Q9H0H0	INTS2	9606
Q9H0H3	KLHL25	9606
Q9H0H5	RACGAP1	9606
Q9H0H9	CYP4F30P	9606
Q9H0I2	ENKD1	9606
Q9H0I3	CFAP263	9606
Q9H0I9	TKTL2	9606
Q9H0J4	QRICH2	9606
Q9H0J9	PARP12	9606
Q9H0K1	SIK2	9606
Q9H0K4	RSPH6A	9606
Q9H0K6	PUS7L	9606
Q9H0L4	CSTF2T	9606
Q9H0M0	WWP1	9606
Q9H0M4	ZCWPW1	9606
Q9H0M5	ZNF700	9606
Q9H0N0	RAB6C	9606
Q9H0N5	PCBD2	9606
Q9H0P0	NT5C3A	9606
Q9H0P7	AGPAT4-IT1	9606
Q9H0Q0	CYRIA	9606
Q9H0Q3	FXYD6	9606
Q9H0R1	AP5M1	9606
Q9H0R3	TMEM222	9606
Q9H0R4	HDHD2	9606
Q9H0R5	GBP3	9606
Q9H0R6	QRSL1	9606
Q9H0R8	GABARAPL1	9606
Q9H0S4	DDX47	9606
Q9H0T7	RAB17	9606
Q9H0U3	MAGT1	9606
Q9H0U4	RAB1B	9606
Q9H0U6	MRPL18	9606
Q9H0U9	TSPYL1	9606
Q9H0V1	TMEM168	9606
Q9H0V9	LMAN2L	9606
Q9H0W5	CCDC8	9606
Q9H0W7	THAP2	9606
Q9H0W8	SMG9	9606
Q9H0W9	BKGD	9606
Q9H0X4	FAM234A	9606
Q9H0X6	RNF208	9606
Q9H0X9	OSBPL5	9606
Q9H0Y0	ATG10	9606
Q9H0Z9	RBM38	9606
Q9H106	SIRPD	9606
Q9H112	CST11	9606
Q9H114	CSTL1	9606
Q9H115	NAPB	9606
Q9H116	GZF1	9606
Q9H147	DNTTIP1	9606
Q9H156	SLITRK2	9606
Q9H158	PCDHAC1	9606
Q9H159	CDH19	9606
Q9H160	ING2	9606
Q9H161	ALX4	9606
Q9H165	BCL11A	9606
Q9H169	STMN4	9606
Q9H171	ZBP1	9606
Q9H172	ABCG4	9606
Q9H173	SIL1	9606
Q9H175	CSRNP2	9606
Q9H190	SDCBP2	9606
Q9H195	MUC3B	9606
Q9H1A3	METTL9	9606
Q9H1A4	ANAPC1	9606
Q9H1A7	POLR2J3	9606
Q9H1B4	NXF5	9606
Q9H1B5	XYLT2	9606
Q9H1B7	IRF2BPL	9606
Q9H1C0	LPAR5	9606
Q9H1C3	GLT8D2	9606
Q9H1C4	UNC93B1	9606
Q9H1C7	CYSTM1	9606
Q9H1D0	TRPV6	9606
Q9H1D9	POLR3F	9606
Q9H1E1	RNASE7	9606
Q9H1E3	NUCKS1	9606
Q9H1E5	TMX4	9606
Q9H1F0	WFDC10A	9606
Q9H1H1	GTSF1L	9606
Q9H1H9	KIF13A	9606
Q9H1I8	ASCC2	9606
Q9H1J1	UPF3A	9606
Q9H1J5	WNT8A	9606
Q9H1J7	WNT5B	9606
Q9H1K0	RBSN	9606
Q9H1K1	ISCU	9606
Q9H1K4	SLC25A18	9606
Q9H1K6	TLNRD1	9606
Q9H1L0	MIR1-1HG	9606
Q9H1M0	NUP62CL	9606
Q9H1M3	DEFB129	9606
Q9H1M4	DEFB127	9606
Q9H1N7	SLC35B3	9606
Q9H1P3	OSBPL2	9606
Q9H1P6	CIMIP1	9606
Q9H1Q7	PCED1A	9606
Q9H1R2	DUSP15	9606
Q9H1R3	MYLK2	9606
Q9H1U4	MEGF9	9606
Q9H1U9	SLC25A51	9606
Q9H1V8	SLC6A17	9606
Q9H1X1	RSPH9	9606
Q9H1X3	DNAJC25	9606
Q9H1Y0	ATG5	9606
Q9H1Y3	OPN3	9606
Q9H1Z4	WDR13	9606
Q9H1Z8	ECRG4	9606
Q9H1Z9	TSPAN10	9606
Q9H201	EPN3	9606
Q9H204	MED28	9606
Q9H205	OR2AG1	9606
Q9H207	OR10A5	9606
Q9H208	OR10A2	9606
Q9H209	OR10A4	9606
Q9H210	OR2D2	9606
Q9H211	CDT1	9606
Q9H213	MAGEH1	9606
Q9H221	ABCG8	9606
Q9H222	ABCG5	9606
Q9H223	EHD4	9606
Q9H227	GBA3	9606
Q9H228	S1PR5	9606
Q9H237	PORCN	9606
Q9H239	MMP28	9606
Q9H244	P2RY12	9606
Q9H246	C1orf21	9606
Q9H251	CDH23	9606
Q9H252	KCNH6	9606
Q9H254	SPTBN4	9606
Q9H255	OR51E2	9606
Q9H257	CARD9	9606
Q9H267	VPS33B	9606
Q9H269	VPS16	9606
Q9H270	VPS11	9606
Q9H293	IL25	9606
Q9H295	DCSTAMP	9606
Q9H299	SH3BGRL3	9606
Q9H2A2	ALDH8A1	9606
Q9H2A3	NEUROG2	9606
Q9H2A7	CXCL16	9606
Q9H2A9	CHST8	9606
Q9H2B2	SYT4	9606
Q9H2B4	SLC26A1	9606
Q9H2C0	GAN	9606
Q9H2C1	LHX5	9606
Q9H2C2	ARV1	9606
Q9H2C5	OR52A5	9606
Q9H2C8	OR51V1	9606
Q9H2D1	SLC25A32	9606
Q9H2D6	TRIOBP	9606
Q9H2E6	SEMA6A	9606
Q9H2F3	HSD3B7	9606
Q9H2F5	EPC1	9606
Q9H2F9	CCDC68	9606
Q9H2G2	SLK	9606
Q9H2G4	TSPYL2	9606
Q9H2G9	BLZF1	9606
Q9H2H0	CXXC4	9606
Q9H2H8	PPIL3	9606
Q9H2H9	SLC38A1	9606
Q9H2I8	LRMDA	9606
Q9H2J1	ARRDC1-AS1	9606
Q9H2J4	PDCL3	9606
Q9H2J7	SLC6A15	9606
Q9H2K0	MTIF3	9606
Q9H2K2	TNKS2	9606
Q9H2K8	TAOK3	9606
Q9H2L4	TMEM60	9606
Q9H2L5	RASSF4	9606
Q9H2M3	BHMT2	9606
Q9H2M9	RAB3GAP2	9606
Q9H2P0	ADNP	9606
Q9H2P9	DPH5	9606
Q9H2R5	KLK15	9606
Q9H2S1	KCNN2	9606
Q9H2S5	RNF39	9606
Q9H2S6	TNMD	9606
Q9H2S9	IKZF4	9606
Q9H2T7	RANBP17	9606
Q9H2U1	DHX36	9606
Q9H2U2	PPA2	9606
Q9H2U6	LINC00597	9606
Q9H2U9	ADAM7	9606
Q9H2V7	SPNS1	9606
Q9H2W1	MS4A6A	9606
Q9H2W2	MIXL1	9606
Q9H2W6	MRPL46	9606
Q9H2X0	CHRD	9606
Q9H2X3	CLEC4M	9606
Q9H2X6	HIPK2	9606
Q9H2X8	IFI27L2	9606
Q9H2X9	SLC12A5	9606
Q9H2Y7	ZNF106	9606
Q9H2Y9	SLCO5A1	9606
Q9H2Z4	NKX2-4	9606
Q9H300	PARL	9606
Q9H305	CDIP1	9606
Q9H306	MMP27	9606
Q9H307	PNN	9606
Q9H310	RHBG	9606
Q9H313	TTYH1	9606
Q9H320	VCX	9606
Q9H321	VCX3B	9606
Q9H322	VCX2	9606
Q9H324	ADAMTS10	9606
Q9H329	EPB41L4B	9606
Q9H330	TMEM245	9606
Q9H334	FOXP1	9606
Q9H336	CRISPLD1	9606
Q9H339	OR51B5	9606
Q9H340	OR51B6	9606
Q9H341	OR51M1	9606
Q9H342	OR51J1	9606
Q9H343	OR51I1	9606
Q9H344	OR51I2	9606
Q9H346	OR52D1	9606
Q9H347	UBQLN3	9606
Q9H361	PABPC3	9606
Q9H3C7	GGNBP2	9606
Q9H3D4	TP63	9606
Q9H3E2	SNX25	9606
Q9H3F6	KCTD10	9606
Q9H3G5	CPVL	9606
Q9H3H1	TRIT1	9606
Q9H3H3	C11orf68	9606
Q9H3H5	DPAGT1	9606
Q9H3H9	TCEAL2	9606
Q9H3J6	MTRFR	9606
Q9H3K2	GHITM	9606
Q9H3K6	BOLA2; BOLA2B	9606
Q9H3L0	MMADHC	9606
Q9H3M0	KCNF1	9606
Q9H3M7	TXNIP	9606
Q9H3M9	ATXN3L	9606
Q9H3N1	TMX1	9606
Q9H3N8	HRH4	9606
Q9H3P2	NELFA	9606
Q9H3P7	ACBD3	9606
Q9H3Q1	CDC42EP4	9606
Q9H3Q3	GAL3ST2	9606
Q9H3R0	KDM4C	9606
Q9H3R1	NDST4	9606
Q9H3R2	MUC13	9606
Q9H3R5	CENPH	9606
Q9H3S1	SEMA4A	9606
Q9H3S3	TMPRSS5	9606
Q9H3S4	TPK1	9606
Q9H3S5	PIGM	9606
Q9H3S7	PTPN23	9606
Q9H3T2	SEMA6C	9606
Q9H3T3	SEMA6B	9606
Q9H3U1	UNC45A	9606
Q9H3U5	MFSD1	9606
Q9H3U7	SMOC2	9606
Q9H3V2	MS4A5	9606
Q9H3W5	LRRN3	9606
Q9H3Y0	R3HDML	9606
Q9H3Y6	SRMS	9606
Q9H3Y8	PPDPF	9606
Q9H3Z4	DNAJC5	9606
Q9H3Z7	ABHD16B	9606
Q9H400	LIME1	9606
Q9H410	DSN1	9606
Q9H422	HIPK3	9606
Q9H425	C1orf198	9606
Q9H426	RIMS4	9606
Q9H427	KCNK15	9606
Q9H444	CHMP4B	9606
Q9H446	RWDD1	9606
Q9H461	FZD8	9606
Q9H467	CUEDC2	9606
Q9H469	FBXL15	9606
Q9H477	RBKS	9606
Q9H478	KCNQ1DN	9606
Q9H479	FN3K	9606
Q9H488	POFUT1	9606
Q9H489	TSPY26P	9606
Q9H490	PIGU	9606
Q9H492	MAP1LC3A	9606
Q9H496	TOR1AIP2	9606
Q9H497	TOR3A	9606
Q9H4A3	WNK1	9606
Q9H4A4	RNPEP	9606
Q9H4A5	GOLPH3L	9606
Q9H4A6	GOLPH3	9606
Q9H4A9	DPEP2	9606
Q9H4B0	OSGEPL1	9606
Q9H4B4	PLK3	9606
Q9H4B6	SAV1	9606
Q9H4B7	TUBB1	9606
Q9H4B8	DPEP3	9606
Q9H4D0	CLSTN2	9606
Q9H4D5	NXF3	9606
Q9H4E5	RHOJ	9606
Q9H4E7	DEF6	9606
Q9H4F1	ST6GALNAC4	9606
Q9H4F8	SMOC1	9606
Q9H4G0	EPB41L1	9606
Q9H4G1	CST9L	9606
Q9H4G4	GLIPR2	9606
Q9H4G8	DPH3P1	9606
Q9H4H8	FAM83D	9606
Q9H4I0	RAD21L1	9606
Q9H4I2	ZHX3	9606
Q9H4I3	TRABD	9606
Q9H4I8	SERHL2	9606
Q9H4I9	SMDT1	9606
Q9H4K1	RIBC2	9606
Q9H4K7	MTG2	9606
Q9H4L4	SENP3	9606
Q9H4L5	OSBPL3	9606
Q9H4L7	SMARCAD1	9606
Q9H4M3	FBXO44	9606
Q9H4M7	PLEKHA4	9606
Q9H4M9	EHD1	9606
Q9H4P4	RNF41	9606
Q9H4Q3	PRDM13	9606
Q9H4Q4	PRDM12	9606
Q9H4R4	NCOR1P1	9606
Q9H4S2	GSX1	9606
Q9H4T2	ZSCAN16	9606
Q9H4W6	EBF3	9606
Q9H4X1	RGCC	9606
Q9H4Y5	GSTO2	9606
Q9H4Z2	ZNF335	9606
Q9H4Z3	PCIF1	9606
Q9H501	ESF1	9606
Q9H503	BANF2	9606
Q9H511	KLHL31	9606
Q9H553	ALG2	9606
Q9H560	ANKRD19P	9606
Q9H568	ACTL8	9606
Q9H579	MROH8	9606
Q9H582	ZNF644	9606
Q9H583	HEATR1	9606
Q9H596	DUSP21	9606
Q9H598	SLC32A1	9606
Q9H5F2	CFAP68	9606
Q9H5H4	ZNF768	9606
Q9H5I1	SUV39H2	9606
Q9H5I5	PIEZO2	9606
Q9H5J0	ZBTB3	9606
Q9H5J4	ELOVL6	9606
Q9H5J8	TAF1D	9606
Q9H5K3	POMK	9606
Q9H5L6	THAP9	9606
Q9H5N1	RABEP2	9606
Q9H5P4	PDZD7	9606
Q9H5Q4	TFB2M	9606
Q9H5U6	ZCCHC4	9606
Q9H5V7	IKZF5	9606
Q9H5V8	CDCP1	9606
Q9H5V9	STEEP1	9606
Q9H5X1	CIAO2A	9606
Q9H5Y7	SLITRK6	9606
Q9H5Z1	DHX35	9606
Q9H5Z6	FAM124B	9606
Q9H606	PRORY	9606
Q9H607	OCEL1	9606
Q9H609	ZNF576	9606
Q9H611	PIF1	9606
Q9H628	RERGL	9606
Q9H633	RPP21	9606
Q9H649	NSUN3	9606
Q9H665	IGFLR1	9606
Q9H668	STN1	9606
Q9H672	ASB7	9606
Q9H693	C16orf95	9606
Q9H694	BICC1	9606
Q9H6A0	DENND2D	9606
Q9H6A9	PCNX3	9606
Q9H6B1	ZNF385D	9606
Q9H6B4	CLMP	9606
Q9H6B9	EPHX3	9606
Q9H6D3	XKR8	9606
Q9H6D7	HAUS4	9606
Q9H6D8	FNDC4	9606
Q9H6E4	CCDC134	9606
Q9H6E5	TUT1	9606
Q9H6F2	TMEM38A	9606
Q9H6F5	CCDC86	9606
Q9H6H4	REEP4	9606
Q9H6I2	SOX17	9606
Q9H6J7	CSTPP1	9606
Q9H6K1	ILRUN	9606
Q9H6K4	OPA3	9606
Q9H6K5	PRR36	9606
Q9H6L2	TMEM231	9606
Q9H6L4	ARMC7	9606
Q9H6L5	RETREG1	9606
Q9H6N6	MYH16	9606
Q9H6P5	TASP1	9606
Q9H6Q3	SLA2	9606
Q9H6Q4	CIAO3	9606
Q9H6R0	DHX33	9606
Q9H6R3	ACSS3	9606
Q9H6R4	NOL6	9606
Q9H6R6	ZDHHC6	9606
Q9H6R7	WDCP	9606
Q9H6S0	YTHDC2	9606
Q9H6S1	AZI2	9606
Q9H6S3	EPS8L2	9606
Q9H6T0	ESRP2	9606
Q9H6T3	RPAP3	9606
Q9H6U6	BCAS3	9606
Q9H6U8	ALG9	9606
Q9H6V9	LDAH	9606
Q9H6W3	RIOX1	9606
Q9H6X2	ANTXR1	9606
Q9H6X4	TMEM134	9606
Q9H6X5	C19orf44	9606
Q9H6Y2	WDR55	9606
Q9H6Y5	MAGIX	9606
Q9H6Y7	RNF167	9606
Q9H6Z4	RANBP3	9606
Q9H6Z9	EGLN3	9606
Q9H706	GAREM1	9606
Q9H707	ZNF552	9606
Q9H714	RUBCNL	9606
Q9H720	CWH43	9606
Q9H741	SPRING1	9606
Q9H756	LRRC19	9606
Q9H765	ASB8	9606
Q9H772	GREM2	9606
Q9H773	DCTPP1	9606
Q9H777	ELAC1	9606
Q9H788	SH2D4A	9606
Q9H790	EXO5	9606
Q9H792	PEAK1	9606
Q9H799	CPLANE1	9606
Q9H7B2	RPF2	9606
Q9H7B4	SMYD3	9606
Q9H7B7	PKD1L1-AS1	9606
Q9H7C4	SYNC	9606
Q9H7C9	AAMDC	9606
Q9H7D0	DOCK5	9606
Q9H7D7	WDR26	9606
Q9H7E2	TDRD3	9606
Q9H7E9	C8orf33	9606
Q9H7F0	ATP13A3	9606
Q9H7F4	TMEM185B	9606
Q9H7H0	METTL17	9606
Q9H7J1	PPP1R3E	9606
Q9H7L2	KIR3DX1	9606
Q9H7L9	SUDS3	9606
Q9H7M6	ZSWIM4	9606
Q9H7M9	VSIR	9606
Q9H7N4	SCAF1	9606
Q9H7P6	MVB12B	9606
Q9H7P9	PLEKHG2	9606
Q9H7R0	ZNF442	9606
Q9H7R5	ZNF665	9606
Q9H7S9	ZNF703	9606
Q9H7T0	CATSPERB	9606
Q9H7T3	C10orf95	9606
Q9H7T9	AUNIP	9606
Q9H7U1	CCSER2	9606
Q9H7V2	SYNDIG1	9606
Q9H7X0	NAA60	9606
Q9H7X2	C1orf115	9606
Q9H7X3	ZNF696	9606
Q9H7X7	IFT22	9606
Q9H7Y0	DIPK2B	9606
Q9H7Z3	NRDE2	9606
Q9H7Z6	KAT8	9606
Q9H7Z7	PTGES2	9606
Q9H808	TLE6	9606
Q9H813	PACC1	9606
Q9H814	PHAX	9606
Q9H816	DCLRE1B	9606
Q9H819	DNAJC18	9606
Q9H825	METTL8	9606
Q9H832	UBE2Z	9606
Q9H840	GEMIN7	9606
Q9H841	NIPAL2	9606
Q9H845	ACAD9	9606
Q9H853	TUBA4B	9606
Q9H857	NT5DC2	9606
Q9H867	VCPKMT	9606
Q9H869	YY1AP1	9606
Q9H871	RMND5A	9606
Q9H875	PRKRIP1	9606
Q9H892	TTC12	9606
Q9H898	ZMAT4	9606
Q9H8E8	KAT14	9606
Q9H8G1	ZNF430	9606
Q9H8G2	CAAP1	9606
Q9H8H0	NOL11	9606
Q9H8H2	DDX31	9606
Q9H8H3	TMT1A	9606
Q9H8J5	MANSC1	9606
Q9H8K7	PAAT	9606
Q9H8L6	MMRN2	9606
Q9H8M1	COQ10B	9606
Q9H8M2	BRD9	9606
Q9H8M5	CNNM2	9606
Q9H8M7	MINDY3	9606
Q9H8M9	EVA1A	9606
Q9H8N7	ZNF395	9606
Q9H8P0	SRD5A3	9606
Q9H8Q6	HEXA-AS1	9606
Q9H8S5	CCNP	9606
Q9H8S9	MOB1A	9606
Q9H8T0	AKTIP	9606
Q9H8U3	ZFAND3	9606
Q9H8V3	ECT2	9606
Q9H8W2	LINC00472	9606
Q9H8W3	FAM204A	9606
Q9H8W4	PLEKHF2	9606
Q9H8W5	TRIM45	9606
Q9H8X2	IPPK	9606
Q9H8X3	LINC00574	9606
Q9H8X9	ZDHHC11	9606
Q9H8Y1	VRTN	9606
Q9H8Y5	ANKZF1	9606
Q9H8Y8	GORASP2	9606
Q9H900	ZWILCH	9606
Q9H902	REEP1	9606
Q9H903	MTHFD2L	9606
Q9H910	JPT2	9606
Q9H920	RNF121	9606
Q9H930	SP140L	9606
Q9H936	SLC25A22	9606
Q9H939	PSTPIP2	9606
Q9H944	MED20	9606
Q9H963	ZNF702P	9606
Q9H967	WDR76	9606
Q9H972	C14orf93	9606
Q9H974	QTRT2	9606
Q9H977	WDR54	9606
Q9H981	ACTR8	9606
Q9H987	SYNPO2L	9606
Q9H992	MARCHF7	9606
Q9H993	DCPH1	9606
Q9H999	PANK3	9606
Q9H9A5	CNOT10	9606
Q9H9A6	LRRC40	9606
Q9H9A7	RMI1	9606
Q9H9B1	EHMT1	9606
Q9H9B4	SFXN1	9606
Q9H9C1	VIPAS39	9606
Q9H9D4	ZNF408	9606
Q9H9E1	ANKRA2	9606
Q9H9E3	COG4	9606
Q9H9F9	ACTR5	9606
Q9H9G7	AGO3	9606
Q9H9H4	VPS37B	9606
Q9H9H5	MAP6D1	9606
Q9H9J2	MRPL44	9606
Q9H9J4	USP42	9606
Q9H9K5	ERVMER34-1	9606
Q9H9L3	ISG20L2	9606
Q9H9L4	KANSL2	9606
Q9H9L7	AKIRIN1	9606
Q9H9P2	CHODL	9606
Q9H9P5	UNKL	9606
Q9H9P8	L2HGDH	9606
Q9H9Q2	COPS7B	9606
Q9H9Q4	NHEJ1	9606
Q9H9R9	DBNDD1	9606
Q9H9S0	NANOG	9606
Q9H9S3	SEC61A2	9606
Q9H9S4	CAB39L	9606
Q9H9S5	FKRP	9606
Q9H9T3	ELP3	9606
Q9H9V4	RNF122	9606
Q9H9V9	JMJD4	9606
Q9H9Y2	RPF1	9606
Q9H9Y4	GPN2	9606
Q9H9Y6	POLR1B	9606
Q9H9Z2	LIN28A	9606
Q9HA38	ZMAT3	9606
Q9HA47	UCK1	9606
Q9HA64	FN3KRP	9606
Q9HA65	TBC1D17	9606
Q9HA72	CALHM2	9606
Q9HA77	CARS2	9606
Q9HA82	CERS4	9606
Q9HA90	EFCC1	9606
Q9HA92	RSAD1	9606
Q9HAB3	SLC52A2	9606
Q9HAB8	PPCS	9606
Q9HAC7	SUGCT	9606
Q9HAC8	UBTD1	9606
Q9HAD4	WDR41	9606
Q9HAE3	CLXN	9606
Q9HAF1	MEAF6	9606
Q9HAH1	ZNF556	9606
Q9HAH7	FBRS	9606
Q9HAI6	TASL	9606
Q9HAJ7	SAP30L	9606
Q9HAK2	EBF2	9606
Q9HAN9	NMNAT1	9606
Q9HAP2	MLXIP	9606
Q9HAP6	LIN7B	9606
Q9HAQ2	KIF9	9606
Q9HAR2	ADGRL3	9606
Q9HAS0	C17orf75	9606
Q9HAS3	SLC28A3	9606
Q9HAT0	ROPN1	9606
Q9HAT1	LMAN1L	9606
Q9HAT2	SIAE	9606
Q9HAT8	PELI2	9606
Q9HAU0	PLEKHA5	9606
Q9HAU4	SMURF2	9606
Q9HAU5	UPF2	9606
Q9HAU6	TPT1P8	9606
Q9HAU8	RNPEPL1	9606
Q9HAV0	GNB4	9606
Q9HAV4	XPO5	9606
Q9HAV5	EDA2R	9606
Q9HAV7	GRPEL1	9606
Q9HAW0	BRF2	9606
Q9HAW4	CLSPN	9606
Q9HAW7	UGT1A7	9606
Q9HAW8	UGT1A10	9606
Q9HAW9	UGT1A8	9606
Q9HAY2	MAGEF1	9606
Q9HAY6	BCO1	9606
Q9HAZ1	CLK4	9606
Q9HAZ2	PRDM16	9606
Q9HB03	ELOVL3	9606
Q9HB07	MYG1	9606
Q9HB09	BCL2L12	9606
Q9HB14	KCNK13	9606
Q9HB15	KCNK12	9606
Q9HB19	PLEKHA2	9606
Q9HB20	PLEKHA3	9606
Q9HB21	PLEKHA1	9606
Q9HB29	IL1RL2	9606
Q9HB31	SEBOX	9606
Q9HB40	SCPEP1	9606
Q9HB55	CYP3A43	9606
Q9HB58	SP110	9606
Q9HB63	NTN4	9606
Q9HB65	ELL3	9606
Q9HB71	CACYBP	9606
Q9HB75	PIDD1	9606
Q9HB89	NMUR1	9606
Q9HB90	RRAGC	9606
Q9HB96	FANCE	9606
Q9HBA0	TRPV4	9606
Q9HBA9	FOLH1B	9606
Q9HBB8	CDHR5	9606
Q9HBD1	RC3H2	9606
Q9HBE1	PATZ1	9606
Q9HBE4	IL21	9606
Q9HBE5	IL21R	9606
Q9HBF4	ZFYVE1	9606
Q9HBF5	ST20	9606
Q9HBG4	ATP6V0A4	9606
Q9HBG6	IFT122	9606
Q9HBG7	LY9	9606
Q9HBH0	RHOF	9606
Q9HBH1	PDF	9606
Q9HBH5	RDH14	9606
Q9HBH7	BEX1	9606
Q9HBH9	MKNK2	9606
Q9HBI0	PARVG	9606
Q9HBI1	PARVB	9606
Q9HBI5	CEP15	9606
Q9HBI6	CYP4F11	9606
Q9HBJ0	PLAC1	9606
Q9HBJ7	USP29	9606
Q9HBJ8	CLTRN	9606
Q9HBK9	AS3MT	9606
Q9HBL0	TNS1	9606
Q9HBL6	LRTM1	9606
Q9HBL7	PLGRKT	9606
Q9HBL8	NMRAL1	9606
Q9HBM0	VEZT	9606
Q9HBM1	SPC25	9606
Q9HBM6	TAF9B	9606
Q9HBQ8	GOLGA2P5	9606
Q9HBR0	SLC38A10	9606
Q9HBT6	CDH20	9606
Q9HBT7	ZNF287	9606
Q9HBT8	ZNF286A	9606
Q9HBU1	BARX1	9606
Q9HBU6	ETNK1	9606
Q9HBU9	POPDC2	9606
Q9HBV1	POPDC3	9606
Q9HBV2	SPACA1	9606
Q9HBW0	LPAR2	9606
Q9HBW1	LRRC4	9606
Q9HBW9	ADGRL4	9606
Q9HBX3	SND1-IT1	9606
Q9HBX8	LGR6	9606
Q9HBX9	RXFP1	9606
Q9HBY0	NOX3	9606
Q9HBY8	SGK2	9606
Q9HBZ2	ARNT2	9606
Q9HC07	TMEM165	9606
Q9HC10	OTOF	9606
Q9HC16	APOBEC3G	9606
Q9HC21	SLC25A19	9606
Q9HC23	PROK2	9606
Q9HC24	TMBIM4	9606
Q9HC29	NOD2	9606
Q9HC35	EML4	9606
Q9HC36	MRM3	9606
Q9HC38	GLOD4	9606
Q9HC44	GPBP1L1	9606
Q9HC47	CTAGE1	9606
Q9HC52	CBX8	9606
Q9HC56	PCDH9	9606
Q9HC57	WFDC1	9606
Q9HC58	SLC24A3	9606
Q9HC62	SENP2	9606
Q9HC73	CRLF2	9606
Q9HC77	CPAP	9606
Q9HC78	ZBTB20	9606
Q9HC84	MUC5B	9606
Q9HC96	CAPN10	9606
Q9HC97	GPR35	9606
Q9HC98	NEK6	9606
Q9HCB6	SPON1	9606
Q9HCC0	MCCC2	9606
Q9HCC6	HES4	9606
Q9HCC8	GDPD2	9606
Q9HCC9	ZFYVE28	9606
Q9HCD5	NCOA5	9606
Q9HCD6	TANC2	9606
Q9HCE0	EPG5	9606
Q9HCE1	MOV10	9606
Q9HCE3	ZNF532	9606
Q9HCE5	METTL14	9606
Q9HCE6	ARHGEF10L	9606
Q9HCE7	SMURF1	9606
Q9HCE9	ANO8	9606
Q9HCF6	TRPM3	9606
Q9HCG1	ZNF160	9606
Q9HCG7	GBA2	9606
Q9HCG8	CWC22	9606
Q9HCH0	NCKAP5L	9606
Q9HCH3	CPNE5	9606
Q9HCH5	SYTL2	9606
Q9HCI5	MAGEE1	9606
Q9HCI6	KIAA1586	9606
Q9HCI7	MSL2	9606
Q9HCJ0	TNRC6C	9606
Q9HCJ1	ANKH	9606
Q9HCJ2	LRRC4C	9606
Q9HCJ3	RAVER2	9606
Q9HCJ5	ZSWIM6	9606
Q9HCJ6	VAT1L	9606
Q9HCK0	ZBTB26	9606
Q9HCK1	ZDBF2	9606
Q9HCK4	ROBO2	9606
Q9HCK5	AGO4	9606
Q9HCK8	CHD8	9606
Q9HCL0	PCDH18	9606
Q9HCL2	GPAM	9606
Q9HCL3	ZFP14	9606
Q9HCM1	RESF1	9606
Q9HCM2	PLXNA4	9606
Q9HCM3	KIAA1549	9606
Q9HCM4	EPB41L5	9606
Q9HCM7	FBRSL1	9606
Q9HCM9	TRIM39	9606
Q9HCN2	TP53AIP1	9606
Q9HCN3	PGAP6	9606
Q9HCN4	GPN1	9606
Q9HCN6	GP6	9606
Q9HCN8	SDF2L1	9606
Q9HCP0	CSNK1G1	9606
Q9HCP6	HHATL	9606
Q9HCQ5	GALNT9	9606
Q9HCQ7	NPVF	9606
Q9HCR9	PDE11A	9606
Q9HCS2	CYP4F12	9606
Q9HCS4	TCF7L1	9606
Q9HCS5	EPB41L4A	9606
Q9HCS7	XAB2	9606
Q9HCT0	FGF22	9606
Q9HCU0	CD248	9606
Q9HCU4	CELSR2	9606
Q9HCU5	PREB	9606
Q9HCU8	POLD4	9606
Q9HCU9	BRMS1	9606
Q9HCX3	ZNF304	9606
Q9HCX4	TRPC7	9606
Q9HCY8	S100A14	9606
Q9HCZ1	ZNF334	9606
Q9HD15	SRA1	9606
Q9HD20	ATP13A1	9606
Q9HD23	MRS2	9606
Q9HD26	GOPC	9606
Q9HD33	MRPL47	9606
Q9HD34	LYRM4	9606
Q9HD36	BCL2L10	9606
Q9HD40	SEPSECS	9606
Q9HD42	CHMP1A	9606
Q9HD43	PTPRH	9606
Q9HD45	TM9SF3	9606
Q9HD47	RANGRF	9606
Q9HD64	XAGE1A; XAGE1B	9606
Q9HD67	MYO10	9606
Q9HD87	C6orf50	9606
Q9HD89	RETN	9606
Q9HD90	NEUROD4	9606
Q9HDB5	NRXN3	9606
Q9HDB8	ERVK-5	9606
Q9HDB9	ERVK-5	9606
Q9HDC5	JPH1	9606
Q9HDC9	APMAP	9606
Q9HDD0	PLAAT1	9606
Q9JHA8	Vwa7	10090
Q9JHB2	Or7a40	10090
Q9JHB3	Timp4	10090
Q9JHB4	Wdr31	10090
Q9JHC0	Gpx2	10090
Q9JHC9	Elf2	10090
Q9JHD1	Kat2b	10090
Q9JHD2	Kat2a	10090
Q9JHE3	Asah2	10090
Q9JHE4	Gal3st1	10090
Q9JHE6	Hes6	10090
Q9JHE7	Tssc4	10090
Q9JHF7	Hpgds	10090
Q9JHF9	Ly96	10090
Q9JHG0	Cbln3	10090
Q9JHG1	Pigp	10090
Q9JHG2	Rcan2	10090
Q9JHG6	Rcan1	10090
Q9JHG7	Pik3cg	10090
Q9JHH2	Tspan32	10090
Q9JHH5	Cxcl11	10090
Q9JHH6	Cpb2	10090
Q9JHH9	Copz2	10090
Q9JHI0	Mmp19	10090
Q9JHI2	Adat1	10090
Q9JHI4	Slc13a1	10090
Q9JHI5	Ivd	10090
Q9JHI7	Exosc9	10090
Q9JHI8	Nox4	10090
Q9JHI9	Slc40a1	10090
Q9JHJ0	Tmod3	10090
Q9JHJ3	Glmp	10090
Q9JHJ5	Htr3b	10090
Q9JHJ7	Prss21	10090
Q9JHJ8	Icoslg	10090
Q9JHK0	Prl2a1	10090
Q9JHK4	Rabggta	10090
Q9JHK5	Plek	10090
Q9JHL0	Lat2	10090
Q9JHL1	Nherf2	10090
Q9JHN8	Whr1	10090
Q9JHP7	Poglut2	10090
Q9JHQ0	Anxa9	10090
Q9JHQ5	Lztfl1	10090
Q9JHR7	Ide	10090
Q9JHR9	Nrip2	10090
Q9JHS3	Lamtor2	10090
Q9JHS4	Clpx	10090
Q9JHS9	Cwc15	10090
Q9JHT5	Ammecr1	10090
Q9JHU2	Palmd	10090
Q9JHU3	Cdk20	10090
Q9JHU4	Dync1h1	10090
Q9JHU9	Isyna1	10090
Q9JHW2	Nit2	10090
Q9JHW4	Eefsec	10090
Q9JHW9	Aldh1a3	10090
Q9JHX2	Sp5	10090
Q9JHX3	Il21r	10090
Q9JHX6	Allc	10090
Q9JHY3	Wfdc12	10090
Q9JHY4	Wfdc15b	10090
Q9JHZ2	Ankh	10090
Q9JI02	Scgb2b20	10090
Q9JI08	Bin3	10090
Q9JI10	Stk3	10090
Q9JI11	Stk4	10090
Q9JI13	Utp3	10090
Q9JI18	Lrp1b	10090
Q9JI19	Fibp	10090
Q9JI20	Adarb2	10090
Q9JI33	Ntn4	10090
Q9JI38	Pus3	10090
Q9JI39	Abcb10	10090
Q9JI44	Dmap1	10090
Q9JI46	Nudt3	10090
Q9JI48	Plac8	10090
Q9JI57	Gtf2ird1	10090
Q9JI58	Raet1d	10090
Q9JI59	Jam2	10090
Q9JI60	Lrat	10090
Q9JI67	B3galt5	10090
Q9JI70	Mkks	10090
Q9JI71	Dll4	10090
Q9JI74	Klhl1	10090
Q9JI75	Nqo2	10090
Q9JI76	Adam21	10090
Q9JI78	Ngly1	10090
Q9JI81	Cts8	10090
Q9JI83	Plac1	10090
Q9JI90	Rnf14	10090
Q9JI91	Actn2	10090
Q9JI99	Sgpp1	10090
Q9JIA1	Lgi1	10090
Q9JIA7	Sphk2	10090
Q9JIA9	Ctsr	10090
Q9JIB0	Rangrf	10090
Q9JIB3	Naip7	10090
Q9JIB4	Gtf2h2	10090
Q9JIB6	Naip6	10090
Q9JIC3	Dclre1a	10090
Q9JID9	Sh2b2	10090
Q9JIE3	Otor	10090
Q9JIE6	Tslp	10090
Q9JIF0	Prmt1	10090
Q9JIF3	Slc2a8	10090
Q9JIF7	Copb1	10090
Q9JIF9	Myot	10090
Q9JIG4	Ppp1r3f	10090
Q9JIG7	Ccdc22	10090
Q9JIG8	Praf2	10090
Q9JIH2	Nup50	10090
Q9JII1	Inpp5e	10090
Q9JII2	Prl5a1	10090
Q9JII5	Dazap1	10090
Q9JII6	Akr1a1	10090
Q9JII7	Zfand2a	10090
Q9JIK5	Ddx21	10090
Q9JIK9	Mrps34	10090
Q9JIL2	Ccl28	10090
Q9JIL4	Pdzk1	10090
Q9JIL5	Tulp4	10090
Q9JIL6	Gprc5d	10090
Q9JIM1	Slc29a1	10090
Q9JIM3	Ercc6l2	10090
Q9JIM5	Yipf7	10090
Q9JIN6	Kcnmb4	10090
Q9JIP3	Il17rb	10090
Q9JIP4	Panx1	10090
Q9JIP6	Fzd2	10090
Q9JIP7	Slc15a1	10090
Q9JIQ3	Diablo	10090
Q9JIQ8	Tmprss2	10090
Q9JIS3	Smco4	10090
Q9JIS5	Sv2a	10090
Q9JIS7	Cacna1f	10090
Q9JIS8	Slc12a4	10090
Q9JIT0	Lmbr1	10090
Q9JIT1	Rnf32	10090
Q9JIW4	Polm	10090
Q9JIW5	Smad9	10090
Q9JIW9	Ralb	10090
Q9JIX0	Eny2	10090
Q9JIX8	Acin1	10090
Q9JIX9	Fastk	10090
Q9JIY0	Plekho1	10090
Q9JIY2	Cbll1	10090
Q9JIY5	Htra2	10090
Q9JIY7	Nat8	10090
Q9JIY8	Nat8f3	10090
Q9JIZ0	Nat8f1	10090
Q9JIZ9	Plscr3	10090
Q9JJ00	Plscr1	10090
Q9JJ04	B4galt4	10090
Q9JJ06	C1galt1	10090
Q9JJ11	Tacc3	10090
Q9JJ26	Mefv	10090
Q9JJ28	Flii	10090
Q9JJ43	Rbfox1	10090
Q9JJ48	Zc3h8	10090
Q9JJ57	Kcnip1	10090
Q9JJ59	Abcb9	10090
Q9JJ61	Galnt16	10090
Q9JJ66	Cdc20	10090
Q9JJ69	Kcnip2	10090
Q9JJ72	Rprm	10090
Q9JJ78	Pbk	10090
Q9JJ80	Rpf2	10090
Q9JJ89	Ccdc86	10090
Q9JJ94	Ssna1	10090
Q9JJA2	Cog8	10090
Q9JJA4	Wdr12	10090
Q9JJA7	Ccnl2	10090
Q9JJA9	Tamalin	10090
Q9JJB1	Tmem191	10090
Q9JJB9	Tmem183	10090
Q9JJC6	Rilpl1	10090
Q9JJC8	Nipa2	10090
Q9JJC9	Herpud2	10090
Q9JJD0	Thap11	10090
Q9JJE4	Paqr4	10090
Q9JJE7	Fads3	10090
Q9JJF0	Nap1l5	10090
Q9JJF2	Spag4	10090
Q9JJF3	Riox1	10090
Q9JJF6	Efcc1	10090
Q9JJF9	Sppl2a	10090
Q9JJG0	Tacc2	10090
Q9JJG5	Sertad2	10090
Q9JJG6	Tmem47	10090
Q9JJG7	Caln1	10090
Q9JJG9	Noa1	10090
Q9JJH1	Rnase4	10090
Q9JJH7	Trpm5	10090
Q9JJI6	Pigo	10090
Q9JJI8	Rpl38	10090
Q9JJJ3	Aqp9	10090
Q9JJJ7	Porcn	10090
Q9JJK2	Lancl2	10090
Q9JJK5	Herpud1	10090
Q9JJL0	Tsga8	10090
Q9JJL3	Slco1b2	10090
Q9JJL8	Sars2	10090
Q9JJL9	Ltb4r2	10090
Q9JJN0	Polh	10090
Q9JJN1	Fgf21	10090
Q9JJN2	Zfhx4	10090
Q9JJN4	Oxct2a	10090
Q9JJN5	Cpn1	10090
Q9JJN6	Ctnnbip1	10090
Q9JJP2	Tp73	10090
Q9JJQ0	Pigb	10090
Q9JJR2	Xlr5c	10090
Q9JJR5	Akip1	10090
Q9JJR6	D7h11orf16	10090
Q9JJR7	Ascl3	10090
Q9JJR8	Tmem9b	10090
Q9JJR9	Nrip3	10090
Q9JJS0	Scube2	10090
Q9JJS6	Bco1	10090
Q9JJS7	P2ry4	10090
Q9JJT0	Rcl1	10090
Q9JJT2	Gfra4	10090
Q9JJT9	Phax	10090
Q9JJU8	Sh3bgrl	10090
Q9JJU9	Crybb3	10090
Q9JJV0	Cryba4	10090
Q9JJV1	Cryba2	10090
Q9JJV2	Pfn2	10090
Q9JJV3	Tmem37	10090
Q9JJV4	Cacng4	10090
Q9JJV5	Cacng3	10090
Q9JJV9	Scn5a	10090
Q9JJW0	Pxmp4	10090
Q9JJW5	Myoz2	10090
Q9JJW6	Alyref2	10090
Q9JJX6	P2rx4	10090
Q9JJX7	Tdp2	10090
Q9JJX8	Stk32b	10090
Q9JJY3	Smpd3	10090
Q9JJY4	Ddx20	10090
Q9JJY8	Il22b	10090
Q9JJY9	Il22	10090
Q9JJZ2	Tuba8	10090
Q9JJZ4	Ube2j1	10090
Q9JJZ5	Egfl6	10090
Q9JJZ6	Klf13	10090
Q9JJZ8	Cnga3	10090
Q9JJZ9	Cngb3	10090
Q9JK23	Psmg1	10090
Q9JK24	Ppp2r3c	10090
Q9JK30	Orc3	10090
Q9JK37	Myoz1	10090
Q9JK38	Gnpnat1	10090
Q9JK39	Btnl10	10090
Q9JK42	Pdk2	10090
Q9JK45	Kcnq5	10090
Q9JK48	Sh3glb1	10090
Q9JK53	Prelp	10090
Q9JK54	Msgn1	10090
Q9JK81	Myg1	10090
Q9JK83	Pard6b	10090
Q9JK84	Pard6g	10090
Q9JK88	Serpini2	10090
Q9JK91	Mlh1	10090
Q9JK92	Hspb8	10090
Q9JK95	Perp	10090
Q9JK97	Kcnq4	10090
Q9JKA3	Tas2r103	10090
Q9JKA5	Gpa33	10090
Q9JKB1	Uchl3	10090
Q9JKB3	Ybx3	10090
Q9JKC0	Ccl24	10090
Q9JKC6	Cend1	10090
Q9JKC7	Ap4m1	10090
Q9JKC8	Ap3m1	10090
Q9JKD3	Scamp5	10090
Q9JKD8	Tbx21	10090
Q9JKD9	Zbtb32	10090
Q9JKE1	Trem3	10090
Q9JKE2	Trem1	10090
Q9JKF1	Iqgap1	10090
Q9JKF4	Clec6a	10090
Q9JKF6	Nectin1	10090
Q9JKF7	Mrpl39	10090
Q9JKJ9	Cyp39a1	10090
Q9JKK0	Rcan3	10090
Q9JKK1	Stx6	10090
Q9JKK7	Tmod2	10090
Q9JKK8	Atr	10090
Q9JKL1	Prokr1	10090
Q9JKL4	Ndufaf3	10090
Q9JKL5	Tesc	10090
Q9JKM7	Rab37	10090
Q9JKN1	Slc30a7	10090
Q9JKN5	Olig1	10090
Q9JKN6	Nova1	10090
Q9JKP5	Mbnl1	10090
Q9JKP7	Pole3	10090
Q9JKP8	Chrac1	10090
Q9JKQ4	Irx5	10090
Q9JKR6	Hyou1	10090
Q9JKS4	Ldb3	10090
Q9JKS5	Habp4	10090
Q9JKT2	Tas2r119	10090
Q9JKT3	Tas2r4	10090
Q9JKT4	Tas2r105	10090
Q9JKU8	Lmx1a	10090
Q9JKV1	Adrm1	10090
Q9JKV2	Cilk1	10090
Q9JKV5	Scamp4	10090
Q9JKV7	Extl1	10090
Q9JKV9	Il20	10090
Q9JKW0	Arl6ip1	10090
Q9JKX3	Tfr2	10090
Q9JKX4	Aatf	10090
Q9JKX6	Nudt5	10090
Q9JKX8	Upk3a	10090
Q9JKY0	Cnot9	10090
Q9JKY5	Hip1r	10090
Q9JKZ2	Slc5a3	10090
Q9JL04	Fmn2	10090
Q9JL06	Lpar2	10090
Q9JL10	Sertad1	10090
Q9JL15	Lgals8	10090
Q9JL16	Isg20	10090
Q9JL18	Bace2	10090
Q9JL19	Ncoa6	10090
Q9JL21	Ccr10	10090
Q9JL25	Rgs1	10090
Q9JL26	Fmnl1	10090
Q9JL27	Fut2	10090
Q9JL35	Hmgn5	10090
Q9JL56	Gde1	10090
Q9JL59	Sectm1b	10090
Q9JL60	Gmeb1	10090
Q9JL61	Rfx5	10090
Q9JL62	Gltp	10090
Q9JL70	Fanca	10090
Q9JL89	Ninj2	10090
Q9JL95	Prg3	10090
Q9JL96	Ctsm	10090
Q9JL99	Clec1b	10090
Q9JLA2	Il36a	10090
Q9JLB0	Pals2	10090
Q9JLB2	Pals1	10090
Q9JLB4	Cubn	10090
Q9JLB9	Nectin3	10090
Q9JLC3	Msrb1	10090
Q9JLC4	Sorcs1	10090
Q9JLC6	Tef	10090
Q9JLC8	Sacs	10090
Q9JLF1	Gabrq	10090
Q9JLF6	Tgm1	10090
Q9JLF7	Tlr5	10090
Q9JLG4	Pkd2l2	10090
Q9JLG8	Capn15	10090
Q9JLH8	Tmod4	10090
Q9JLI3	Mmel1	10090
Q9JLI6	Scly	10090
Q9JLI7	Spag6	10090
Q9JLI8	Sart3	10090
Q9JLJ0	Litaf	10090
Q9JLJ1	Selenok	10090
Q9JLJ2	Aldh9a1	10090
Q9JLJ4	Elovl2	10090
Q9JLJ5	Elovl1	10090
Q9JLK3	Cabp5	10090
Q9JLK4	Cabp2	10090
Q9JLK7	Cabp1	10090
Q9JLL0	Crim1	10090
Q9JLL3	Tnfrsf19	10090
Q9JLM4	Zmym3	10090
Q9JLM8	Dclk1	10090
Q9JLM9	Grb14	10090
Q9JLN5	Ermap	10090
Q9JLN6	Adam28	10090
Q9JLN9	Mtor	10090
Q9JLQ0	Cd2ap	10090
Q9JLQ2	Git2	10090
Q9JLR1	Sec61a2	10090
Q9JLR5	Tcf23	10090
Q9JLR9	Higd1a	10090
Q9JLS0	Hilpda	10090
Q9JLT2	Treh	10090
Q9JLT4	Txnrd2	10090
Q9JLV1	Bag3	10090
Q9JLV2	Trpc4ap	10090
Q9JLV5	Cul3	10090
Q9JLV6	Pnkp	10090
Q9JLV9	Prl2c5	10090
Q9JLY0	Socs6	10090
Q9JLY7	Dusp14	10090
Q9JLZ3	Auh	10090
Q9JLZ6	Hic2	10090
Q9JLZ8	Sigirr	10090
Q9JM05	Pias4	10090
Q9JM13	Rabgef1	10090
Q9JM14	Nt5c	10090
Q9JM51	Ptges	10090
Q9JM52	Mink1	10090
Q9JM54	Pmaip1	10090
Q9JM55	Tob2	10090
Q9JM58	Crlf1	10090
Q9JM61	Thsd1	10090
Q9JM62	Reep6	10090
Q9JM63	Kcnj10	10090
Q9JM71	Klk1b27	10090
Q9JM73	Srf	10090
Q9JM76	Arpc3	10090
Q9JM83	Calm4	10090
Q9JM84	Cst5	10090
Q9JM90	Stap1	10090
Q9JM93	Arl6ip4	10090
Q9JM95	St6galnac6	10090
Q9JM96	Cdc42ep4	10090
Q9JM98	Wrap73	10090
Q9JM99	Prg4	10090
Q9JMA1	Usp14	10090
Q9JMA2	Qtrt1	10090
Q9JMA7	Cyp3a41a; Cyp3a41b	10090
Q9JMA9	Slc6a14	10090
Q9JMB0	Gkap1	10090
Q9JMB1	Spmap2	10090
Q9JMB7	Piwil1	10090
Q9JMB8	Cntn6	10090
Q9JMC2	Insm2	10090
Q9JMC3	Dnaja4	10090
Q9JMC8	Epb41l4b	10090
Q9JMD0	Znf207	10090
Q9JMD1	Sfmbt1	10090
Q9JMD3	Stard10	10090
Q9JME2	Chst11	10090
Q9JME5	Ap3b2	10090
Q9JME7	Trappc2l	10090
Q9JME9	Vstm2b	10090
Q9JMF3	Gng13	10090
Q9JMF7	Dolpp1	10090
Q9JMG1	Edf1	10090
Q9JMG2	C1galt1c1	10090
Q9JMG3	Tmub1	10090
Q9JMG4	Nkain4	10090
Q9JMG7	Hdgfl3	10090
Q9JMH3	Neu2	10090
Q9JMH6	Txnrd1	10090
Q9JMH7	Neu3	10090
Q9JMH9	Myo18a	10090
Q9JMI0	Ecel1	10090
Q9JMI7	Tex101	10090
Q9JMJ2	Fbxw4	10090
Q9JMK0	B4galt5	10090
Q9JMK2	Csnk1e	10090
Q9NNW5	WDR6	9606
Q9NNW7	TXNRD2	9606
Q9NNX1	TUFT1	9606
Q9NNX6	CD209	9606
Q9NNX9	VCX3A	9606
Q9NNZ3	DNAJC4	9606
Q9NNZ6	PRM3	9606
Q9NP08	HMX1	9606
Q9NP31	SH2D2A	9606
Q9NP50	SINHCAF	9606
Q9NP55	BPIFA1	9606
Q9NP56	PDE7B	9606
Q9NP58	ABCB6	9606
Q9NP59	SLC40A1	9606
Q9NP60	IL1RAPL2	9606
Q9NP61	ARFGAP3	9606
Q9NP62	GCM1	9606
Q9NP64	ZCCHC17	9606
Q9NP66	HMG20A	9606
Q9NP70	AMBN	9606
Q9NP71	MLXIPL	9606
Q9NP72	RAB18	9606
Q9NP73	ALG13	9606
Q9NP74	PALMD	9606
Q9NP77	SSU72	9606
Q9NP78	ABCB9	9606
Q9NP79	VTA1	9606
Q9NP80	PNPLA8	9606
Q9NP81	SARS2	9606
Q9NP84	TNFRSF12A	9606
Q9NP85	NPHS2	9606
Q9NP86	CABP5	9606
Q9NP87	POLM	9606
Q9NP90	RAB9B	9606
Q9NP91	SLC6A20	9606
Q9NP92	MRPS30	9606
Q9NP94	SLC39A2	9606
Q9NP95	FGF20	9606
Q9NP97	DYNLRB1	9606
Q9NP98	MYOZ1	9606
Q9NP99	TREM1	9606
Q9NPA0	EMC7	9606
Q9NPA1	KCNMB3	9606
Q9NPA2	MMP25	9606
Q9NPA3	MID1IP1	9606
Q9NPA8	ENY2	9606
Q9NPB0	SAYSD1	9606
Q9NPB1	NT5M	9606
Q9NPB3	CABP2	9606
Q9NPB6	PARD6A	9606
Q9NPB8	GPCPD1	9606
Q9NPB9	ACKR4	9606
Q9NPC1	LTB4R2	9606
Q9NPC2	KCNK9	9606
Q9NPC3	CCNB1IP1	9606
Q9NPC4	A4GALT	9606
Q9NPC6	MYOZ2	9606
Q9NPC7	MYNN	9606
Q9NPC8	SIX2	9606
Q9NPD3	EXOSC4	9606
Q9NPD5	SLCO1B3	9606
Q9NPD7	NRN1	9606
Q9NPD8	UBE2T	9606
Q9NPE2	NGRN	9606
Q9NPE3	NOP10	9606
Q9NPE6	SPAG4	9606
Q9NPF0	CD320	9606
Q9NPF2	CHST11	9606
Q9NPF4	OSGEP	9606
Q9NPF5	DMAP1	9606
Q9NPF7	IL23A	9606
Q9NPF8	ADAP2	9606
Q9NPG1	FZD3	9606
Q9NPG2	NGB	9606
Q9NPG3	UBN1	9606
Q9NPG4	PCDH12	9606
Q9NPG8	ZDHHC4	9606
Q9NPH0	ACP6	9606
Q9NPH2	ISYNA1	9606
Q9NPH3	IL1RAP	9606
Q9NPH5	NOX4	9606
Q9NPH6	OBP2B	9606
Q9NPH9	IL26	9606
Q9NPI0	TMEM138	9606
Q9NPI1	BRD7	9606
Q9NPI5	NMRK2	9606
Q9NPI6	DCP1A	9606
Q9NPI7	KRCC1	9606
Q9NPI8	FANCF	9606
Q9NPI9	KCNJ16	9606
Q9NPJ1	MKKS	9606
Q9NPJ3	ACOT13	9606
Q9NPJ4	PNRC2	9606
Q9NPJ6	MED4	9606
Q9NPJ8	NXT2	9606
Q9NPL8	TIMMDC1	9606
Q9NPP4	NLRC4	9606
Q9NPQ8	RIC8A	9606
Q9NPR2	SEMA4B	9606
Q9NPR9	GPR108	9606
Q9NPU4	C14orf132	9606
Q9NPY3	CD93	9606
Q9NPZ5	B3GAT2	9606
Q9NQ03	SCRT2	9606
Q9NQ11	ATP13A2	9606
Q9NQ25	SLAMF7	9606
Q9NQ29	LUC7L	9606
Q9NQ30	ESM1	9606
Q9NQ31	AKIP1	9606
Q9NQ32	C11orf16	9606
Q9NQ33	ASCL3	9606
Q9NQ34	TMEM9B	9606
Q9NQ35	NRIP3	9606
Q9NQ36	SCUBE2	9606
Q9NQ38	SPINK5	9606
Q9NQ39	RPS10P5	9606
Q9NQ40	SLC52A3	9606
Q9NQ48	LZTFL1	9606
Q9NQ50	MRPL40	9606
Q9NQ55	PPAN	9606
Q9NQ60	EQTN	9606
Q9NQ66	PLCB1	9606
Q9NQ69	LHX9	9606
Q9NQ75	CASS4	9606
Q9NQ76	MEPE	9606
Q9NQ79	CRTAC1	9606
Q9NQ84	GPRC5C	9606
Q9NQ86	TRIM36	9606
Q9NQ87	HEYL	9606
Q9NQ88	TIGAR	9606
Q9NQ89	FERRY3	9606
Q9NQ90	ANO2	9606
Q9NQ92	COPRS	9606
Q9NQ94	A1CF	9606
Q9NQA3	WASH6P	9606
Q9NQA5	TRPV5	9606
Q9NQB0	TCF7L2	9606
Q9NQC1	JADE2	9606
Q9NQC3	RTN4	9606
Q9NQC7	CYLD	9606
Q9NQC8	IFT46	9606
Q9NQE7	PRSS16	9606
Q9NQE9	HINT3	9606
Q9NQF3	SERHL	9606
Q9NQG1	MANBAL	9606
Q9NQG5	RPRD1B	9606
Q9NQG6	MIEF1	9606
Q9NQG7	HPS4	9606
Q9NQH7	XPNPEP3	9606
Q9NQI0	DDX4	9606
Q9NQL2	RRAGD	9606
Q9NQL9	DMRT3	9606
Q9NQM4	DNAAF6	9606
Q9NQN1	OR2S2	9606
Q9NQP4	PFDN4	9606
Q9NQQ7	SLC35H1	9606
Q9NQR1	KMT5A	9606
Q9NQR4	NIT2	9606
Q9NQR7	CCDC177	9606
Q9NQR9	G6PC2	9606
Q9NQS1	AVEN	9606
Q9NQS3	NECTIN3	9606
Q9NQS5	GPR84	9606
Q9NQS7	INCENP	9606
Q9NQT4	EXOSC5	9606
Q9NQT5	EXOSC3	9606
Q9NQT6	FSCN3	9606
Q9NQT8	KIF13B	9606
Q9NQU5	PAK6	9606
Q9NQV5	PRDM11	9606
Q9NQV6	PRDM10	9606
Q9NQV7	PRDM9	9606
Q9NQV8	PRDM8	9606
Q9NQW1	SEC31B	9606
Q9NQW5	PRDM7	9606
Q9NQW6	ANLN	9606
Q9NQW7	XPNPEP1	9606
Q9NQW8	CNGB3	9606
Q9NQX0	PRDM6	9606
Q9NQX1	PRDM5	9606
Q9NQX3	GPHN	9606
Q9NQX4	MYO5C	9606
Q9NQX5	NPDC1	9606
Q9NQX6	ZNF331	9606
Q9NQX7	ITM2C	9606
Q9NQY0	BIN3	9606
Q9NQZ2	UTP3	9606
Q9NQZ3	DAZ1	9606
Q9NQZ5	STARD7	9606
Q9NQZ6	ZC4H2	9606
Q9NQZ7	ENTPD7	9606
Q9NQZ8	ZNF71	9606
Q9NR00	TCIM	9606
Q9NR09	BIRC6	9606
Q9NR11	ZNF302	9606
Q9NR12	PDLIM7	9606
Q9NR16	CD163L1	9606
Q9NR19	ACSS2	9606
Q9NR20	DYRK4	9606
Q9NR21	PARP11	9606
Q9NR22	PRMT8	9606
Q9NR23	GDF3	9606
Q9NR28	DIABLO	9606
Q9NR30	DDX21	9606
Q9NR31	SAR1A	9606
Q9NR33	POLE4	9606
Q9NR34	MAN1C1	9606
Q9NR45	NANS	9606
Q9NR46	SH3GLB2	9606
Q9NR48	ASH1L	9606
Q9NR50	EIF2B3	9606
Q9NR55	BATF3	9606
Q9NR56	MBNL1	9606
Q9NR61	DLL4	9606
Q9NR63	CYP26B1	9606
Q9NR64	KLHL1	9606
Q9NR71	ASAH2	9606
Q9NR77	PXMP2	9606
Q9NR80	ARHGEF4	9606
Q9NR81	ARHGEF3	9606
Q9NR82	KCNQ5	9606
Q9NR83	SLC2A4RG	9606
Q9NR90	DAZ3	9606
Q9NR96	TLR9	9606
Q9NR97	TLR8	9606
Q9NR99	MXRA5	9606
Q9NRA0	SPHK2	9606
Q9NRA1	PDGFC	9606
Q9NRA2	SLC17A5	9606
Q9NRA8	EIF4ENIF1	9606
Q9NRB3	CHST12	9606
Q9NRC1	ST7	9606
Q9NRC6	SPTBN5	9606
Q9NRC8	SIRT7	9606
Q9NRC9	OTOR	9606
Q9NRD0	FBXO8	9606
Q9NRD1	FBXO6	9606
Q9NRD5	PICK1	9606
Q9NRD8	DUOX2	9606
Q9NRD9	DUOX1	9606
Q9NRE1	MMP26	9606
Q9NRE2	TSHZ2	9606
Q9NRF2	SH2B1	9606
Q9NRF8	CTPS2	9606
Q9NRF9	POLE3	9606
Q9NRG0	CHRAC1	9606
Q9NRG1	PRTFDC1	9606
Q9NRG4	SMYD2	9606
Q9NRG7	SDR39U1	9606
Q9NRG9	AAAS	9606
Q9NRH1	YAE1	9606
Q9NRH2	SNRK	9606
Q9NRH3	TUBG2	9606
Q9NRI5	DISC1	9606
Q9NRI6	PYY2	9606
Q9NRI7	PPY2P	9606
Q9NRJ1	C8orf17	9606
Q9NRJ2	GSN-AS1	9606
Q9NRJ3	CCL28	9606
Q9NRJ4	TULP4	9606
Q9NRJ5	PAPOLB	9606
Q9NRJ7	PCDHB16	9606
Q9NRK6	ABCB10	9606
Q9NRL2	BAZ1A	9606
Q9NRL3	STRN4	9606
Q9NRM0	SLC2A9	9606
Q9NRM1	ENAM	9606
Q9NRM2	ZNF277	9606
Q9NRM6	IL17RB	9606
Q9NRM7	LATS2	9606
Q9NRN5	OLFML3	9606
Q9NRN7	AASDHPPT	9606
Q9NRN9	METTL5	9606
Q9NRP0	OSTC	9606
Q9NRP2	CMC2	9606
Q9NRP4	SDHAF3	9606
Q9NRP7	STK36	9606
Q9NRQ2	PLSCR4	9606
Q9NRQ5	SMCO4	9606
Q9NRR1	CYTL1	9606
Q9NRR2	TPSG1	9606
Q9NRR3	CDC42SE2	9606
Q9NRR4	DROSHA	9606
Q9NRR5	UBQLN4	9606
Q9NRR6	INPP5E	9606
Q9NRR8	CDC42SE1	9606
Q9NRS4	TMPRSS4	9606
Q9NRS6	SNX15	9606
Q9NRU3	CNNM1	9606
Q9NRV9	HEBP1	9606
Q9NRW1	RAB6B	9606
Q9NRW3	APOBEC3C	9606
Q9NRW4	DUSP22	9606
Q9NRW7	VPS45	9606
Q9NRX1	PNO1	9606
Q9NRX2	MRPL17	9606
Q9NRX3	COXFA4L2	9606
Q9NRX4	PHPT1	9606
Q9NRX5	SERINC1	9606
Q9NRX6	TMEM167B	9606
Q9NRY2	INIP	9606
Q9NRY4	ARHGAP35	9606
Q9NRY5	FAM114A2	9606
Q9NRY6	PLSCR3	9606
Q9NRY7	PLSCR2	9606
Q9NRZ5	AGPAT4	9606
Q9NRZ7	AGPAT3	9606
Q9NRZ9	HELLS	9606
Q9NS00	C1GALT1	9606
Q9NS15	LTBP3	9606
Q9NS18	GLRX2	9606
Q9NS23	RASSF1	9606
Q9NS25	SPANXB1	9606
Q9NS26	SPANXA1; SPANXA2	9606
Q9NS28	RGS18	9606
Q9NS37	CREBZF	9606
Q9NS39	ADARB2	9606
Q9NS40	KCNH7	9606
Q9NS56	TOPORS	9606
Q9NS61	KCNIP2	9606
Q9NS62	THSD1	9606
Q9NS64	RPRM	9606
Q9NS66	GPR173	9606
Q9NS67	GPR27	9606
Q9NS68	TNFRSF19	9606
Q9NS69	TOMM22	9606
Q9NS71	GKN1	9606
Q9NS73	MBIP	9606
Q9NS75	CYSLTR2	9606
Q9NS82	SLC7A10	9606
Q9NS84	CHST7	9606
Q9NS85	CA10	9606
Q9NS86	LANCL2	9606
Q9NS87	KIF15	9606
Q9NS91	RAD18	9606
Q9NS93	TM7SF3	9606
Q9NS98	SEMA3G	9606
Q9NSA0	SLC22A11	9606
Q9NSA1	FGF21	9606
Q9NSA2	KCND1	9606
Q9NSA3	CTNNBIP1	9606
Q9NSB2	KRT84	9606
Q9NSB4	KRT82	9606
Q9NSB8	HOMER2	9606
Q9NSC2	SALL1	9606
Q9NSC5	HOMER3	9606
Q9NSC7	ST6GALNAC1	9606
Q9NSD4	ZNF275	9606
Q9NSD5	SLC6A13	9606
Q9NSD7	RXFP3	9606
Q9NSD9	FARSB	9606
Q9NSE2	CISH	9606
Q9NSE4	IARS2	9606
Q9NSG2	FIRRM	9606
Q9NSI2	SLX9	9606
Q9NSI5	IGSF5	9606
Q9NSI6	BRWD1	9606
Q9NSI8	SAMSN1	9606
Q9NSJ1	ZNF355P	9606
Q9NSK0	KLC4	9606
Q9NSK7	C19orf12	9606
Q9NSN8	SNTG1	9606
Q9NSP4	CENPM	9606
Q9NSQ0	RRP7BP	9606
Q9NST1	PNPLA3	9606
Q9NSU2	TREX1	9606
Q9NSV4	DIAPH3	9606
Q9NSY0	NRBP2	9606
Q9NSY1	BMP2K	9606
Q9NSY2	STARD5	9606
Q9NT22	EMILIN3	9606
Q9NT62	ATG3	9606
Q9NT68	TENM2	9606
Q9NT99	LRRC4B	9606
Q9NTG1	PKDREJ	9606
Q9NTG7	SIRT3	9606
Q9NTI2	ATP8A2	9606
Q9NTI5	PDS5B	9606
Q9NTI7	INKA2	9606
Q9NTJ3	SMC4	9606
Q9NTJ4	MAN2C1	9606
Q9NTJ5	SACM1L	9606
Q9NTK1	DEPP1	9606
Q9NTK5	OLA1	9606
Q9NTM9	CUTC	9606
Q9NTN3	SLC35D1	9606
Q9NTN9	SEMA4G	9606
Q9NTQ9	GJB4	9606
Q9NTU4	CATSPERZ	9606
Q9NTU7	CBLN4	9606
Q9NTW7	ZFP64	9606
Q9NTX5	ECHDC1	9606
Q9NTX7	RNF146	9606
Q9NTX9	FAM217B	9606
Q9NTZ6	RBM12	9606
Q9NU02	ANKEF1	9606
Q9NU19	TBC1D22B	9606
Q9NU22	MDN1	9606
Q9NU23	LYRM2	9606
Q9NU39	FOXD4L1	9606
Q9NU53	GINM1	9606
Q9NU63	ZFP57	9606
Q9NUA8	ZBTB40	9606
Q9NUB1	ACSS1	9606
Q9NUB4	C20orf141	9606
Q9NUC0	SERTAD4	9606
Q9NUD5	ZCCHC3	9606
Q9NUD7	C20orf96	9606
Q9NUD9	PIGV	9606
Q9NUE0	ZDHHC18	9606
Q9NUG4	CCM2L	9606
Q9NUG6	PDRG1	9606
Q9NUH8	TMEM14B	9606
Q9NUI1	DECR2	9606
Q9NUJ1	ABHD10	9606
Q9NUJ3	TCP11L1	9606
Q9NUJ7	PLCXD1	9606
Q9NUK0	MBNL3	9606
Q9NUL3	STAU2	9606
Q9NUL5	SHFL	9606
Q9NUL7	DDX28	9606
Q9NUM3	SLC39A9	9606
Q9NUM4	TMEM106B	9606
Q9NUN5	LMBRD1	9606
Q9NUN7	ACER3	9606
Q9NUP1	BLOC1S4	9606
Q9NUP7	TRMT13	9606
Q9NUP9	LIN7C	9606
Q9NUQ2	AGPAT5	9606
Q9NUQ3	TXLNG	9606
Q9NUQ6	SPATS2L	9606
Q9NUQ7	UFSP2	9606
Q9NUQ8	ABCF3	9606
Q9NUQ9	CYRIB	9606
Q9NUR3	TMEM74B	9606
Q9NUS5	AP5S1	9606
Q9NUT2	ABCB8	9606
Q9NUU6	OTULINL	9606
Q9NUU7	DDX19A	9606
Q9NUV7	SPTLC3	9606
Q9NUV9	GIMAP4	9606
Q9NUW8	TDP1	9606
Q9NUX5	POT1	9606
Q9NUY8	TBC1D23	9606
Q9NUZ1	ACOXL	9606
Q9NV06	DCAF13	9606
Q9NV12	TMEM140	9606
Q9NV23	OLAH	9606
Q9NV29	TMEM100	9606
Q9NV31	IMP3	9606
Q9NV35	NUDT15	9606
Q9NV39	PRR34	9606
Q9NV56	MRGBP	9606
Q9NV58	RNF19A	9606
Q9NV64	TMEM39A	9606
Q9NV66	TYW1	9606
Q9NV70	EXOC1	9606
Q9NV72	ZNF701	9606
Q9NV79	PCMTD2	9606
Q9NV88	INTS9	9606
Q9NV92	NDFIP2	9606
Q9NV96	TMEM30A	9606
Q9NVA1	UQCC1	9606
Q9NVA2	SEPTIN11	9606
Q9NVA4	TMEM184C	9606
Q9NVC3	SLC38A7	9606
Q9NVC6	MED17	9606
Q9NVD3	SETD4	9606
Q9NVD7	PARVA	9606
Q9NVE4	CCDC87	9606
Q9NVE5	USP40	9606
Q9NVE7	PANK4	9606
Q9NVF7	FBXO28	9606
Q9NVF9	ETNK2	9606
Q9NVG8	TBC1D13	9606
Q9NVH0	EXD2	9606
Q9NVH1	DNAJC11	9606
Q9NVH2	INTS7	9606
Q9NVH6	TMLHE	9606
Q9NVI1	FANCI	9606
Q9NVI7	ATAD3A	9606
Q9NVJ2	ARL8B	9606
Q9NVK5	FGFR1OP2	9606
Q9NVL1	FAM86C1P	9606
Q9NVL8	CCDC198	9606
Q9NVM1	EVA1B	9606
Q9NVM4	PRMT7	9606
Q9NVM6	DNAJC17	9606
Q9NVM9	INTS13	9606
Q9NVN3	RIC8B	9606
Q9NVN8	GNL3L	9606
Q9NVP1	DDX18	9606
Q9NVP2	ASF1B	9606
Q9NVP4	DZANK1	9606
Q9NVQ4	FAIM	9606
Q9NVR0	KLHL11	9606
Q9NVR2	INTS10	9606
Q9NVR5	DNAAF2	9606
Q9NVR7	TBCCD1	9606
Q9NVS2	MRPS18A	9606
Q9NVS9	PNPO	9606
Q9NVT9	ARMC1	9606
Q9NVU0	POLR3E	9606
Q9NVU7	SDAD1	9606
Q9NVV0	TMEM38B	9606
Q9NVV2	C19orf73	9606
Q9NVV4	MTPAP	9606
Q9NVV5	AIG1	9606
Q9NVV9	THAP1	9606
Q9NVW2	RLIM	9606
Q9NVX0	HAUS2	9606
Q9NVX2	NLE1	9606
Q9NVX7	KBTBD4	9606
Q9NVZ3	NECAP2	9606
Q9NW07	ZNF358	9606
Q9NW08	POLR3B	9606
Q9NW13	RBM28	9606
Q9NW15	ANO10	9606
Q9NW38	FANCL	9606
Q9NW61	PLEKHJ1	9606
Q9NW64	RBM22	9606
Q9NW68	BSDC1	9606
Q9NW75	GPATCH2	9606
Q9NW81	DMAC2	9606
Q9NW82	WDR70	9606
Q9NW97	TMEM51	9606
Q9NWA0	MED9	9606
Q9NWB1	RBFOX1	9606
Q9NWB6	ARGLU1	9606
Q9NWB7	IFT57	9606
Q9NWC5	TMEM45A	9606
Q9NWD8	TMEM248	9606
Q9NWD9	BEX4	9606
Q9NWF4	SLC52A1	9606
Q9NWF9	RNF216	9606
Q9NWG9	Mageh1	10090
Q9NWH2	TMEM242	9606
Q9NWH7	SPATA6	9606
Q9NWH9	SLTM	9606
Q9NWK9	ZNHIT6	9606
Q9NWL6	ASNSD1	9606
Q9NWM0	SMOX	9606
Q9NWM3	CUEDC1	9606
Q9NWM8	FKBP14	9606
Q9NWN3	FBXO34	9606
Q9NWQ4	GPATCH2L	9606
Q9NWQ8	PAG1	9606
Q9NWQ9	C14orf119	9606
Q9NWR8	MCUB	9606
Q9NWS0	PIH1D1	9606
Q9NWS1	PARPBP	9606
Q9NWS6	FAM118A	9606
Q9NWS8	RMND1	9606
Q9NWS9	ZNF446	9606
Q9NWT1	PAK1IP1	9606
Q9NWT6	HIF1AN	9606
Q9NWT8	AURKAIP1	9606
Q9NWU1	OXSM	9606
Q9NWU2	GID8	9606
Q9NWU5	MRPL22	9606
Q9NWV4	CZIB	9606
Q9NWV8	BABAM1	9606
Q9NWW0	HCFC1R1	9606
Q9NWW5	CLN6	9606
Q9NWW6	NMRK1	9606
Q9NWW7	C2orf42	9606
Q9NWW9	PLAAT2	9606
Q9NWX5	ASB6	9606
Q9NWX6	THG1L	9606
Q9NWY4	HPF1	9606
Q9NWZ3	IRAK4	9606
Q9NWZ5	UCKL1	9606
Q9NWZ8	GEMIN8	9606
Q9NX00	TMEM160	9606
Q9NX01	TXNL4B	9606
Q9NX02	NLRP2	9606
Q9NX04	AIRIM	9606
Q9NX05	FAM120C	9606
Q9NX07	TRNAU1AP	9606
Q9NX08	COMMD8	9606
Q9NX09	DDIT4	9606
Q9NX14	NDUFB11	9606
Q9NX18	SDHAF2	9606
Q9NX20	MRPL16	9606
Q9NX24	NHP2	9606
Q9NX31	OSER1	9606
Q9NX36	DNAJC28	9606
Q9NX38	ABITRAM	9606
Q9NX40	OCIAD1	9606
Q9NX45	SOHLH2	9606
Q9NX46	ADPRS	9606
Q9NX47	MARCHF5	9606
Q9NX52	RHBDL2	9606
Q9NX55	HYPK	9606
Q9NX57	RAB20	9606
Q9NX58	LYAR	9606
Q9NX61	TMEM161A	9606
Q9NX62	BPNT2	9606
Q9NX63	CHCHD3	9606
Q9NX65	ZSCAN32	9606
Q9NX70	MED29	9606
Q9NX74	DUS2	9606
Q9NX76	CMTM6	9606
Q9NX77	ERVK13-1	9606
Q9NX78	TMEM260	9606
Q9NX94	WBP1L	9606
Q9NX95	SYBU	9606
Q9NXA8	SIRT5	9606
Q9NXB0	MKS1	9606
Q9NXB9	ELOVL2	9606
Q9NXC2	GFOD1	9606
Q9NXC5	MIOS	9606
Q9NXD2	MTMR10	9606
Q9NXE4	SMPD4	9606
Q9NXE8	CWC25	9606
Q9NXF1	TEX10	9606
Q9NXF7	DCAF16	9606
Q9NXF8	ZDHHC7	9606
Q9NXG0	CNTLN	9606
Q9NXG2	THUMPD1	9606
Q9NXG6	P4HTM	9606
Q9NXH3	PPP1R14D	9606
Q9NXH8	TOR4A	9606
Q9NXH9	TRMT1	9606
Q9NXI6	RNF186	9606
Q9NXJ0	MS4A12	9606
Q9NXJ5	PGPEP1	9606
Q9NXK6	PAQR5	9606
Q9NXK8	FBXL12	9606
Q9NXL2	ARHGEF38	9606
Q9NXL6	SIDT1	9606
Q9NXL9	MCM9	9606
Q9NXN4	GDAP2	9606
Q9NXP7	GIN1	9606
Q9NXR1	NDE1	9606
Q9NXR5	ANKRD10	9606
Q9NXR7	BABAM2	9606
Q9NXR8	ING3	9606
Q9NXS2	QPCTL	9606
Q9NXS3	KLHL28	9606
Q9NXT0	ZNF586	9606
Q9NXU5	ARL15	9606
Q9NXV2	KCTD5	9606
Q9NXV6	CDKN2AIP	9606
Q9NXW2	DNAJB12	9606
Q9NXW9	ALKBH4	9606
Q9NXX6	NSMCE4A	9606
Q9NXZ1	SAGE1	9606
Q9NXZ2	DDX43	9606
Q9NY12	GAR1	9606
Q9NY15	STAB1	9606
Q9NY25	CLEC5A	9606
Q9NY26	SLC39A1	9606
Q9NY27	PPP4R2	9606
Q9NY28	GALNT8	9606
Q9NY30	BTG4	9606
Q9NY33	DPP3	9606
Q9NY35	CLDND1	9606
Q9NY37	ASIC5	9606
Q9NY43	BARHL2	9606
Q9NY46	SCN3A	9606
Q9NY47	CACNA2D2	9606
Q9NY56	OBP2A	9606
Q9NY57	STK32B	9606
Q9NY59	SMPD3	9606
Q9NY61	AATF	9606
Q9NY64	SLC2A8	9606
Q9NY65	TUBA8	9606
Q9NY72	SCN3B	9606
Q9NY74	ETAA1	9606
Q9NY87	SPANXC	9606
Q9NY91	SLC5A4	9606
Q9NY93	DDX56	9606
Q9NY97	B3GNT2	9606
Q9NY99	SNTG2	9606
Q9NYA1	SPHK1	9606
Q9NYA3	GOLGA6A	9606
Q9NYA4	MTMR4	9606
Q9NYB0	TERF2IP	9606
Q9NYB5	SLCO1C1	9606
Q9NYB9	ABI2	9606
Q9NYC9	DNAH9	9606
Q9NYD6	HOXC10	9606
Q9NYF0	DACT1	9606
Q9NYF3	FAM53C	9606
Q9NYF5	FAM13B	9606
Q9NYF8	BCLAF1	9606
Q9NYG2	ZDHHC3	9606
Q9NYG5	ANAPC11	9606
Q9NYG8	KCNK4	9606
Q9NYH9	UTP6	9606
Q9NYI0	PSD3	9606
Q9NYJ1	COA4	9606
Q9NYJ7	DLL3	9606
Q9NYJ8	TAB2	9606
Q9NYK1	TLR7	9606
Q9NYK5	MRPL39	9606
Q9NYK6	EURL	9606
Q9NYL2	MAP3K20	9606
Q9NYL4	FKBP11	9606
Q9NYL5	CYP39A1	9606
Q9NYL9	TMOD3	9606
Q9NYM4	GPR83	9606
Q9NYM9	BET1L	9606
Q9NYN1	RASL12	9606
Q9NYP3	DONSON	9606
Q9NYP7	ELOVL5	9606
Q9NYP8	EPCIP	9606
Q9NYP9	MIS18A	9606
Q9NYQ2	Hao2	10090
Q9NYQ3	HAO2	9606
Q9NYQ6	CELSR1	9606
Q9NYQ7	CELSR3	9606
Q9NYQ8	FAT2	9606
Q9NYR8	RDH8	9606
Q9NYR9	NKIRAS2	9606
Q9NYS0	NKIRAS1	9606
Q9NYS7	WSB2	9606
Q9NYT0	PLEK2	9606
Q9NYT6	ZNF226	9606
Q9NYU1	UGGT2	9606
Q9NYU2	UGGT1	9606
Q9NYV4	CDK12	9606
Q9NYV6	RRN3	9606
Q9NYV7	TAS2R16	9606
Q9NYV8	TAS2R14	9606
Q9NYV9	TAS2R13	9606
Q9NYW0	TAS2R10	9606
Q9NYW1	TAS2R9	9606
Q9NYW2	TAS2R8	9606
Q9NYW3	TAS2R7	9606
Q9NYW4	TAS2R5	9606
Q9NYW5	TAS2R4	9606
Q9NYW6	TAS2R3	9606
Q9NYW7	TAS2R1	9606
Q9NYW8	RBAK	9606
Q9NYX4	CALY	9606
Q9NYY1	IL20	9606
Q9NYY3	PLK2	9606
Q9NYY8	FASTKD2	9606
Q9NYZ1	TVP23B	9606
Q9NYZ2	SLC25A37	9606
Q9NYZ3	GTSE1	9606
Q9NYZ4	SIGLEC8	9606
Q9NZ01	TECR	9606
Q9NZ08	ERAP1	9606
Q9NZ09	UBAP1	9606
Q9NZ20	PLA2G3	9606
Q9NZ32	ACTR10	9606
Q9NZ38	IDI2-AS1	9606
Q9NZ42	PSENEN	9606
Q9NZ43	USE1	9606
Q9NZ45	CISD1	9606
Q9NZ52	GGA3	9606
Q9NZ53	PODXL2	9606
Q9NZ56	FMN2	9606
Q9NZ63	C9orf78	9606
Q9NZ71	RTEL1	9606
Q9NZ72	STMN3	9606
Q9NZ81	PRR13	9606
Q9NZ94	NLGN3	9606
Q9NZA1	CLIC5	9606
Q9NZB2	FAM120A	9606
Q9NZB8	MOCS1	9606
Q9NZC2	TREM2	9606
Q9NZC3	GDE1	9606
Q9NZC4	EHF	9606
Q9NZC7	WWOX	9606
Q9NZC9	SMARCAL1	9606
Q9NZD1	GPRC5D	9606
Q9NZD2	GLTP	9606
Q9NZD4	AHSP	9606
Q9NZD8	SPG21	9606
Q9NZE8	MRPL35	9606
Q9NZF1	PLAC8	9606
Q9NZG7	NINJ2	9606
Q9NZH0	GPRC5B	9606
Q9NZH4	PTTG3P	9606
Q9NZH5	PTTG2	9606
Q9NZH6	IL37	9606
Q9NZH7	IL36B	9606
Q9NZH8	IL36G	9606
Q9NZI2	KCNIP1	9606
Q9NZI5	GRHL1	9606
Q9NZI6	TFCP2L1	9606
Q9NZI7	UBP1	9606
Q9NZI8	IGF2BP1	9606
Q9NZJ0	DTL	9606
Q9NZJ4	SACS	9606
Q9NZJ5	EIF2AK3	9606
Q9NZJ6	COQ3	9606
Q9NZJ7	MTCH1	9606
Q9NZJ9	NUDT4	9606
Q9NZK5	ADA2	9606
Q9NZK7	PLA2G2E	9606
Q9NZL3	ZNF224	9606
Q9NZL4	HSPBP1	9606
Q9NZL6	RGL1	9606
Q9NZL9	MAT2B	9606
Q9NZM1	MYOF	9606
Q9NZM3	ITSN2	9606
Q9NZM4	BICRA	9606
Q9NZM5	NOP53	9606
Q9NZM6	PKD2L2	9606
Q9NZN1	IL1RAPL1	9606
Q9NZN3	EHD3	9606
Q9NZN4	EHD2	9606
Q9NZN5	ARHGEF12	9606
Q9NZN8	CNOT2	9606
Q9NZN9	AIPL1	9606
Q9NZP0	OR6C3	9606
Q9NZP2	OR6C2	9606
Q9NZP5	OR5AC2	9606
Q9NZP6	NPAP1	9606
Q9NZP8	C1RL	9606
Q9NZQ0	DNAJC27	9606
Q9NZQ3	NCKIPSD	9606
Q9NZQ7	CD274	9606
Q9NZQ8	TRPM5	9606
Q9NZQ9	TMOD4	9606
Q9NZR1	TMOD2	9606
Q9NZR2	LRP1B	9606
Q9NZR4	VSX1	9606
Q9NZS2	KLRF1	9606
Q9NZS9	BFAR	9606
Q9NZT1	CALML5	9606
Q9NZT2	OGFR	9606
Q9NZU0	FLRT3	9606
Q9NZU1	FLRT1	9606
Q9NZU5	LMCD1	9606
Q9NZU7	CABP1	9606
Q9NZV1	CRIM1	9606
Q9NZV5	SELENON	9606
Q9NZV6	MSRB1	9606
Q9NZV7	ZIM2	9606
Q9NZV8	KCND2	9606
Q9NZW4	DSPP	9606
Q9NZW5	PALS2	9606
Q9NZY2	FAM30A	9606
Q9NZZ3	CHMP5	9606
Q9P000	COMMD9	9606
Q9P003	CNIH4	9606
Q9P013	CWC15	9606
Q9P015	MRPL15	9606
Q9P016	THYN1	9606
Q9P021	CRIPT	9606
Q9P031	CCDC59	9606
Q9P032	NDUFAF4	9606
Q9P035	HACD3	9606
Q9P055	JKAMP	9606
Q9P086	MED11	9606
Q9P0B6	CCDC167	9606
Q9P0G3	KLK14	9606
Q9P0I2	EMC3	9606
Q9P0J0	NDUFA13	9606
Q9P0J1	PDP1	9606
Q9P0J6	MRPL36	9606
Q9P0J7	KCMF1	9606
Q9P0K1	ADAM22	9606
Q9P0K7	RAI14	9606
Q9P0K8	FOXJ2	9606
Q9P0K9	FRRS1L	9606
Q9P0L0	VAPA	9606
Q9P0L1	ZKSCAN7	9606
Q9P0L2	MARK1	9606
Q9P0L9	PKD2L1	9606
Q9P0M2	AKAP7	9606
Q9P0M4	IL17C	9606
Q9P0M6	MACROH2A2	9606
Q9P0M9	MRPL27	9606
Q9P0N5	TMEM216	9606
Q9P0N8	MARCHF2	9606
Q9P0N9	TBC1D7	9606
Q9P0P0	RNF181	9606
Q9P0P8	MTRES1	9606
Q9P0R6	GSKIP	9606
Q9P0S2	COX16	9606
Q9P0S3	ORMDL1	9606
Q9P0S9	TMEM14C	9606
Q9P0T4	ZNF581	9606
Q9P0T7	TMEM9	9606
Q9P0U1	TOMM7	9606
Q9P0U3	SENP1	9606
Q9P0U4	CXXC1	9606
Q9P0V3	SH3BP4	9606
Q9P0V8	SLAMF8	9606
Q9P0V9	SEPTIN10	9606
Q9P0W0	IFNK	9606
Q9P0W2	HMG20B	9606
Q9P0W8	SPATA7	9606
Q9P0X4	CACNA1I	9606
Q9P0Z9	PIPOX	9606
Q9P104	DOK5	9606
Q9P107	GMIP	9606
Q9P109	GCNT4	9606
Q9P121	NTM	9606
Q9P126	CLEC1B	9606
Q9P127	LUZP4	9606
Q9P1A2	PPP4R1L	9606
Q9P1A6	DLGAP2	9606
Q9P1F3	ABRACL	9606
Q9P1G2	RBM12B-AS1	9606
Q9P1J3	DHRS4-AS1	9606
Q9P1P4	TAAR3P	9606
Q9P1P5	TAAR2	9606
Q9P1Q0	VPS54	9606
Q9P1Q5	OR1A1	9606
Q9P1T7	MDFIC	9606
Q9P1U0	POLR1H	9606
Q9P1U1	ACTR3B	9606
Q9P1V8	SAMD15	9606
Q9P1W3	TMEM63C	9606
Q9P1W8	SIRPG	9606
Q9P1W9	PIM2	9606
Q9P1Y5	CAMSAP3	9606
Q9P1Y6	PHRF1	9606
Q9P1Z0	ZBTB4	9606
Q9P1Z2	CALCOCO1	9606
Q9P1Z3	HCN3	9606
Q9P1Z9	CCDC180	9606
Q9P202	WHRN	9606
Q9P203	BTBD7	9606
Q9P206	NHSL3	9606
Q9P209	CEP72	9606
Q9P212	PLCE1	9606
Q9P215	POGK	9606
Q9P217	ZSWIM5	9606
Q9P218	COL20A1	9606
Q9P219	CCDC88C	9606
Q9P225	DNAH2	9606
Q9P227	ARHGAP23	9606
Q9P232	CNTN3	9606
Q9P241	ATP10D	9606
Q9P242	NYAP2	9606
Q9P243	ZFAT	9606
Q9P244	LRFN1	9606
Q9P246	STIM2	9606
Q9P253	VPS18	9606
Q9P255	ZNF492	9606
Q9P258	RCC2	9606
Q9P260	RELCH	9606
Q9P265	DIP2B	9606
Q9P266	JCAD	9606
Q9P267	MBD5	9606
Q9P270	SLAIN2	9606
Q9P272	TRMT9B	9606
Q9P273	TENM3	9606
Q9P275	USP36	9606
Q9P278	FNIP2	9606
Q9P281	BAHCC1	9606
Q9P283	SEMA5B	9606
Q9P286	PAK5	9606
Q9P287	BCCIP	9606
Q9P289	STK26	9606
Q9P291	ARMCX1	9606
Q9P296	C5AR2	9606
Q9P298	HIGD1B	9606
Q9P299	COPZ2	9606
Q9P2A4	ABI3	9606
Q9P2B2	PTGFRN	9606
Q9P2B4	CTTNBP2NL	9606
Q9P2B7	CFAP97	9606
Q9P2C4	TMEM181	9606
Q9P2D0	IBTK	9606
Q9P2D1	CHD7	9606
Q9P2D3	HEATR5B	9606
Q9P2D6	FAM135A	9606
Q9P2D7	DNAH1	9606
Q9P2D8	UNC79	9606
Q9P2E2	KIF17	9606
Q9P2E3	ZNFX1	9606
Q9P2E5	CHPF2	9606
Q9P2E7	PCDH10	9606
Q9P2E8	MARCHF4	9606
Q9P2E9	RRBP1	9606
Q9P2F5	STOX2	9606
Q9P2F6	ARHGAP20	9606
Q9P2F8	SIPA1L2	9606
Q9P2F9	ZNF319	9606
Q9P2G1	ANKIB1	9606
Q9P2G3	KLHL14	9606
Q9P2G4	MAP10	9606
Q9P2G9	KLHL8	9606
Q9P2H0	CEP126	9606
Q9P2H3	IFT80	9606
Q9P2H5	USP35	9606
Q9P2I0	CPSF2	9606
Q9P2J2	IGSF9	9606
Q9P2J3	KLHL9	9606
Q9P2J5	LARS1	9606
Q9P2J8	ZNF624	9606
Q9P2J9	PDP2	9606
Q9P2K1	CC2D2A	9606
Q9P2K2	TXNDC16	9606
Q9P2K3	RCOR3	9606
Q9P2K5	MYEF2	9606
Q9P2K6	KLHL42	9606
Q9P2K8	EIF2AK4	9606
Q9P2K9	DISP3	9606
Q9P2L0	WDR35	9606
Q9P2M1	LRP2BP	9606
Q9P2M4	TBC1D14	9606
Q9P2M7	CGN	9606
Q9P2N2	ARHGAP28	9606
Q9P2N4	ADAMTS9	9606
Q9P2N5	RBM27	9606
Q9P2N6	KANSL3	9606
Q9P2N7	KLHL13	9606
Q9P2P1	NYNRIN	9606
Q9P2P5	HECW2	9606
Q9P2P6	STARD9	9606
Q9P2Q2	FRMD4A	9606
Q9P2R3	ANKFY1	9606
Q9P2R6	RERE	9606
Q9P2R7	SUCLA2	9606
Q9P2S2	NRXN2	9606
Q9P2S5	WRAP73	9606
Q9P2S6	ANKMY1	9606
Q9P2T0	SPMAP2	9606
Q9P2T1	GMPR2	9606
Q9P2U7	SLC17A7	9606
Q9P2U8	SLC17A6	9606
Q9P2V4	LRIT1	9606
Q9P2W1	PSMC3IP	9606
Q9P2W3	GNG13	9606
Q9P2W6	C11orf21	9606
Q9P2W7	B3GAT1	9606
Q9P2W9	STX18	9606
Q9P2X0	DPM3	9606
Q9P2X3	IMPACT	9606
Q9P2X7	DELEC1	9606
Q9P2X8	LINC00474	9606
Q9P2Y4	ZNF219	9606
Q9P2Y5	UVRAG	9606
Q9P2Z0	THAP10	9606
Q9QC07	ERVK-18	9606
Q9QUG2	Polk	10090
Q9QUG3	Prnd	10090
Q9QUG9	Rasgrp2	10090
Q9QUH0	Glrx	10090
Q9QUI0	Rhoa	10090
Q9QUI1	Fam89b	10090
Q9QUI6	Ackr1	10090
Q9QUJ0	Hcst	10090
Q9QUJ7	Acsl4	10090
Q9QUK0	Cdkl2	10090
Q9QUK3	Cln8	10090
Q9QUK4	Naip2	10090
Q9QUK6	Tlr4	10090
Q9QUK9	Try5	10090
Q9QUL3	Pla2g2e	10090
Q9QUL7	Tpsg1	10090
Q9QUM0	Itga2b	10090
Q9QUM4	Slamf1	10090
Q9QUM7	Msh5	10090
Q9QUM9	Psma6	10090
Q9QUN3	Blnk	10090
Q9QUN5	Prl3c1	10090
Q9QUN7	Tlr2	10090
Q9QUN9	Dkk3	10090
Q9QUP4	Chst5	10090
Q9QUP5	Hapln1	10090
Q9QUQ5	Trpc4	10090
Q9QUR6	Prep	10090
Q9QUR7	Pin1	10090
Q9QUR8	Sema7a	10090
Q9QUS4	Hey2	10090
Q9QUS6	Mid2	10090
Q9QUT0	Rhag	10090
Q9QVN7	Tcea2	10090
Q9QVP4	Myl7	10090
Q9QVP9	Ptk2b	10090
Q9QVY8	Rai2	10090
Q9QW08	Pdc	10090
Q9QWF0	Chaf1a	10090
Q9QWG7	Sult1b1	10090
Q9QWH1	Phc2	10090
Q9QWI6	Srcin1	10090
Q9QWK4	Cd5l	10090
Q9QWK5	Naip1	10090
Q9QWL7	Krt17	10090
Q9QWR8	Naga	10090
Q9QWT9	Kifc1	10090
Q9QWV4	Mlf1	10090
Q9QWV9	Ccnt1	10090
Q9QWW1	Homer2	10090
Q9QWY8	Asap1	10090
Q9QWZ1	Rad1	10090
Q9QX11	Cyth1	10090
Q9QX15	Clca3a1	10090
Q9QX29	Trpc5	10090
Q9QX47	Son	10090
Q9QX60	Dguok	10090
Q9QX66	Dpf1	10090
Q9QX96	Sall2	10090
Q9QX98	Ptf1a	10090
Q9QXA5	Lsm4	10090
Q9QXA6	Slc7a9	10090
Q9QXA7	Trim44	10090
Q9QXB9	Drg2	10090
Q9QXC1	Fetub	10090
Q9QXD1	Acox2	10090
Q9QXD6	Fbp1	10090
Q9QXD8	Limd1	10090
Q9QXE0	Hacl1	10090
Q9QXE2	Poll	10090
Q9QXE4	Trp53inp1	10090
Q9QXE5	Prss16	10090
Q9QXE7	Tbl1x	10090
Q9QXF8	Gnmt	10090
Q9QXG2	Chm	10090
Q9QXG4	Acss2	10090
Q9QXG9	Tinf2	10090
Q9QXH4	Itgax	10090
Q9QXJ1	Apbb1	10090
Q9QXJ4	Arl10	10090
Q9QXK2	Rad18	10090
Q9QXK3	Copg2	10090
Q9QXK7	Cpsf3	10090
Q9QXK8	Nmu	10090
Q9QXK9	Sh2d2a	10090
Q9QXL1	Kif21b	10090
Q9QXL2	Kif21a	10090
Q9QXL8	Nme7	10090
Q9QXM0	Abhd2	10090
Q9QXM1	Jmy	10090
Q9QXN0	Shroom3	10090
Q9QXN3	Trip4	10090
Q9QXN5	Miox	10090
Q9QXP0	Rhcg	10090
Q9QXP4	Donson	10090
Q9QXP6	Mkrn1	10090
Q9QXP7	C1qtnf1	10090
Q9QXQ1	Pde7b	10090
Q9QXS1	Plec	10090
Q9QXS6	Dbn1	10090
Q9QXS8	Nat8f5	10090
Q9QXT0	Cnpy2	10090
Q9QXT1	Dapp1	10090
Q9QXT5	Egfl7	10090
Q9QXT6	Il17b	10090
Q9QXT8	Kcnip3	10090
Q9QXT9	Znf354b	10090
Q9QXU7	Prok2	10090
Q9QXV0	Pcsk1n	10090
Q9QXV1	Cbx8	10090
Q9QXV3	Ing1	10090
Q9QXV8	Spry2	10090
Q9QXV9	Spry1	10090
Q9QXW0	Fbxl6	10090
Q9QXW2	Fbxw5	10090
Q9QXW4	Fscn3	10090
Q9QXW9	Slc7a8	10090
Q9QXX0	Jag1	10090
Q9QXX3	Pla2g10	10090
Q9QXX4	Slc25a13	10090
Q9QXX8	Nufip1	10090
Q9QXY1	Tjp3	10090
Q9QXY6	Ehd3	10090
Q9QXY7	Xk	10090
Q9QXY9	Pex3	10090
Q9QXZ0	Macf1	10090
Q9QXZ6	Slco1a1	10090
Q9QXZ7	Nr2e3	10090
Q9QXZ9	Opn4	10090
Q9QY00	Or5g26	10090
Q9QY01	Ulk2	10090
Q9QY05	Insl6	10090
Q9QY06	Myo9b	10090
Q9QY14	Foxe3	10090
Q9QY15	Ddx25	10090
Q9QY23	Pkp3	10090
Q9QY24	Zbp1	10090
Q9QY30	Abcb11	10090
Q9QY31	Snai3	10090
Q9QY33	Tspan3	10090
Q9QY36	Naa10	10090
Q9QY39	Pdzd4	10090
Q9QY40	Plxnb3	10090
Q9QY42	Gpr37	10090
Q9QY48	Dnase2b	10090
Q9QY53	Nphp1	10090
Q9QY61	Irx4	10090
Q9QY66	Znhit2	10090
Q9QY73	Tmem59	10090
Q9QY76	Vapb	10090
Q9QY80	Hacd1	10090
Q9QY81	Nup210	10090
Q9QY83	Actl7b	10090
Q9QY84	Actl7a	10090
Q9QY93	Dctpp1	10090
Q9QY96	Casr	10090
Q9QYA2	Tomm40	10090
Q9QYB1	Clic4	10090
Q9QYB2	Dach1	10090
Q9QYB5	Add3	10090
Q9QYB8	Add2	10090
Q9QYC0	Add1	10090
Q9QYC1	Pcnx1	10090
Q9QYC3	Bhlha15	10090
Q9QYC7	Ggcx	10090
Q9QYE0	Plag1	10090
Q9QYE3	Bcl11a	10090
Q9QYE5	Jag2	10090
Q9QYE6	Golga5	10090
Q9QYE9	Plekhb1	10090
Q9QYF1	Rdh11	10090
Q9QYF9	Ndrg3	10090
Q9QYG0	Ndrg2	10090
Q9QYH6	Maged1	10090
Q9QYH9	Tnfsf14	10090
Q9QYI3	Dnajc7	10090
Q9QYI4	Dnajb12	10090
Q9QYI5	Dnajb2	10090
Q9QYI6	Dnajb9	10090
Q9QYI7	Dnajb8	10090
Q9QYI8	Dnajb7	10090
Q9QYJ0	Dnaja2	10090
Q9QYJ1	St6galnac5	10090
Q9QYJ3	Dnajb1	10090
Q9QYJ7	Dusp13b	10090
Q9QYK4	Hs6st3	10090
Q9QYK5	Hs6st1	10090
Q9QYK7	Rnf11	10090
Q9QYK9	Pnck	10090
Q9QYL0	H1-9	10090
Q9QYL7	Abt1	10090
Q9QYM5	Rnd2	10090
Q9QYM8	Cenph	10090
Q9QYM9	Tmeff2	10090
Q9QYN3	Klk11	10090
Q9QYP6	Azi2	10090
Q9QYR6	Map1a	10090
Q9QYR7	Acot3	10090
Q9QYR9	Acot2	10090
Q9QYS1	Wnt16	10090
Q9QYS2	Grm3	10090
Q9QYS9	Qki	10090
Q9QYT7	Pigq	10090
Q9QYX7	Pclo	10090
Q9QYY0	Gab1	10090
Q9QYY1	Il36rn	10090
Q9QYY7	Esm1	10090
Q9QYY8	Spast	10090
Q9QYY9	Adh4	10090
Q9QYZ3	Smok2b	10090
Q9QYZ4	Smok1	10090
Q9QYZ6	Smok2a	10090
Q9QYZ8	Dkk2	10090
Q9QYZ9	Prss30	10090
Q9QZ03	Slc39a1	10090
Q9QZ04	Magel2	10090
Q9QZ05	Eif2ak4	10090
Q9QZ06	Tollip	10090
Q9QZ08	Nagk	10090
Q9QZ09	Phtf1	10090
Q9QZ10	Anxa10	10090
Q9QZ11	Exo1	10090
Q9QZ15	Clec4a	10090
Q9QZ23	Nfu1	10090
Q9QZ25	Vnn3	10090
Q9QZ26	Kcne5	10090
Q9QZ28	Six6	10090
Q9QZ29	Igbp1b	10090
Q9QZ39	St6galnac1	10090
Q9QZ41	Dbf4	10090
Q9QZ47	Tnnt3	10090
Q9QZ49	Ubxn8	10090
Q9QZ57	Hspb3	10090
Q9QZ59	Dmrt1	10090
Q9QZ67	Ppm1d	10090
Q9QZ73	Dcun1d1	10090
Q9QZ82	Cyp11a1	10090
Q9QZ85	Iigp1	10090
Q9QZ88	Vps29	10090
Q9QZA0	Ca5b	10090
Q9QZB0	Rgs17	10090
Q9QZB1	Rgs20	10090
Q9QZB6	Nr4a3	10090
Q9QZB7	Actr10	10090
Q9QZB9	Dctn5	10090
Q9QZC1	Trpc3	10090
Q9QZC2	Plxnc1	10090
Q9QZC7	Plekhb2	10090
Q9QZC8	Abhd1	10090
Q9QZD4	Ercc4	10090
Q9QZD5	Chml	10090
Q9QZD8	Slc25a10	10090
Q9QZD9	Eif3i	10090
Q9QZE2	Clnk	10090
Q9QZE5	Copg1	10090
Q9QZE7	Tsnax	10090
Q9QZF2	Gpc1	10090
Q9QZH3	Ppie	10090
Q9QZH6	Ecsit	10090
Q9QZI8	Serinc1	10090
Q9QZI9	Serinc3	10090
Q9QZJ6	Mfap5	10090
Q9QZK2	Bcar3	10090
Q9QZK7	Dok3	10090
Q9QZL0	Ripk3	10090
Q9QZL6	Usp21	10090
Q9QZL9	Dkkl1	10090
Q9QZM0	Ubqln2	10090
Q9QZM2	Polg2	10090
Q9QZM3	Clcf1	10090
Q9QZM4	Tnfrsf10b	10090
Q9QZM8	Fbxo17	10090
Q9QZM9	Fbxo16	10090
Q9QZN0	Fbxo15	10090
Q9QZN1	Fbxl17	10090
Q9QZN3	Fbxo8	10090
Q9QZN4	Fbxo6	10090
Q9QZQ0	Npas3	10090
Q9QZQ1	Afdn	10090
Q9QZQ3	Uts2	10090
Q9QZQ8	Macroh2a1	10090
Q9QZR0	Rnf25	10090
Q9QZR5	Hipk2	10090
Q9QZR9	Col4a4	10090
Q9QZS0	Col4a3	10090
Q9QZS2	Rnf4	10090
Q9QZS3	Numb	10090
Q9QZS5	Sgk2	10090
Q9QZS6	Hs3st3b1	10090
Q9QZS7	Nphs1	10090
Q9QZS8	Sh2d3c	10090
Q9QZT4	Pla2g2f	10090
Q9QZU4	Plaat1	10090
Q9QZU5	Krtap15-1	10090
Q9QZU9	Ube2l6	10090
Q9QZV9	Nxt1	10090
Q9QZW0	Atp11c	10090
Q9QZW9	Mnx1	10090
Q9QZX7	Srr	10090
Q9QZZ4	Myo15a	10090
Q9QZZ6	Dpt	10090
Q9R000	Itgb1bp2	10090
Q9R001	Adamts5	10090
Q9R002	Ifi202	10090
Q9R007	Clec5a	10090
Q9R008	Mvk	10090
Q9R013	Ctsf	10090
Q9R014	Ctsj	10090
Q9R016	Naip5	10090
Q9R020	Zranb2	10090
Q9R022	Dnajc12	10090
Q9R045	Angptl2	10090
Q9R049	Amfr	10090
Q9R053	Scn11a	10090
Q9R059	Fhl3	10090
Q9R060	Nubp1	10090
Q9R061	Nubp2	10090
Q9R062	Gyg1	10090
Q9R069	Bcam	10090
Q9R078	Prkab1	10090
Q9R087	Gpc6	10090
Q9R088	Tk2	10090
Q9R092	Hsd17b6	10090
Q9R097	Spint1	10090
Q9R098	Hgfac	10090
Q9R099	Tbl2	10090
Q9R0A0	Pex14	10090
Q9R0A1	Clcn2	10090
Q9R0A5	Nek3	10090
Q9R0B6	Lamc3	10090
Q9R0B7	Znf346	10090
Q9R0B9	Plod2	10090
Q9R0C0	Bloc1s6	10090
Q9R0C8	Vav3	10090
Q9R0D8	Wdr54	10090
Q9R0E1	Plod3	10090
Q9R0E2	Plod1	10090
Q9R0G6	Comp	10090
Q9R0G7	Zeb2	10090
Q9R0G8	Nrk	10090
Q9R0H0	Acox1	10090
Q9R0H2	Emcn	10090
Q9R0H5	Krt71	10090
Q9R0I7	Ylpm1	10090
Q9R0K7	Atp2b2	10090
Q9R0L1	Hsf4	10090
Q9R0L6	Pcm1	10090
Q9R0L7	Akap8l	10090
Q9R0L9	Cd164	10090
Q9R0M0	Celsr2	10090
Q9R0M1	Xcr1	10090
Q9R0M3	Srpx	10090
Q9R0M4	Podxl	10090
Q9R0M5	Tpk1	10090
Q9R0M6	Rab9a	10090
Q9R0M8	Slc35a2	10090
Q9R0N0	Galk1	10090
Q9R0N3	Syt11	10090
Q9R0N4	Syt10	10090
Q9R0N5	Syt5	10090
Q9R0N6	Syt8	10090
Q9R0N7	Syt7	10090
Q9R0N8	Syt6	10090
Q9R0N9	Syt9	10090
Q9R0P3	Esd	10090
Q9R0P4	Smap	10090
Q9R0P5	Dstn	10090
Q9R0P6	Sec11a	10090
Q9R0P9	Uchl1	10090
Q9R0Q1	Sytl4	10090
Q9R0Q3	Tmed2	10090
Q9R0Q4	Morf4l2	10090
Q9R0Q6	Arpc1a	10090
Q9R0Q7	Ptges3	10090
Q9R0Q8	Clec4e	10090
Q9R0Q9	Mpdu1	10090
Q9R0R1	Meltf	10090
Q9R0R4	Apln	10090
Q9R0S2	Mmp24	10090
Q9R0S3	Mmp17	10090
Q9R0T7	Try4	10090
Q9R0T8	Ikbke	10090
Q9R0U0	Srsf10	10090
Q9R0W9	Chrna6	10090
Q9R0X0	Med20	10090
Q9R0X2	Adamdec1	10090
Q9R0X4	Acot9	10090
Q9R0X5	Rpgr	10090
Q9R0Y1	Asic5	10090
Q9R0Y5	Ak1	10090
Q9R0Y8	Gabrg1	10090
Q9R0Z9	Dlc1	10090
Q9R100	Cdh17	10090
Q9R109	Oaz3	10090
Q9R111	Gda	10090
Q9R112	Sqor	10090
Q9R117	Tyk2	10090
Q9R118	Htra1	10090
Q9R123	Naa80	10090
Q9R144	Prmt2	10090
Q9R155	Slc26a4	10090
Q9R157	Adam18	10090
Q9R158	Adam26a	10090
Q9R159	Adam25	10090
Q9R160	Adam24	10090
Q9R171	Cbln1	10090
Q9R182	Angptl3	10090
Q9R187	Edar	10090
Q9R190	Mta2	10090
Q9R194	Cry2	10090
Q9R1A3	Ntn3	10090
Q9R1A8	Cop1	10090
Q9R1A9	Trex2	10090
Q9R1B9	Slit2	10090
Q9R1C0	Taf7	10090
Q9R1C6	Dgke	10090
Q9R1C7	Prpf40a	10090
Q9R1C8	Htr6	10090
Q9R1E0	Foxo1	10090
Q9R1E6	Enpp2	10090
Q9R1I1	Chst4	10090
Q9R1J0	Nsdhl	10090
Q9R1K5	Fzr1	10090
Q9R1K6	Gpr34	10090
Q9R1K7	Tubd1	10090
Q9R1K9	Cetn2	10090
Q9R1L5	Mast1	10090
Q9R1M5	Nlrp5	10090
Q9R1N9	Col13a1	10090
Q9R1P0	Psma4	10090
Q9R1P1	Psmb3	10090
Q9R1P3	Psmb2	10090
Q9R1P4	Psma1	10090
Q9R1Q6	Tmem176b	10090
Q9R1Q7	Plp2	10090
Q9R1Q8	Tagln3	10090
Q9R1Q9	Atp6ap1	10090
Q9R1R0	Lhx6	10090
Q9R1R2	Trim3	10090
Q9R1S0	B9d1	10090
Q9R1S3	Pign	10090
Q9R1S7	Abcc6	10090
Q9R1S8	Capn7	10090
Q9R1T2	Sae1	10090
Q9R1T4	Septin6	10090
Q9R1V4	Adam11	10090
Q9R1V6	Adam22	10090
Q9R1V7	Adam23	10090
Q9R1W3	Rnf103	10090
Q9R1W5	Calcrl	10090
Q9R1X4	Timeless	10090
Q9R1X5	Abcc5	10090
Q9R1Y5	Hic1	10090
Q9R1Z7	Pts	10090
Q9R1Z8	Sorbs3	10090
Q9R207	Nbn	10090
Q9R210	Tfeb	10090
Q9R216	Fzd9	10090
Q9R224	Bex1	10090
Q9R226	Khdrbs3	10090
Q9R229	Bmp10	10090
Q9R233	Tapbp	10090
Q9R244	Trpc2	10090
Q9R257	Hebp1	10090
Q9R269	Ppl	10090
Q9R2B6	St6galnac4	10090
Q9UBB4	ATXN10	9606
Q9UBB5	MBD2	9606
Q9UBB6	NCDN	9606
Q9UBB9	TFIP11	9606
Q9UBC0	ONECUT1	9606
Q9UBC1	NFKBIL1	9606
Q9UBC2	EPS15L1	9606
Q9UBC3	DNMT3B	9606
Q9UBC5	MYO1A	9606
Q9UBC7	GALP	9606
Q9UBC9	SPRR3	9606
Q9UBD0	HSFX1; HSFX2	9606
Q9UBD3	XCL2	9606
Q9UBD5	ORC3	9606
Q9UBD6	RHCG	9606
Q9UBD9	CLCF1	9606
Q9UBE0	SAE1	9606
Q9UBE8	NLK	9606
Q9UBF1	MAGEC2	9606
Q9UBF2	COPG2	9606
Q9UBF6	RNF7	9606
Q9UBF8	PI4KB	9606
Q9UBF9	MYOT	9606
Q9UBG0	MRC2	9606
Q9UBG3	CRNN	9606
Q9UBG7	RBPJL	9606
Q9UBH0	IL36RN	9606
Q9UBH6	XPR1	9606
Q9UBI1	COMMD3	9606
Q9UBI4	STOML1	9606
Q9UBI6	GNG12	9606
Q9UBI9	HECA	9606
Q9UBJ2	ABCD2	9606
Q9UBK2	PPARGC1A	9606
Q9UBK5	HCST	9606
Q9UBK7	RABL2A	9606
Q9UBK8	MTRR	9606
Q9UBK9	UXT	9606
Q9UBL0	ARPP21	9606
Q9UBL3	ASH2L	9606
Q9UBL6	CPNE7	9606
Q9UBL9	P2RX2	9606
Q9UBM1	PEMT	9606
Q9UBM4	OPTC	9606
Q9UBM7	DHCR7	9606
Q9UBM8	MGAT4C	9606
Q9UBN1	CACNG4	9606
Q9UBN4	TRPC4	9606
Q9UBN6	TNFRSF10D	9606
Q9UBN7	HDAC6	9606
Q9UBP0	SPAST	9606
Q9UBP4	DKK3	9606
Q9UBP5	HEY2	9606
Q9UBP6	METTL1	9606
Q9UBP8	KAAG1	9606
Q9UBP9	GULP1	9606
Q9UBQ0	VPS29	9606
Q9UBQ5	EIF3K	9606
Q9UBQ6	EXTL2	9606
Q9UBQ7	GRHPR	9606
Q9UBR1	UPB1	9606
Q9UBR2	CTSZ	9606
Q9UBR4	LHX3	9606
Q9UBR5	CKLF	9606
Q9UBS0	RPS6KB2	9606
Q9UBS3	DNAJB9	9606
Q9UBS4	DNAJB11	9606
Q9UBS5	GABBR1	9606
Q9UBS8	RNF14	9606
Q9UBS9	SUCO	9606
Q9UBT2	UBA2	9606
Q9UBT3	DKK4	9606
Q9UBT6	POLK	9606
Q9UBT7	CTNNAL1	9606
Q9UBU2	DKK2	9606
Q9UBU3	GHRL	9606
Q9UBU6	FAM8A1	9606
Q9UBU7	DBF4	9606
Q9UBU8	MORF4L1	9606
Q9UBU9	NXF1	9606
Q9UBV2	SEL1L	9606
Q9UBV4	WNT16	9606
Q9UBV7	B4GALT7	9606
Q9UBV8	PEF1	9606
Q9UBW5	BIN2	9606
Q9UBW7	ZMYM2	9606
Q9UBW8	COPS7A	9606
Q9UBX0	HESX1	9606
Q9UBX1	CTSF	9606
Q9UBX2	DUX4	9606
Q9UBX3	SLC25A10	9606
Q9UBX5	FBLN5	9606
Q9UBX7	KLK11	9606
Q9UBX8	B4GALT6	9606
Q9UBY0	SLC9A2	9606
Q9UBY5	LPAR3	9606
Q9UBY8	CLN8	9606
Q9UBY9	HSPB7	9606
Q9UBZ4	APEX2	9606
Q9UBZ9	REV1	9606
Q9UC06	ZNF70	9606
Q9UC07	ZNF69	9606
Q9UD57	NKX1-2	9606
Q9UD71	PPP1R1B	9606
Q9UDR5	AASS	9606
Q9UDT6	CLIP2	9606
Q9UDV6	ZNF212	9606
Q9UDV7	ZNF282	9606
Q9UDW1	UQCR10	9606
Q9UDW3	ZMAT5	9606
Q9UDX3	SEC14L4	9606
Q9UDX4	SEC14L3	9606
Q9UDX5	MTFP1	9606
Q9UDY2	TJP2	9606
Q9UDY4	DNAJB4	9606
Q9UDY6	TRIM10	9606
Q9UDY8	MALT1	9606
Q9UEE5	STK17A	9606
Q9UEE9	CFDP1	9606
Q9UEF7	KL	9606
Q9UEG4	ZNF629	9606
Q9UER7	DAXX	9606
Q9UET6	FTSJ1	9606
Q9UEU0	VTI1B	9606
Q9UEU5	GAGE2D; GAGE8	9606
Q9UEW3	MARCO	9606
Q9UEW8	STK39	9606
Q9UEY8	ADD3	9606
Q9UF02	CACNG5	9606
Q9UF11	PLEKHB1	9606
Q9UF12	PRODH2	9606
Q9UF33	EPHA6	9606
Q9UF47	DNAJC5B	9606
Q9UF56	FBXL17	9606
Q9UFB7	ZBTB47	9606
Q9UFC0	LRWD1	9606
Q9UFD9	RIMBP3	9606
Q9UFE4	CCDC39	9606
Q9UFF9	CNOT8	9606
Q9UFG5	C19orf25	9606
Q9UFH2	DNAH17	9606
Q9UFN0	NIPSNAP3A	9606
Q9UFP1	GASK1A	9606
Q9UFV1	TBC1D29P	9606
Q9UFW8	CGGBP1	9606
Q9UG01	IFT172	9606
Q9UG22	GIMAP2	9606
Q9UG56	PISD	9606
Q9UG63	ABCF2	9606
Q9UGB7	MIOX	9606
Q9UGC6	RGS17	9606
Q9UGC7	MTRF1L	9606
Q9UGF5	OR14J1	9606
Q9UGF6	OR5V1	9606
Q9UGF7	OR12D3	9606
Q9UGH3	SLC23A2	9606
Q9UGI0	ZRANB1	9606
Q9UGI6	KCNN3	9606
Q9UGI8	TES	9606
Q9UGI9	PRKAG3	9606
Q9UGJ0	PRKAG2	9606
Q9UGJ1	TUBGCP4	9606
Q9UGK3	STAP2	9606
Q9UGK8	SERGEF	9606
Q9UGL1	KDM5B	9606
Q9UGL9	CRCT1	9606
Q9UGM1	CHRNA9	9606
Q9UGM3	DMBT1	9606
Q9UGM5	FETUB	9606
Q9UGM6	WARS2	9606
Q9UGN4	CD300A	9606
Q9UGN5	PARP2	9606
Q9UGP4	LIMD1	9606
Q9UGP5	POLL	9606
Q9UGP8	SEC63	9606
Q9UGQ2	CACFD1	9606
Q9UGQ3	SLC2A6	9606
Q9UGR2	ZC3H7B	9606
Q9UGT4	SUSD2	9606
Q9UGU0	TCF20	9606
Q9UGU5	HMGXB4	9606
Q9UGV2	NDRG3	9606
Q9UGY1	NOL12	9606
Q9UH03	SEPTIN3	9606
Q9UH17	APOBEC3B	9606
Q9UH36	SRRD	9606
Q9UH62	ARMCX3	9606
Q9UH64	CDKN2A-AS1	9606
Q9UH65	SWAP70	9606
Q9UH73	EBF1	9606
Q9UH77	KLHL3	9606
Q9UH90	FBXO40	9606
Q9UH92	MLX	9606
Q9UH99	SUN2	9606
Q9UHA2	SS18L2	9606
Q9UHA3	RSL24D1	9606
Q9UHA4	LAMTOR3	9606
Q9UHA7	IL36A	9606
Q9UHB4	NDOR1	9606
Q9UHB6	LIMA1	9606
Q9UHB7	AFF4	9606
Q9UHB9	SRP68	9606
Q9UHC1	MLH3	9606
Q9UHC3	ASIC3	9606
Q9UHC6	CNTNAP2	9606
Q9UHC7	MKRN1	9606
Q9UHC9	NPC1L1	9606
Q9UHD0	IL19	9606
Q9UHD1	CHORDC1	9606
Q9UHD2	TBK1	9606
Q9UHD4	CIDEB	9606
Q9UHD8	SEPTIN9	9606
Q9UHD9	UBQLN2	9606
Q9UHE5	NAT8	9606
Q9UHE8	STEAP1	9606
Q9UHF0	TAC3	9606
Q9UHF1	EGFL7	9606
Q9UHF3	NAT8B	9606
Q9UHF4	IL20RA	9606
Q9UHF5	IL17B	9606
Q9UHF7	TRPS1	9606
Q9UHG0	DCDC2	9606
Q9UHG2	PCSK1N	9606
Q9UHG3	PCYOX1	9606
Q9UHH9	IP6K2	9606
Q9UHI5	SLC7A8	9606
Q9UHI6	DDX20	9606
Q9UHI7	SLC23A1	9606
Q9UHI8	ADAMTS1	9606
Q9UHJ3	SFMBT1	9606
Q9UHJ6	SHPK	9606
Q9UHJ9	PGAP2	9606
Q9UHK0	NUFIP1	9606
Q9UHK6	AMACR	9606
Q9UHL0	DDX25	9606
Q9UHL3	FAM153A	9606
Q9UHL4	DPP7	9606
Q9UHL9	GTF2IRD1	9606
Q9UHM6	OPN4	9606
Q9UHN1	POLG2	9606
Q9UHN6	CEMIP2	9606
Q9UHP3	USP25	9606
Q9UHP6	RSPH14	9606
Q9UHP7	CLEC2D	9606
Q9UHP9	SMPX	9606
Q9UHQ1	NARF	9606
Q9UHQ4	BCAP29	9606
Q9UHQ7	TCEAL9	9606
Q9UHQ9	CYB5R1	9606
Q9UHR4	BAIAP2L1	9606
Q9UHR5	SAP30BP	9606
Q9UHR6	ZNHIT2	9606
Q9UHV2	SERTAD1	9606
Q9UHV5	RAPGEFL1	9606
Q9UHV7	MED13	9606
Q9UHV8	LGALS13	9606
Q9UHV9	PFDN2	9606
Q9UHW5	GPN3	9606
Q9UHW9	SLC12A6	9606
Q9UHX1	PUF60	9606
Q9UHX3	ADGRE2	9606
Q9UHY1	NRBP1	9606
Q9UHY7	ENOPH1	9606
Q9UHY8	FEZ2	9606
Q9UI08	EVL	9606
Q9UI09	NDUFA12	9606
Q9UI10	EIF2B4	9606
Q9UI12	ATP6V1H	9606
Q9UI14	RABAC1	9606
Q9UI15	TAGLN3	9606
Q9UI17	DMGDH	9606
Q9UI26	IPO11	9606
Q9UI30	TRMT112	9606
Q9UI32	GLS2	9606
Q9UI33	SCN11A	9606
Q9UI36	DACH1	9606
Q9UI38	PRSS50	9606
Q9UI40	SLC24A2	9606
Q9UI42	CPA4	9606
Q9UI43	MRM2	9606
Q9UI46	DNAI1	9606
Q9UI47	CTNNA3	9606
Q9UI95	MAD2L2	9606
Q9UIA0	CYTH4	9606
Q9UIA9	XPO7	9606
Q9UIB8	CD84	9606
Q9UIC8	LCMT1	9606
Q9UID3	VPS51	9606
Q9UID6	ZNF639	9606
Q9UIE0	ZNF230	9606
Q9UIF3	TEKT2	9606
Q9UIF7	MUTYH	9606
Q9UIF8	BAZ2B	9606
Q9UIF9	BAZ2A	9606
Q9UIG0	BAZ1B	9606
Q9UIG4	PSORS1C2	9606
Q9UIG5	PSORS1C1	9606
Q9UIG8	SLCO3A1	9606
Q9UIH9	KLF15	9606
Q9UII2	ATP5IF1	9606
Q9UII4	HERC5	9606
Q9UII5	ZNF107	9606
Q9UII6	DUSP13B	9606
Q9UIJ5	ZDHHC2	9606
Q9UIJ7	AK3	9606
Q9UIK4	DAPK2	9606
Q9UIK5	TMEFF2	9606
Q9UIL1	SCOC	9606
Q9UIL4	KIF25	9606
Q9UIL8	PHF11	9606
Q9UIM3	FKBPL	9606
Q9UIQ6	LNPEP	9606
Q9UIR0	BTNL2	9606
Q9UIS9	MBD1	9606
Q9UIU6	SIX4	9606
Q9UIV1	CNOT7	9606
Q9UIV8	SERPINB13	9606
Q9UIW0	VAX2	9606
Q9UIW2	PLXNA1	9606
Q9UIX4	KCNG1	9606
Q9UIY3	RWDD2A	9606
Q9UJ04	TSPYL4	9606
Q9UJ14	GGT7	9606
Q9UJ37	ST6GALNAC2	9606
Q9UJ41	RABGEF1	9606
Q9UJ42	GPR160	9606
Q9UJ55	MAGEL2	9606
Q9UJ68	MSRA	9606
Q9UJ70	NAGK	9606
Q9UJ71	CD207	9606
Q9UJ72	ANXA10	9606
Q9UJ78	ZMYM5	9606
Q9UJ83	HACL1	9606
Q9UJ90	KCNE5	9606
Q9UJ96	KCNG2	9606
Q9UJ98	STAG3	9606
Q9UJ99	CDH22	9606
Q9UJA2	CRLS1	9606
Q9UJA3	MCM8	9606
Q9UJA5	TRMT6	9606
Q9UJA9	ENPP5	9606
Q9UJC3	HOOK1	9606
Q9UJC5	SH3BGRL2	9606
Q9UJD0	RIMS3	9606
Q9UJF2	RASAL2	9606
Q9UJG1	MOSPD1	9606
Q9UJH8	METRN	9606
Q9UJJ7	RPUSD1	9606
Q9UJJ9	GNPTG	9606
Q9UJK0	TSR3	9606
Q9UJL9	ZFP69B	9606
Q9UJM3	ERRFI1	9606
Q9UJM8	HAO1	9606
Q9UJN7	ZNF391	9606
Q9UJP4	KLHL21	9606
Q9UJQ1	LAMP5	9606
Q9UJQ4	SALL4	9606
Q9UJQ7	SCP2D1	9606
Q9UJS0	SLC25A13	9606
Q9UJT0	TUBE1	9606
Q9UJT1	TUBD1	9606
Q9UJT2	TSKS	9606
Q9UJT9	FBXL7	9606
Q9UJU2	LEF1	9606
Q9UJU3	ZNF112	9606
Q9UJU5	FOXD3	9606
Q9UJU6	DBNL	9606
Q9UJV3	MID2	9606
Q9UJV8	PURG	9606
Q9UJV9	DDX41	9606
Q9UJW0	DCTN4	9606
Q9UJW2	TINAG	9606
Q9UJW3	DNMT3L	9606
Q9UJW7	ZNF229	9606
Q9UJW8	ZNF180	9606
Q9UJW9	SERTAD3	9606
Q9UJX0	OSGIN1	9606
Q9UJX2	CDC23	9606
Q9UJX3	ANAPC7	9606
Q9UJX4	ANAPC5	9606
Q9UJX5	ANAPC4	9606
Q9UJX6	ANAPC2	9606
Q9UJY1	HSPB8	9606
Q9UJY4	GGA2	9606
Q9UJY5	GGA1	9606
Q9UJZ1	STOML2	9606
Q9UK00	C3orf18	9606
Q9UK05	GDF2	9606
Q9UK08	GNG8	9606
Q9UK10	ZNF225	9606
Q9UK11	ZNF223	9606
Q9UK12	ZNF222	9606
Q9UK13	ZNF221	9606
Q9UK17	KCND3	9606
Q9UK22	FBXO2	9606
Q9UK23	NAGPA	9606
Q9UK28	TMEM59L	9606
Q9UK32	RPS6KA6	9606
Q9UK33	ZNF580	9606
Q9UK39	NOCT	9606
Q9UK41	VPS28	9606
Q9UK45	LSM7	9606
Q9UK53	ING1	9606
Q9UK55	SERPINA10	9606
Q9UK58	CCNL1	9606
Q9UK59	DBR1	9606
Q9UK61	TASOR	9606
Q9UK73	FEM1B	9606
Q9UK76	JPT1	9606
Q9UK80	USP21	9606
Q9UK85	DKKL1	9606
Q9UK96	FBXO10	9606
Q9UK97	FBXO9	9606
Q9UK99	FBXO3	9606
Q9UKA1	FBXL5	9606
Q9UKA2	FBXL4	9606
Q9UKA4	AKAP11	9606
Q9UKA8	RCAN3	9606
Q9UKA9	PTBP2	9606
Q9UKB1	FBXW11	9606
Q9UKB3	DNAJC12	9606
Q9UKB5	AJAP1	9606
Q9UKC9	FBXL2	9606
Q9UKD1	GMEB2	9606
Q9UKD2	MRTO4	9606
Q9UKE5	TNIK	9606
Q9UKF2	ADAM30	9606
Q9UKF5	ADAM29	9606
Q9UKF6	CPSF3	9606
Q9UKF7	PITPNC1	9606
Q9UKG1	APPL1	9606
Q9UKG4	SLC13A4	9606
Q9UKG9	CROT	9606
Q9UKH3	ERVK-9	9606
Q9UKI2	CDC42EP3	9606
Q9UKI3	VPREB3	9606
Q9UKI8	TLK1	9606
Q9UKI9	POU2F3	9606
Q9UKJ0	PILRB	9606
Q9UKJ1	PILRA	9606
Q9UKJ3	GPATCH8	9606
Q9UKJ5	CHIC2	9606
Q9UKJ8	ADAM21	9606
Q9UKK3	PARP4	9606
Q9UKK6	NXT1	9606
Q9UKK9	NUDT5	9606
Q9UKL0	RCOR1	9606
Q9UKL2	OR52A1	9606
Q9UKL3	CASP8AP2	9606
Q9UKL4	GJD2	9606
Q9UKL6	PCTP	9606
Q9UKM7	MAN1B1	9606
Q9UKM9	RALY	9606
Q9UKN1	MUC12	9606
Q9UKN5	PRDM4	9606
Q9UKN7	MYO15A	9606
Q9UKN8	GTF3C4	9606
Q9UKP3	ITGB1BP2	9606
Q9UKP4	ADAMTS7	9606
Q9UKP5	ADAMTS6	9606
Q9UKP6	UTS2R	9606
Q9UKQ2	ADAM28	9606
Q9UKQ9	KLK9	9606
Q9UKR0	KLK12	9606
Q9UKR3	KLK13	9606
Q9UKR5	ERG28	9606
Q9UKR8	TSPAN16	9606
Q9UKS6	PACSIN3	9606
Q9UKS7	IKZF2	9606
Q9UKT4	FBXO5	9606
Q9UKT5	FBXO4	9606
Q9UKT6	FBXL21P	9606
Q9UKT7	FBXL3	9606
Q9UKT8	FBXW2	9606
Q9UKT9	IKZF3	9606
Q9UKU0	ACSL6	9606
Q9UKU6	TRHDE	9606
Q9UKU7	ACAD8	9606
Q9UKU9	ANGPTL2	9606
Q9UKV0	HDAC9	9606
Q9UKV3	ACIN1	9606
Q9UKV5	AMFR	9606
Q9UKV8	AGO2	9606
Q9UKW4	VAV3	9606
Q9UKW6	ELF5	9606
Q9UKX2	MYH2	9606
Q9UKX3	MYH13	9606
Q9UKX5	ITGA11	9606
Q9UKX7	NUP50	9606
Q9UKY0	PRND	9606
Q9UKY1	ZHX1	9606
Q9UKY3	CES1P1	9606
Q9UKY4	POMT2	9606
Q9UKY7	CDV3	9606
Q9UKZ1	CNOT11	9606
Q9UKZ4	TENM1	9606
Q9UKZ9	PCOLCE2	9606
Q9UL01	DSE	9606
Q9UL03	INTS6	9606
Q9UL12	SARDH	9606
Q9UL15	BAG5	9606
Q9UL16	CFAP45	9606
Q9UL17	TBX21	9606
Q9UL18	AGO1	9606
Q9UL19	PLAAT4	9606
Q9UL25	RAB21	9606
Q9UL26	RAB22A	9606
Q9UL33	TRAPPC2L	9606
Q9UL36	ZNF236	9606
Q9UL40	ZNF346	9606
Q9UL41	PNMA3	9606
Q9UL42	PNMA2	9606
Q9UL45	BLOC1S6	9606
Q9UL46	PSME2	9606
Q9UL49	TCFL5	9606
Q9UL51	HCN2	9606
Q9UL52	TMPRSS11E	9606
Q9UL54	TAOK2	9606
Q9UL58	ZNF215	9606
Q9UL59	ZNF214	9606
Q9UL62	TRPC5	9606
Q9UL63	MKLN1	9606
Q9UL68	MYT1L	9606
Q9ULA0	DNPEP	9606
Q9ULB1	NRXN1	9606
Q9ULB4	CDH9	9606
Q9ULB5	CDH7	9606
Q9ULC0	EMCN	9606
Q9ULC3	RAB23	9606
Q9ULC4	MCTS1	9606
Q9ULC5	ACSL5	9606
Q9ULC6	PADI1	9606
Q9ULC8	ZDHHC8	9606
Q9ULD0	OGDHL	9606
Q9ULD2	MTUS1	9606
Q9ULD4	BRPF3	9606
Q9ULD5	ZNF777	9606
Q9ULD6	INTU	9606
Q9ULD8	KCNH3	9606
Q9ULD9	ZNF608	9606
Q9ULE0	WWC3	9606
Q9ULE3	DENND2A	9606
Q9ULE4	FAM184B	9606
Q9ULE6	PALD1	9606
Q9ULF5	SLC39A10	9606
Q9ULG1	INO80	9606
Q9ULG3	CFAP92	9606
Q9ULG6	CCPG1	9606
Q9ULH0	KIDINS220	9606
Q9ULH1	ASAP1	9606
Q9ULH4	LRFN2	9606
Q9ULH7	MRTFB	9606
Q9ULI0	ATAD2B	9606
Q9ULI1	NWD2	9606
Q9ULI2	RIMKLB	9606
Q9ULI3	HEG1	9606
Q9ULI4	KIF26A	9606
Q9ULJ1	ODF2L	9606
Q9ULJ3	ZBTB21	9606
Q9ULJ6	ZMIZ1	9606
Q9ULJ7	ANKRD50	9606
Q9ULJ8	PPP1R9A	9606
Q9ULK0	GRID1	9606
Q9ULK2	ATXN7L1	9606
Q9ULK4	MED23	9606
Q9ULK5	VANGL2	9606
Q9ULK6	RNF150	9606
Q9ULL0	KIAA1210	9606
Q9ULL1	PLEKHG1	9606
Q9ULL4	PLXNB3	9606
Q9ULL5	PRR12	9606
Q9ULL8	SHROOM4	9606
Q9ULM0	PLEKHH1	9606
Q9ULM2	ZNF490	9606
Q9ULM3	YEATS2	9606
Q9ULM6	CNOT6	9606
Q9ULN7	PNMA8B	9606
Q9ULP0	NDRG4	9606
Q9ULP9	TBC1D24	9606
Q9ULQ0	STRIP2	9606
Q9ULQ1	TPCN1	9606
Q9ULR0	ISY1	9606
Q9ULR3	PPM1H	9606
Q9ULR5	PAIP2B	9606
Q9ULS5	TMCC3	9606
Q9ULS6	KCNS2	9606
Q9ULT0	TTC7A	9606
Q9ULT6	ZNRF3	9606
Q9ULT8	HECTD1	9606
Q9ULU4	ZMYND8	9606
Q9ULU8	CADPS	9606
Q9ULV0	MYO5B	9606
Q9ULV1	FZD4	9606
Q9ULV3	CIZ1	9606
Q9ULV4	CORO1C	9606
Q9ULV5	HSF4	9606
Q9ULV8	CBLC	9606
Q9ULW0	TPX2	9606
Q9ULW2	FZD10	9606
Q9ULW3	ABT1	9606
Q9ULW5	RAB26	9606
Q9ULW6	NAP1L2	9606
Q9ULW8	PADI3	9606
Q9ULX3	NOB1	9606
Q9ULX5	RNF112	9606
Q9ULX6	AKAP8L	9606
Q9ULX7	CA14	9606
Q9ULX9	MAFF	9606
Q9ULY5	CLEC4E	9606
Q9ULZ0	TP53TG3; TP53TG3B; TP53TG3C; TP53TG3D; TP53TG3E; TP53TG3F	9606
Q9ULZ1	APLN	9606
Q9ULZ2	STAP1	9606
Q9ULZ3	PYCARD	9606
Q9ULZ9	MMP17	9606
Q9UM00	TMCO1	9606
Q9UM01	SLC7A7	9606
Q9UM07	PADI4	9606
Q9UM11	FZR1	9606
Q9UM13	ANAPC10	9606
Q9UM19	HPCAL4	9606
Q9UM21	MGAT4A	9606
Q9UM22	EPDR1	9606
Q9UM44	HHLA2	9606
Q9UM47	NOTCH3	9606
Q9UM54	MYO6	9606
Q9UM63	PLAGL1	9606
Q9UM73	ALK	9606
Q9UM82	SPATA2	9606
Q9UMD9	COL17A1	9606
Q9UMF0	ICAM5	9606
Q9UMN6	KMT2B	9606
Q9UMQ3	BARX2	9606
Q9UMQ6	CAPN11	9606
Q9UMR2	DDX19B	9606
Q9UMR3	TBX20	9606
Q9UMR5	PPT2	9606
Q9UMR7	CLEC4A	9606
Q9UMS0	NFU1	9606
Q9UMS4	PRPF19	9606
Q9UMS5	PHTF1	9606
Q9UMS6	SYNPO2	9606
Q9UMW8	USP18	9606
Q9UMX0	UBQLN1	9606
Q9UMX1	SUFU	9606
Q9UMX2	OAZ3	9606
Q9UMX3	BOK	9606
Q9UMX5	NENF	9606
Q9UMX6	GUCA1B	9606
Q9UMX9	SLC45A2	9606
Q9UMY1	NOL7	9606
Q9UMY4	SNX12	9606
Q9UMZ2	SYNRG	9606
Q9UMZ3	PTPRQ	9606
Q9UN19	DAPP1	9606
Q9UN30	SCML1	9606
Q9UN36	NDRG2	9606
Q9UN37	VPS4A	9606
Q9UN42	ATP1B4	9606
Q9UN66	PCDHB8	9606
Q9UN67	PCDHB10	9606
Q9UN70	PCDHGC3	9606
Q9UN71	PCDHGB4	9606
Q9UN72	PCDHA7	9606
Q9UN73	PCDHA6	9606
Q9UN74	PCDHA4	9606
Q9UN75	PCDHA12	9606
Q9UN76	SLC6A14	9606
Q9UN79	SOX13	9606
Q9UN81	L1RE1	9606
Q9UN86	G3BP2	9606
Q9UN88	GABRQ	9606
Q9UNA0	ADAMTS5	9606
Q9UNA1	ARHGAP26	9606
Q9UNA3	A4GNT	9606
Q9UNA4	POLI	9606
Q9UND3	NPIPA1	9606
Q9UNE0	EDAR	9606
Q9UNE2	RPH3AL	9606
Q9UNE7	STUB1	9606
Q9UNF0	PACSIN2	9606
Q9UNF1	MAGED2	9606
Q9UNG2	TNFSF18	9606
Q9UNH5	CDC14A	9606
Q9UNH6	SNX7	9606
Q9UNH7	SNX6	9606
Q9UNI1	CELA1	9606
Q9UNI6	DUSP12	9606
Q9UNK0	STX8	9606
Q9UNK4	PLA2G2D	9606
Q9UNK9	ANGEL1	9606
Q9UNL2	SSR3	9606
Q9UNL4	ING4	9606
Q9UNM6	PSMD13	9606
Q9UNN4	GTF2A1L	9606
Q9UNN5	FAF1	9606
Q9UNN8	PROCR	9606
Q9UNP4	ST3GAL5	9606
Q9UNP9	PPIE	9606
Q9UNQ0	ABCG2	9606
Q9UNQ2	DIMT1	9606
Q9UNS1	TIMELESS	9606
Q9UNS2	COPS3	9606
Q9UNT1	RABL2B	9606
Q9UNU6	CYP8B1	9606
Q9UNW1	MINPP1	9606
Q9UNW8	GPR132	9606
Q9UNW9	NOVA2	9606
Q9UNX3	RPL26L1	9606
Q9UNX4	WDR3	9606
Q9UNX9	KCNJ14	9606
Q9UNY4	TTF2	9606
Q9UNY5	ZNF232	9606
Q9UNZ2	NSFL1C	9606
Q9UNZ5	C19orf53	9606
Q9UP38	FZD1	9606
Q9UP52	TFR2	9606
Q9UP65	PLA2G4C	9606
Q9UP79	ADAMTS8	9606
Q9UP83	COG5	9606
Q9UP95	SLC12A4	9606
Q9UPA5	BSN	9606
Q9UPC5	GPR34	9606
Q9UPE1	SRPK3	9606
Q9UPG8	PLAGL2	9606
Q9UPI3	FLVCR2	9606
Q9UPM6	LHX6	9606
Q9UPM8	AP4E1	9606
Q9UPM9	B9D1	9606
Q9UPN3	MACF1	9606
Q9UPN4	CEP131	9606
Q9UPN6	SCAF8	9606
Q9UPN7	PPP6R1	9606
Q9UPN9	TRIM33	9606
Q9UPP1	PHF8	9606
Q9UPP2	IQSEC3	9606
Q9UPQ0	LIMCH1	9606
Q9UPQ3	AGAP1	9606
Q9UPQ4	TRIM35	9606
Q9UPQ7	PDZRN3	9606
Q9UPQ8	DOLK	9606
Q9UPQ9	TNRC6B	9606
Q9UPR0	PLCL2	9606
Q9UPR3	SMG5	9606
Q9UPR5	SLC8A2	9606
Q9UPR6	ZFR2	9606
Q9UPS6	SETD1B	9606
Q9UPS8	ANKRD26	9606
Q9UPT5	EXOC7	9606
Q9UPT6	MAPK8IP3	9606
Q9UPT8	ZC3H4	9606
Q9UPT9	USP22	9606
Q9UPU3	SORCS3	9606
Q9UPU5	USP24	9606
Q9UPU7	TBC1D2B	9606
Q9UPU9	SAMD4A	9606
Q9UPV0	CEP164	9606
Q9UPV7	PHF24	9606
Q9UPV9	TRAK1	9606
Q9UPW0	FOXJ3	9606
Q9UPW5	AGTPBP1	9606
Q9UPW6	SATB2	9606
Q9UPW8	UNC13A	9606
Q9UPX0	IGSF9B	9606
Q9UPX6	MINAR1	9606
Q9UPX8	SHANK2	9606
Q9UPY3	DICER1	9606
Q9UPY5	SLC7A11	9606
Q9UPY6	WASF3	9606
Q9UPY8	MAPRE3	9606
Q9UPZ3	HPS5	9606
Q9UPZ6	THSD7A	9606
Q9UPZ9	CILK1	9606
Q9UQ03	CORO2B	9606
Q9UQ05	KCNH4	9606
Q9UQ07	MOK	9606
Q9UQ10	DHDH	9606
Q9UQ13	SHOC2	9606
Q9UQ16	DNM3	9606
Q9UQ26	RIMS2	9606
Q9UQ35	SRRM2	9606
Q9UQ49	NEU3	9606
Q9UQ52	CNTN6	9606
Q9UQ53	MGAT4B	9606
Q9UQ72	PSG11	9606
Q9UQ74	PSG8	9606
Q9UQ80	PA2G4	9606
Q9UQ84	EXO1	9606
Q9UQ88	CDK11A	9606
Q9UQ90	SPG7	9606
Q9UQB3	CTNND2	9606
Q9UQB8	BAIAP2	9606
Q9UQB9	AURKC	9606
Q9UQC2	GAB2	9606
Q9UQC9	CLCA2	9606
Q9UQD0	SCN8A	9606
Q9UQE7	SMC3	9606
Q9UQF0	ERVW-1	9606
Q9UQF2	MAPK8IP1	9606
Q9UQG0	ERVK-11	9606
Q9UQK1	PPP1R3C	9606
Q9UQL6	HDAC5	9606
Q9UQM7	CAMK2A	9606
Q9UQN3	CHMP2B	9606
Q9UQP3	TNN	9606
Q9UQQ1	NAALADL1	9606
Q9UQQ2	SH2B3	9606
Q9UQR0	SCML2	9606
Q9UQR1	ZNF148	9606
Q9UQV4	LAMP3	9606
Q9WJR5	ERVK-19	9606
Q9WTI7	Myo1c	10090
Q9WTJ2	Ovol1	10090
Q9WTJ4	Fiz1	10090
Q9WTJ5	Ramp1	10090
Q9WTJ6	Tesmin	10090
Q9WTJ8	Fam50b	10090
Q9WTK0	Nupr1	10090
Q9WTK2	Cdyl	10090
Q9WTK3	Gpaa1	10090
Q9WTK5	Nfkb2	10090
Q9WTK7	Stk11	10090
Q9WTK8	Spo11	10090
Q9WTL0	Defb3	10090
Q9WTL2	Rab25	10090
Q9WTL4	Insrr	10090
Q9WTL7	Lypla2	10090
Q9WTL8	Bmal1	10090
Q9WTM3	Sema6c	10090
Q9WTM4	Nfe2l3	10090
Q9WTM5	Ruvbl2	10090
Q9WTN0	Ggps1	10090
Q9WTN3	Srebf1	10090
Q9WTN6	Slc22a21	10090
Q9WTP2	Spry4	10090
Q9WTP3	Spdef	10090
Q9WTP5	Cdh22	10090
Q9WTP6	Ak2	10090
Q9WTP7	Ak3	10090
Q9WTP9	Vax2	10090
Q9WTQ5	Akap12	10090
Q9WTQ8	Timm23	10090
Q9WTR0	Mmp16	10090
Q9WTR1	Trpv2	10090
Q9WTR2	Map3k6	10090
Q9WTR5	Cdh13	10090
Q9WTR6	Slc7a11	10090
Q9WTS2	Fut8	10090
Q9WTS4	Tenm1	10090
Q9WTS5	Tenm2	10090
Q9WTS6	Tenm3	10090
Q9WTT4	Atp6v1g2	10090
Q9WTU0	Phf2	10090
Q9WTU3	Scn8a	10090
Q9WTU6	Mapk9	10090
Q9WTV6	Usp18	10090
Q9WTV7	Rlim	10090
Q9WTW2	Kcne3	10090
Q9WTW3	Kcne4	10090
Q9WTW4	Tfec	10090
Q9WTW5	Slc22a3	10090
Q9WTX2	Prkra	10090
Q9WTX4	Nrg4	10090
Q9WTX5	Skp1	10090
Q9WTX6	Cul1	10090
Q9WTX7	Fhl5	10090
Q9WTX8	Mad1l1	10090
Q9WTY1	Pdcd7	10090
Q9WTY4	Aqp5	10090
Q9WTZ0	Uxt	10090
Q9WTZ1	Rnf7	10090
Q9WTZ2	Mbtps1	10090
Q9WTZ8	Bex2	10090
Q9WTZ9	Bex3	10090
Q9WU00	Nrf1	10090
Q9WU01	Khdrbs2	10090
Q9WU02	Avpr1b	10090
Q9WU03	Spint2	10090
Q9WU12	Snurf	10090
Q9WU19	Hao1	10090
Q9WU20	Mthfr	10090
Q9WU22	Ptpn4	10090
Q9WU28	Pfdn5	10090
Q9WU38	Scnn1b	10090
Q9WU39	Scnn1g	10090
Q9WU40	Lemd3	10090
Q9WU42	Ncor2	10090
Q9WU56	Pus1	10090
Q9WU60	Atrn	10090
Q9WU62	Incenp	10090
Q9WU63	Hebp2	10090
Q9WU65	Gk2	10090
Q9WU66	Sfrp5	10090
Q9WU67	Ly6i	10090
Q9WU72	Tnfsf13b	10090
Q9WU78	Pdcd6ip	10090
Q9WU79	Prodh	10090
Q9WU81	Slc37a2	10090
Q9WU84	Ccs	10090
Q9WUA1	Wif1	10090
Q9WUA2	Farsb	10090
Q9WUA3	Pfkp	10090
Q9WUA5	Epm2a	10090
Q9WUA6	Akt3	10090
Q9WUB0	Rbck1	10090
Q9WUB3	Pygm	10090
Q9WUB4	Dctn6	10090
Q9WUB6	Clcnkb	10090
Q9WUB7	Clcnka	10090
Q9WUC3	Ly6h	10090
Q9WUD1	Stub1	10090
Q9WUD6	Wnt8b	10090
Q9WUD8	Faim	10090
Q9WUE3	Cyb561d2	10090
Q9WUE4	Nprl2	10090
Q9WUF1	Vmn1r49	10090
Q9WUF2	Egr4	10090
Q9WUF3	Casp8ap2	10090
Q9WUG6	Insl5	10090
Q9WUH1	Tmem115	10090
Q9WUH2	Lhx9	10090
Q9WUH5	Trim10	10090
Q9WUH7	Sema4g	10090
Q9WUI0	Mixl1	10090
Q9WUI1	Mapk11	10090
Q9WUJ8	Orc6	10090
Q9WUK2	Eif4h	10090
Q9WUK4	Rfc2	10090
Q9WUK6	Zbtb18	10090
Q9WUK7	Opn3	10090
Q9WUL5	Pdcd1lg2	10090
Q9WUL6	Map3k14	10090
Q9WUL7	Arl3	10090
Q9WUL8	Cited4	10090
Q9WUM3	Coro1b	10090
Q9WUM4	Coro1c	10090
Q9WUM5	Suclg1	10090
Q9WUN2	Tbk1	10090
Q9WUN8	Lbx2	10090
Q9WUP0	Ramp2	10090
Q9WUP1	Ramp3	10090
Q9WUP4	Srd5a3	10090
Q9WUP7	Uchl5	10090
Q9WUQ2	Preb	10090
Q9WUQ5	Cxcl14	10090
Q9WUQ7	Dexi	10090
Q9WUR2	Eci2	10090
Q9WUR9	Ak4	10090
Q9WUS4	Gja10	10090
Q9WUT3	Rps6ka2	10090
Q9WUT7	Ccr9	10090
Q9WUU6	Hnf4g	10090
Q9WUU7	Ctsz	10090
Q9WUU8	Tnip1	10090
Q9WUU9	Mcm3ap	10090
Q9WUV0	Orc5	10090
Q9WUV2	St6galnac3	10090
Q9WUX5	Irag1	10090
Q9WUZ5	Tnni1	10090
Q9WUZ6	Ccl17	10090
Q9WUZ7	Sh3bgr	10090
Q9WUZ9	Entpd5	10090
Q9WV02	Rbmx	10090
Q9WV03	Fam50a	10090
Q9WV04	Kif9	10090
Q9WV06	Ankrd2	10090
Q9WV07	Aloxe3	10090
Q9WV08	Aplnr	10090
Q9WV18	Gabbr1	10090
Q9WV27	Atp1a4	10090
Q9WV30	Nfat5	10090
Q9WV31	Arc	10090
Q9WV32	Arpc1b	10090
Q9WV34	Mpp2	10090
Q9WV35	Apobec2	10090
Q9WV38	Slc2a5	10090
Q9WV52	Plek2	10090
Q9WV54	Asah1	10090
Q9WV55	Vapa	10090
Q9WV56	Gdf2	10090
Q9WV60	Gsk3b	10090
Q9WV66	Marchf7	10090
Q9WV68	Decr2	10090
Q9WV69	Dmtn	10090
Q9WV70	Noc2l	10090
Q9WV71	Asb4	10090
Q9WV72	Asb3	10090
Q9WV74	Asb1	10090
Q9WV76	Ap4b1	10090
Q9WV80	Snx1	10090
Q9WV84	Nme4	10090
Q9WV85	Nme3	10090
Q9WV86	Katna1	10090
Q9WV89	Stxbp4	10090
Q9WV91	Ptgfrn	10090
Q9WV92	Epb41l3	10090
Q9WV93	Hey1	10090
Q9WV95	Phlda3	10090
Q9WV96	Timm10b	10090
Q9WV98	Timm9	10090
Q9WVA2	Timm8a1	10090
Q9WVA3	Bub3	10090
Q9WVA4	Tagln2	10090
Q9WVA8	Npff	10090
Q9WVB0	Rbpms	10090
Q9WVB2	Tle2	10090
Q9WVB3	Tle6	10090
Q9WVB4	Slit3	10090
Q9WVB6	Lenep	10090
Q9WVC3	Cav2	10090
Q9WVC5	Trpc7	10090
Q9WVC6	Sgk1	10090
Q9WVC8	Slc26a3	10090
Q9WVD4	Clcn5	10090
Q9WVD5	Slc25a15	10090
Q9WVE0	Aicda	10090
Q9WVE8	Pacsin2	10090
Q9WVF6	Pla2g2d	10090
Q9WVF7	Pole	10090
Q9WVF8	Tusc2	10090
Q9WVF9	Clec2i	10090
Q9WVG5	Lipg	10090
Q9WVG6	Carm1	10090
Q9WVG7	Osr1	10090
Q9WVG9	Msl3	10090
Q9WVH3	Foxo4	10090
Q9WVH4	Foxo3	10090
Q9WVH6	Angpt4	10090
Q9WVH9	Fbln5	10090
Q9WVI9	Mapk8ip1	10090
Q9WVJ0	Kcnh3	10090
Q9WVJ2	Psmd13	10090
Q9WVJ3	Cpq	10090
Q9WVJ5	Crybb1	10090
Q9WVJ9	Efemp2	10090
Q9WVK0	Agtrap	10090
Q9WVK4	Ehd1	10090
Q9WVK5	B4galt6	10090
Q9WVK8	Cyp46a1	10090
Q9WVL0	Gstz1	10090
Q9WVL1	Ap4s1	10090
Q9WVL2	Stat2	10090
Q9WVL3	Slc12a7	10090
Q9WVL4	Grk1	10090
Q9WVL5	Morc1	10090
Q9WVL6	Extl3	10090
Q9WVL7	Cxcl15	10090
Q9WVM1	Racgap1	10090
Q9WVM3	Anapc7	10090
Q9WVM6	Tll2	10090
Q9WVM8	Aadat	10090
Q9WVP1	Ap1m2	10090
Q9WVP6	Papolb	10090
Q9WVP9	Mx2	10090
Q9WVQ0	Pmfbp1	10090
Q9WVQ1	Magi2	10090
Q9WVQ5	Apip	10090
Q9WVR4	Fxr2	10090
Q9WVS0	Icos	10090
Q9WVS4	Mok	10090
Q9WVS6	Prkn	10090
Q9WVS7	Map2k5	10090
Q9WVS8	Mapk7	10090
Q9WVT6	Ca14	10090
Q9XRX5	ANKRD13C-DT	9606
Q9Y210	TRPC6	9606
Q9Y215	COLQ	9606
Q9Y216	MTMR7	9606
Q9Y217	MTMR6	9606
Q9Y219	JAG2	9606
Q9Y221	NIP7	9606
Q9Y222	DMTF1	9606
Q9Y223	GNE	9606
Q9Y224	RTRAF	9606
Q9Y225	RNF24	9606
Q9Y226	SLC22A13	9606
Q9Y227	ENTPD4	9606
Q9Y228	TRAF3IP3	9606
Q9Y230	RUVBL2	9606
Q9Y231	FUT9	9606
Q9Y232	CDYL	9606
Q9Y233	PDE10A	9606
Q9Y234	LIPT1	9606
Q9Y235	APOBEC2	9606
Q9Y236	OSGIN2	9606
Q9Y237	PIN4	9606
Q9Y238	DLEC1	9606
Q9Y239	NOD1	9606
Q9Y240	CLEC11A	9606
Q9Y241	HIGD1A	9606
Q9Y242	TCF19	9606
Q9Y243	AKT3	9606
Q9Y244	POMP	9606
Q9Y247	FAM50B	9606
Q9Y248	GINS2	9606
Q9Y250	LZTS1	9606
Q9Y251	HPSE	9606
Q9Y252	RNF6	9606
Q9Y253	POLH	9606
Q9Y255	PRELID1	9606
Q9Y256	RCE1	9606
Q9Y257	KCNK6	9606
Q9Y258	CCL26	9606
Q9Y259	CHKB	9606
Q9Y261	FOXA2	9606
Q9Y262	EIF3L	9606
Q9Y263	PLAA	9606
Q9Y264	ANGPT4	9606
Q9Y265	RUVBL1	9606
Q9Y266	NUDC	9606
Q9Y267	SLC22A14	9606
Q9Y271	CYSLTR1	9606
Q9Y272	RASD1	9606
Q9Y274	ST3GAL6	9606
Q9Y275	TNFSF13B	9606
Q9Y276	BCS1L	9606
Q9Y277	VDAC3	9606
Q9Y278	HS3ST2	9606
Q9Y279	VSIG4	9606
Q9Y281	CFL2	9606
Q9Y282	ERGIC3	9606
Q9Y283	INVS	9606
Q9Y284	WDR83OS	9606
Q9Y285	FARSA	9606
Q9Y286	SIGLEC7	9606
Q9Y287	ITM2B	9606
Q9Y289	SLC5A6	9606
Q9Y291	MRPS33	9606
Q9Y294	ASF1A	9606
Q9Y295	DRG1	9606
Q9Y296	TRAPPC4	9606
Q9Y297	BTRC	9606
Q9Y2A4	ZNF443	9606
Q9Y2A7	NCKAP1	9606
Q9Y2A9	B3GNT3	9606
Q9Y2B0	CNPY2	9606
Q9Y2B1	RXYLT1	9606
Q9Y2B2	PIGL	9606
Q9Y2B4	TP53TG5	9606
Q9Y2B5	VPS9D1	9606
Q9Y2B9	PKIG	9606
Q9Y2C2	UST	9606
Q9Y2C3	B3GALT5	9606
Q9Y2C4	EXOG	9606
Q9Y2C5	SLC17A4	9606
Q9Y2C9	TLR6	9606
Q9Y2D0	CA5B	9606
Q9Y2D1	ATF5	9606
Q9Y2D2	SLC35A3	9606
Q9Y2D4	EXOC6B	9606
Q9Y2D5	PALM2AKAP2	9606
Q9Y2D8	SSX2IP	9606
Q9Y2D9	ZNF652	9606
Q9Y2E4	DIP2C	9606
Q9Y2E5	MAN2B2	9606
Q9Y2E6	DTX4	9606
Q9Y2E8	SLC9A8	9606
Q9Y2F5	ICE1	9606
Q9Y2F9	BTBD3	9606
Q9Y2G0	EFR3B	9606
Q9Y2G1	MYRF	9606
Q9Y2G2	CARD8	9606
Q9Y2G3	ATP11B	9606
Q9Y2G4	ANKRD6	9606
Q9Y2G5	POFUT2	9606
Q9Y2G7	ZFP30	9606
Q9Y2G8	DNAJC16	9606
Q9Y2G9	SBNO2	9606
Q9Y2H0	DLGAP4	9606
Q9Y2H1	STK38L	9606
Q9Y2H2	INPP5F	9606
Q9Y2H5	PLEKHA6	9606
Q9Y2H6	FNDC3A	9606
Q9Y2H8	ZNF510	9606
Q9Y2H9	MAST1	9606
Q9Y2I1	NISCH	9606
Q9Y2I2	NTNG1	9606
Q9Y2I6	NINL	9606
Q9Y2I7	PIKFYVE	9606
Q9Y2I8	WDR37	9606
Q9Y2I9	TBC1D30	9606
Q9Y2J0	RPH3A	9606
Q9Y2J2	EPB41L3	9606
Q9Y2J4	AMOTL2	9606
Q9Y2J8	PADI2	9606
Q9Y2K1	ZBTB1	9606
Q9Y2K2	SIK3	9606
Q9Y2K3	MYH15	9606
Q9Y2K5	R3HDM2	9606
Q9Y2K6	USP20	9606
Q9Y2K7	KDM2A	9606
Q9Y2K9	STXBP5L	9606
Q9Y2L1	DIS3	9606
Q9Y2L5	TRAPPC8	9606
Q9Y2L6	FRMD4B	9606
Q9Y2L8	ZKSCAN5	9606
Q9Y2L9	LRCH1	9606
Q9Y2M0	FAN1	9606
Q9Y2M2	SSUH2	9606
Q9Y2M5	KLHL20	9606
Q9Y2N7	HIF3A	9606
Q9Y2P0	ZNF835	9606
Q9Y2P4	SLC27A6	9606
Q9Y2P5	SLC27A5	9606
Q9Y2P7	ZNF256	9606
Q9Y2P8	RCL1	9606
Q9Y2Q0	ATP8A1	9606
Q9Y2Q1	ZNF257	9606
Q9Y2Q3	GSTK1	9606
Q9Y2Q5	LAMTOR2	9606
Q9Y2Q9	MRPS28	9606
Q9Y2R0	COA3	9606
Q9Y2R2	PTPN22	9606
Q9Y2R4	DDX52	9606
Q9Y2R5	MRPS17	9606
Q9Y2R9	MRPS7	9606
Q9Y2S2	CRYL1	9606
Q9Y2S6	TMA7	9606
Q9Y2S7	POLDIP2	9606
Q9Y2T1	AXIN2	9606
Q9Y2T2	AP3M1	9606
Q9Y2T3	GDA	9606
Q9Y2T4	PPP2R2C	9606
Q9Y2T5	GPR52	9606
Q9Y2T6	GPR55	9606
Q9Y2T7	YBX2	9606
Q9Y2U2	KCNK7	9606
Q9Y2U5	MAP3K2	9606
Q9Y2U8	LEMD3	9606
Q9Y2U9	KLHDC2	9606
Q9Y2V0	CDIN1	9606
Q9Y2V2	CARHSP1	9606
Q9Y2V3	RAX	9606
Q9Y2V7	COG6	9606
Q9Y2W1	THRAP3	9606
Q9Y2W2	WBP11	9606
Q9Y2W3	SLC45A1	9606
Q9Y2W6	TDRKH	9606
Q9Y2W7	KCNIP3	9606
Q9Y2X0	MED16	9606
Q9Y2X3	NOP58	9606
Q9Y2X7	GIT1	9606
Q9Y2X8	UBE2D4	9606
Q9Y2X9	ZNF281	9606
Q9Y2Y0	ARL2BP	9606
Q9Y2Y1	POLR3K	9606
Q9Y2Y4	ZBTB32	9606
Q9Y2Y6	TMEM98	9606
Q9Y2Y8	PRG3	9606
Q9Y2Y9	KLF13	9606
Q9Y2Z0	SUGT1	9606
Q9Y2Z2	MTO1	9606
Q9Y2Z4	YARS2	9606
Q9Y2Z9	COQ6	9606
Q9Y303	AMDHD2	9606
Q9Y305	ACOT9	9606
Q9Y312	AAR2	9606
Q9Y314	NOSIP	9606
Q9Y315	DERA	9606
Q9Y316	MEMO1	9606
Q9Y320	TMX2	9606
Q9Y324	FCF1	9606
Q9Y328	NSG2	9606
Q9Y330	ZBTB12	9606
Q9Y333	LSM2	9606
Q9Y334	VWA7	9606
Q9Y336	SIGLEC9	9606
Q9Y337	KLK5	9606
Q9Y342	PLLP	9606
Q9Y343	SNX24	9606
Q9Y345	SLC6A5	9606
Q9Y365	STARD10	9606
Q9Y366	IFT52	9606
Q9Y371	SH3GLB1	9606
Q9Y375	NDUFAF1	9606
Q9Y376	CAB39	9606
Q9Y383	LUC7L2	9606
Q9Y385	UBE2J1	9606
Q9Y388	RBMX2	9606
Q9Y394	DHRS7	9606
Q9Y397	ZDHHC9	9606
Q9Y399	MRPS2	9606
Q9Y3A0	COQ4	9606
Q9Y3A2	UTP11	9606
Q9Y3A3	MOB4	9606
Q9Y3A4	RRP7A	9606
Q9Y3A5	SBDS	9606
Q9Y3A6	TMED5	9606
Q9Y3B1	PRELID3B	9606
Q9Y3B2	EXOSC1	9606
Q9Y3B3	TMED7	9606
Q9Y3B4	SF3B6	9606
Q9Y3B6	EMC9	9606
Q9Y3B7	MRPL11	9606
Q9Y3B8	REXO2	9606
Q9Y3B9	RRP15	9606
Q9Y3C0	WASHC3	9606
Q9Y3C1	NOP16	9606
Q9Y3C4	TPRKB	9606
Q9Y3C5	RNF11	9606
Q9Y3C6	PPIL1	9606
Q9Y3C7	MED31	9606
Q9Y3C8	UFC1	9606
Q9Y3D0	CIAO2B	9606
Q9Y3D2	MSRB2	9606
Q9Y3D3	MRPS16	9606
Q9Y3D5	MRPS18C	9606
Q9Y3D6	FIS1	9606
Q9Y3D7	PAM16	9606
Q9Y3D8	AK6	9606
Q9Y3D9	MRPS23	9606
Q9Y3E0	GOLT1B	9606
Q9Y3E1	HDGFL3	9606
Q9Y3E2	BOLA1	9606
Q9Y3E5	PTRH2	9606
Q9Y3E7	CHMP3	9606
Q9Y3F4	STRAP	9606
Q9Y3I0	RTCB	9606
Q9Y3I1	FBXO7	9606
Q9Y3L3	SH3BP1	9606
Q9Y3L5	RAP2C	9606
Q9Y3M2	CBY1	9606
Q9Y3M8	STARD13	9606
Q9Y3M9	ZNF337	9606
Q9Y3N9	OR2W1	9606
Q9Y3P4	RHBDD3	9606
Q9Y3P8	SIT1	9606
Q9Y3P9	RABGAP1	9606
Q9Y3Q0	NAALAD2	9606
Q9Y3Q3	TMED3	9606
Q9Y3Q4	HCN4	9606
Q9Y3Q7	ADAM18	9606
Q9Y3Q8	TSC22D4	9606
Q9Y3R0	GRIP1	9606
Q9Y3R4	NEU2	9606
Q9Y3R5	DOP1B	9606
Q9Y3S1	WNK2	9606
Q9Y3S2	ZNF330	9606
Q9Y3T6	R3HCC1	9606
Q9Y3T9	NOC2L	9606
Q9Y3U8	RPL36	9606
Q9Y3V2	RWDD3	9606
Q9Y3X0	CCDC9	9606
Q9Y3Y2	CHTOP	9606
Q9Y3Y4	PYGO1	9606
Q9Y3Z3	SAMHD1	9606
Q9Y421	FAM32A	9606
Q9Y426	C2CD2	9606
Q9Y442	YWHAH-AS1	9606
Q9Y446	PKP3	9606
Q9Y448	KNSTRN	9606
Q9Y450	HBS1L	9606
Q9Y458	TBX22	9606
Q9Y462	ZNF711	9606
Q9Y463	DYRK1B	9606
Q9Y466	NR2E1	9606
Q9Y467	SALL2	9606
Q9Y468	L3MBTL1	9606
Q9Y471	CMAHP	9606
Q9Y473	ZNF175	9606
Q9Y478	PRKAB1	9606
Q9Y483	MTF2	9606
Q9Y484	WDR45	9606
Q9Y485	DMXL1	9606
Q9Y487	ATP6V0A2	9606
Q9Y490	TLN1	9606
Q9Y493	ZAN	9606
Q9Y496	KIF3A	9606
Q9Y4A0	JRKL	9606
Q9Y4A5	TRRAP	9606
Q9Y4A8	NFE2L3	9606
Q9Y4A9	OR10H1	9606
Q9Y4B4	RAD54L2	9606
Q9Y4B5	MTCL1	9606
Q9Y4B6	DCAF1	9606
Q9Y4C0	NRXN3	9606
Q9Y4C1	KDM3A	9606
Q9Y4C2	TCAF1	9606
Q9Y4C4	MFHAS1	9606
Q9Y4C5	CHST2	9606
Q9Y4C8	RBM19	9606
Q9Y4D1	DAAM1	9606
Q9Y4D2	DAGLA	9606
Q9Y4D7	PLXND1	9606
Q9Y4D8	HECTD4	9606
Q9Y4E1	WASHC2C	9606
Q9Y4E5	ZNF451	9606
Q9Y4E6	WDR7	9606
Q9Y4E8	USP15	9606
Q9Y4F1	FARP1	9606
Q9Y4F3	MARF1	9606
Q9Y4F4	TOGARAM1	9606
Q9Y4F5	CEP170B	9606
Q9Y4F9	RIPOR2	9606
Q9Y4G2	PLEKHM1	9606
Q9Y4G6	TLN2	9606
Q9Y4G8	RAPGEF2	9606
Q9Y4H2	IRS2	9606
Q9Y4H4	GPSM3	9606
Q9Y4I1	MYO5A	9606
Q9Y4I5	TESMIN	9606
Q9Y4J8	DTNA	9606
Q9Y4K0	LOXL2	9606
Q9Y4K1	CRYBG1	9606
Q9Y4K3	TRAF6	9606
Q9Y4K4	MAP4K5	9606
Q9Y4L1	HYOU1	9606
Q9Y4L5	RNF115	9606
Q9Y4M8	LINC00588	9606
Q9Y4P1	ATG4B	9606
Q9Y4P3	TBL2	9606
Q9Y4P8	WIPI2	9606
Q9Y4P9	SPEF1	9606
Q9Y4R7	TTLL3	9606
Q9Y4R8	TELO2	9606
Q9Y4U1	MMACHC	9606
Q9Y4W2	LAS1L	9606
Q9Y4W6	AFG3L2	9606
Q9Y4X0	AMMECR1	9606
Q9Y4X3	CCL27	9606
Q9Y4X4	KLF12	9606
Q9Y4X5	ARIH1	9606
Q9Y4Y9	LSM5	9606
Q9Y4Z0	LSM4	9606
Q9Y4Z2	NEUROG3	9606
Q9Y508	RNF114	9606
Q9Y512	SAMM50	9606
Q9Y519	TMEM184B	9606
Q9Y520	PRRC2C	9606
Q9Y530	OARD1	9606
Q9Y534	CSDC2	9606
Q9Y535	POLR3H	9606
Q9Y536	PPIAL4A	9606
Q9Y543	HES2	9606
Q9Y546	LRRC42	9606
Q9Y547	IFT25	9606
Q9Y548	YIPF1	9606
Q9Y561	LRP12	9606
Q9Y566	SHANK1	9606
Q9Y570	PPME1	9606
Q9Y572	RIPK3	9606
Q9Y573	IPP	9606
Q9Y574	ASB4	9606
Q9Y575	ASB3	9606
Q9Y576	ASB1	9606
Q9Y577	TRIM17	9606
Q9Y580	RBM7	9606
Q9Y581	INSL6	9606
Q9Y584	TIMM22	9606
Q9Y585	OR1A2	9606
Q9Y586	MAB21L2	9606
Q9Y587	AP4S1	9606
Q9Y592	CEP83	9606
Q9Y597	KCTD3	9606
Q9Y5A6	ZSCAN21	9606
Q9Y5A7	NUB1	9606
Q9Y5A9	YTHDF2	9606
Q9Y5B0	CTDP1	9606
Q9Y5B6	PAXBP1	9606
Q9Y5B8	NME7	9606
Q9Y5B9	SUPT16H	9606
Q9Y5C1	ANGPTL3	9606
Q9Y5E1	PCDHB9	9606
Q9Y5E2	PCDHB7	9606
Q9Y5E3	PCDHB6	9606
Q9Y5E4	PCDHB5	9606
Q9Y5E5	PCDHB4	9606
Q9Y5E6	PCDHB3	9606
Q9Y5E7	PCDHB2	9606
Q9Y5E8	PCDHB15	9606
Q9Y5E9	PCDHB14	9606
Q9Y5F0	PCDHB13	9606
Q9Y5F1	PCDHB12	9606
Q9Y5F2	PCDHB11	9606
Q9Y5F3	PCDHB1	9606
Q9Y5F6	PCDHGC5	9606
Q9Y5F7	PCDHGC4	9606
Q9Y5F8	PCDHGB7	9606
Q9Y5F9	PCDHGB6	9606
Q9Y5G0	PCDHGB5	9606
Q9Y5G1	PCDHGB3	9606
Q9Y5G2	PCDHGB2	9606
Q9Y5G3	PCDHGB1	9606
Q9Y5G4	PCDHGA9	9606
Q9Y5G5	PCDHGA8	9606
Q9Y5G6	PCDHGA7	9606
Q9Y5G7	PCDHGA6	9606
Q9Y5G8	PCDHGA5	9606
Q9Y5G9	PCDHGA4	9606
Q9Y5H0	PCDHGA3	9606
Q9Y5H1	PCDHGA2	9606
Q9Y5H2	PCDHGA11	9606
Q9Y5H3	PCDHGA10	9606
Q9Y5H4	PCDHGA1	9606
Q9Y5H5	PCDHA9	9606
Q9Y5H6	PCDHA8	9606
Q9Y5H7	PCDHA5	9606
Q9Y5H8	PCDHA3	9606
Q9Y5H9	PCDHA2	9606
Q9Y5I0	PCDHA13	9606
Q9Y5I1	PCDHA11	9606
Q9Y5I2	PCDHA10	9606
Q9Y5I3	PCDHA1	9606
Q9Y5I4	PCDHAC2	9606
Q9Y5I7	CLDN16	9606
Q9Y5J1	UTP18	9606
Q9Y5J3	HEY1	9606
Q9Y5J5	PHLDA3	9606
Q9Y5J6	TIMM10B	9606
Q9Y5J7	TIMM9	9606
Q9Y5J9	TIMM8B	9606
Q9Y5K1	SPO11	9606
Q9Y5K2	KLK4	9606
Q9Y5K3	PCYT1B	9606
Q9Y5K5	UCHL5	9606
Q9Y5K6	CD2AP	9606
Q9Y5K8	ATP6V1D	9606
Q9Y5L0	TNPO3	9606
Q9Y5L2	HILPDA	9606
Q9Y5L3	ENTPD2	9606
Q9Y5L4	TIMM13	9606
Q9Y5L5	LENEP	9606
Q9Y5M1	FAM215A	9606
Q9Y5M8	SRPRB	9606
Q9Y5N1	HRH3	9606
Q9Y5N5	HEMK2	9606
Q9Y5N6	ORC6	9606
Q9Y5P0	OR51B4	9606
Q9Y5P1	OR51B2	9606
Q9Y5P2	CSAG2; CSAG3	9606
Q9Y5P3	RAI2	9606
Q9Y5P4	CERT1	9606
Q9Y5P6	GMPPB	9606
Q9Y5P8	PPP2R3B	9606
Q9Y5Q0	FADS3	9606
Q9Y5Q3	MAFB	9606
Q9Y5Q5	CORIN	9606
Q9Y5Q6	INSL5	9606
Q9Y5Q8	GTF3C5	9606
Q9Y5Q9	GTF3C3	9606
Q9Y5R2	MMP24	9606
Q9Y5R4	HEMK1	9606
Q9Y5R5	DMRT2	9606
Q9Y5R6	DMRT1	9606
Q9Y5R8	TRAPPC1	9606
Q9Y5S1	TRPV2	9606
Q9Y5S2	CDC42BPB	9606
Q9Y5S8	NOX1	9606
Q9Y5S9	RBM8A	9606
Q9Y5T4	DNAJC15	9606
Q9Y5T5	USP16	9606
Q9Y5U2	TSSC4	9606
Q9Y5U4	INSIG2	9606
Q9Y5U5	TNFRSF18	9606
Q9Y5U8	MPC1	9606
Q9Y5U9	IER3IP1	9606
Q9Y5V0	ZNF706	9606
Q9Y5V3	MAGED1	9606
Q9Y5W3	KLF2	9606
Q9Y5W5	WIF1	9606
Q9Y5W7	SNX14	9606
Q9Y5W8	SNX13	9606
Q9Y5W9	SNX11	9606
Q9Y5X0	SNX10	9606
Q9Y5X1	SNX9	9606
Q9Y5X2	SNX8	9606
Q9Y5X3	SNX5	9606
Q9Y5X4	NR2E3	9606
Q9Y5X5	NPFFR2	9606
Q9Y5X9	LIPG	9606
Q9Y5Y0	FLVCR1	9606
Q9Y5Y2	NUBP2	9606
Q9Y5Y3	GPR45	9606
Q9Y5Y4	PTGDR2	9606
Q9Y5Y5	PEX16	9606
Q9Y5Y6	ST14	9606
Q9Y5Y7	LYVE1	9606
Q9Y5Y9	SCN10A	9606
Q9Y5Z0	BACE2	9606
Q9Y5Z4	HEBP2	9606
Q9Y5Z6	B3GALT1	9606
Q9Y5Z7	HCFC2	9606
Q9Y5Z9	UBIAD1	9606
Q9Y600	CSAD	9606
Q9Y603	ETV7	9606
Q9Y605	MRFAP1	9606
Q9Y606	PUS1	9606
Q9Y608	LRRFIP2	9606
Q9Y613	FHOD1	9606
Q9Y614	ACTL7B	9606
Q9Y615	ACTL7A	9606
Q9Y616	IRAK3	9606
Q9Y617	PSAT1	9606
Q9Y618	NCOR2	9606
Q9Y619	SLC25A15	9606
Q9Y620	RAD54B	9606
Q9Y623	MYH4	9606
Q9Y624	F11R	9606
Q9Y625	GPC6	9606
Q9Y639	NPTN	9606
Q9Y644	RFNG	9606
Q9Y646	CPQ	9606
Q9Y651	SOX21	9606
Q9Y653	ADGRG1	9606
Q9Y657	SPIN1	9606
Q9Y661	HS3ST4	9606
Q9Y662	HS3ST3B1	9606
Q9Y663	HS3ST3A1	9606
Q9Y664	KPTN	9606
Q9Y666	SLC12A7	9606
Q9Y672	ALG6	9606
Q9Y673	ALG5	9606
Q9Y675	SNURF	9606
Q9Y676	MRPS18B	9606
Q9Y678	COPG1	9606
Q9Y679	AUP1	9606
Q9Y680	FKBP7	9606
Q9Y689	ARL5A	9606
Q9Y691	KCNMB2	9606
Q9Y692	GMEB1	9606
Q9Y693	LHFPL6	9606
Q9Y694	SLC22A7	9606
Q9Y696	CLIC4	9606
Q9Y697	NFS1	9606
Q9Y698	CACNG2	9606
Q9Y6A1	POMT1	9606
Q9Y6A2	CYP46A1	9606
Q9Y6A4	CFAP20	9606
Q9Y6A5	TACC3	9606
Q9Y6A9	SPCS1	9606
Q9Y6B2	EID1	9606
Q9Y6B6	SAR1B	9606
Q9Y6B7	AP4B1	9606
Q9Y6C2	EMILIN1	9606
Q9Y6C5	PTCH2	9606
Q9Y6C7	LINC00312	9606
Q9Y6C9	MTCH2	9606
Q9Y6D0	SELENOK	9606
Q9Y6D5	ARFGEF2	9606
Q9Y6D6	ARFGEF1	9606
Q9Y6D9	MAD1L1	9606
Q9Y6E0	STK24	9606
Q9Y6E2	BZW2	9606
Q9Y6E7	SIRT4	9606
Q9Y6F1	PARP3	9606
Q9Y6F6	IRAG1	9606
Q9Y6F7	CDY2A; CDY2B	9606
Q9Y6F8	CDY1; CDY1B	9606
Q9Y6F9	WNT6	9606
Q9Y6G1	TMEM14A	9606
Q9Y6G3	MRPL42	9606
Q9Y6G5	COMMD10	9606
Q9Y6G9	DYNC1LI1	9606
Q9Y6H1	CHCHD2	9606
Q9Y6H3	ATP23	9606
Q9Y6H5	SNCAIP	9606
Q9Y6H6	KCNE3	9606
Q9Y6H8	GJA3	9606
Q9Y6I0	ERVK-6	9606
Q9Y6I3	EPN1	9606
Q9Y6I4	USP3	9606
Q9Y6I7	WSB1	9606
Q9Y6I8	PXMP4	9606
Q9Y6I9	TEX264	9606
Q9Y6J0	CABIN1	9606
Q9Y6J3	SMAD5-AS1	9606
Q9Y6J6	KCNE2	9606
Q9Y6J8	STYXL1	9606
Q9Y6J9	TAF6L	9606
Q9Y6K0	CEPT1	9606
Q9Y6K1	DNMT3A	9606
Q9Y6K5	OAS3	9606
Q9Y6K8	AK5	9606
Q9Y6K9	IKBKG	9606
Q9Y6L6	SLCO1B1	9606
Q9Y6L7	TLL2	9606
Q9Y6M0	PRSS21	9606
Q9Y6M1	IGF2BP2	9606
Q9Y6M4	CSNK1G3	9606
Q9Y6M5	SLC30A1	9606
Q9Y6M7	SLC4A7	9606
Q9Y6M9	NDUFB9	9606
Q9Y6N1	COX11	9606
Q9Y6N5	SQOR	9606
Q9Y6N6	LAMC3	9606
Q9Y6N7	ROBO1	9606
Q9Y6N8	CDH10	9606
Q9Y6N9	USH1C	9606
Q9Y6P5	SESN1	9606
Q9Y6Q1	CAPN6	9606
Q9Y6Q2	STON1	9606
Q9Y6Q3	ZFP37	9606
Q9Y6Q5	AP1M2	9606
Q9Y6Q6	TNFRSF11A	9606
Q9Y6Q9	NCOA3	9606
Q9Y6R0	NUMBL	9606
Q9Y6R1	SLC4A4	9606
Q9Y6R4	MAP3K4	9606
Q9Y6R6	ZNF780B	9606
Q9Y6R7	FCGBP	9606
Q9Y6R9	CCDC61	9606
Q9Y6S9	RPS6KL1	9606
Q9Y6T7	DGKB	9606
Q9Y6U3	SCIN	9606
Q9Y6U7	RNF215	9606
Q9Y6V0	PCLO	9606
Q9Y6V7	DDX49	9606
Q9Y6W3	CAPN7	9606
Q9Y6W5	WASF2	9606
Q9Y6W6	DUSP10	9606
Q9Y6W8	ICOS	9606
Q9Y6X0	SETBP1	9606
Q9Y6X1	SERP1	9606
Q9Y6X2	PIAS3	9606
Q9Y6X3	MAU2	9606
Q9Y6X4	FAM169A	9606
Q9Y6X5	ENPP4	9606
Q9Y6X6	MYO16	9606
Q9Y6X8	ZHX2	9606
Q9Y6X9	MORC2	9606
Q9Y6Y0	IVNS1ABP	9606
Q9Y6Y1	CAMTA1	9606
Q9Y6Y8	SEC23IP	9606
Q9Y6Y9	LY96	9606
Q9Y6Z4	KIF25-AS1	9606
Q9Y6Z7	COLEC10	9606
Q9YNA8	ERVK-19	9606
Q9Z0D9	Cx3cr1	10090
Q9Z0E0	Ncdn	10090
Q9Z0E1	M1ap	10090
Q9Z0E2	Chrd	10090
Q9Z0E3	Aire	10090
Q9Z0E6	Gbp2	10090
Q9Z0E8	Slc22a5	10090
Q9Z0F0	B3galt4	10090
Q9Z0F1	Gnas	10090
Q9Z0F3	Bcl2l10	10090
Q9Z0F4	Cib1	10090
Q9Z0F5	Ch25h	10090
Q9Z0F6	Rad9a	10090
Q9Z0F7	Sncg	10090
Q9Z0F8	Adam17	10090
Q9Z0G0	Gipc1	10090
Q9Z0G2	Srpk3	10090
Q9Z0G4	Ccn5	10090
Q9Z0G7	Zbtb22	10090
Q9Z0G9	Cldn3	10090
Q9Z0H0	Cdc7	10090
Q9Z0H1	Wdr46	10090
Q9Z0H3	Smarcb1	10090
Q9Z0H4	Celf2	10090
Q9Z0H6	Cst9	10090
Q9Z0H7	Bcl10	10090
Q9Z0H8	Clip2	10090
Q9Z0I6	Slfn2	10090
Q9Z0I7	Slfn1	10090
Q9Z0J0	Npc2	10090
Q9Z0J1	Reck	10090
Q9Z0J4	Nos1	10090
Q9Z0J7	Gdf15	10090
Q9Z0K7	Slurp1	10090
Q9Z0K8	Vnn1	10090
Q9Z0L0	Tpbg	10090
Q9Z0L1	S1pr4	10090
Q9Z0L2	Artn	10090
Q9Z0L3	Oc90	10090
Q9Z0L4	Bmp15	10090
Q9Z0L6	Pth	10090
Q9Z0L8	Ggh	10090
Q9Z0M1	Klk4	10090
Q9Z0M3	Cdh20	10090
Q9Z0M5	Lipa	10090
Q9Z0M6	Adgre5	10090
Q9Z0M9	Il18bp	10090
Q9Z0N1	Eif2s3x	10090
Q9Z0N2	Eif2s3y	10090
Q9Z0P4	Palm	10090
Q9Z0P5	Twf2	10090
Q9Z0P7	Sufu	10090
Q9Z0R0	Haspin	10090
Q9Z0R4	Itsn1	10090
Q9Z0R6	Itsn2	10090
Q9Z0R9	Fads2	10090
Q9Z0S1	Bpnt1	10090
Q9Z0S2	Lhx2	10090
Q9Z0S3	Cldn14	10090
Q9Z0S4	Cldn13	10090
Q9Z0S5	Cldn15	10090
Q9Z0S6	Cldn10	10090
Q9Z0S7	Cldn9	10090
Q9Z0S9	Rabac1	10090
Q9Z0T6	Pkdrej	10090
Q9Z0T9	Itgb6	10090
Q9Z0U0	Xpr1	10090
Q9Z0U1	Tjp2	10090
Q9Z0U9	S1pr3	10090
Q9Z0V1	Kcnd3	10090
Q9Z0V2	Kcnd2	10090
Q9Z0V7	Timm17b	10090
Q9Z0V8	Timm17a	10090
Q9Z0W1	Ngfr	10090
Q9Z0W3	Nup160	10090
Q9Z0X0	Cdc42ep5	10090
Q9Z0X1	Aifm1	10090
Q9Z0X4	Pde3a	10090
Q9Z0Y1	Dctn3	10090
Q9Z0Y2	Pla2g1b	10090
Q9Z0Y7	Irs4	10090
Q9Z0Y9	Nr1h3	10090
Q9Z0Z3	Skp2	10090
Q9Z0Z4	Heph	10090
Q9Z0Z7	Klf5	10090
Q9Z100	Cpxm1	10090
Q9Z101	Pard6a	10090
Q9Z103	Adnp	10090
Q9Z104	Hmg20b	10090
Q9Z108	Stau1	10090
Q9Z109	Vsig2	10090
Q9Z110	Aldh18a1	10090
Q9Z111	Gadd45g	10090
Q9Z120	Mettl1	10090
Q9Z121	Ccl8	10090
Q9Z123	Sema4f	10090
Q9Z125	Creb3l1	10090
Q9Z126	Pf4	10090
Q9Z127	Slc7a5	10090
Q9Z129	Recql	10090
Q9Z130	Hnrnpdl	10090
Q9Z131	Sh3bp5	10090
Q9Z132	Rspo1	10090
Q9Z138	Ror2	10090
Q9Z139	Ror1	10090
Q9Z140	Cpne6	10090
Q9Z148	Ehmt2	10090
Q9Z160	Cog1	10090
Q9Z172	Sumo3	10090
Q9Z175	Loxl3	10090
Q9Z176	Ppp2r3d	10090
Q9Z179	Shcbp1	10090
Q9Z180	Setbp1	10090
Q9Z183	Padi4	10090
Q9Z184	Padi3	10090
Q9Z185	Padi1	10090
Q9Z186	G6pc2	10090
Q9Z188	Dyrk1b	10090
Q9Z191	Eya4	10090
Q9Z199	Supt4h1b	10090
Q9Z1A9	Tbc1d8	10090
Q9Z1B3	Plcb1	10090
Q9Z1B5	Mad2l1	10090
Q9Z1B7	Mapk13	10090
Q9Z1B8	Phf1	10090
Q9Z1D1	Eif3g	10090
Q9Z1D7	Zscan12	10090
Q9Z1D8	Zkscan5	10090
Q9Z1D9	Znf394	10090
Q9Z1E3	Nfkbia	10090
Q9Z1E4	Gys1	10090
Q9Z1F6	Cnmd	10090
Q9Z1F9	Uba2	10090
Q9Z1G3	Atp6v1c1	10090
Q9Z1G4	Atp6v0a1	10090
Q9Z1J1	Tcf7l1	10090
Q9Z1J2	Nek4	10090
Q9Z1J3	Nfs1	10090
Q9Z1K5	Arih1	10090
Q9Z1K6	Arih2	10090
Q9Z1K7	Apc2	10090
Q9Z1K8	Slc7a7	10090
Q9Z1L2	Syngr4	10090
Q9Z1L3	Dedd	10090
Q9Z1L4	Rs1	10090
Q9Z1L5	Cacna2d3	10090
Q9Z1M0	P2rx7	10090
Q9Z1M4	Rps6kb2	10090
Q9Z1M7	Large1	10090
Q9Z1M8	Ik	10090
Q9Z1N2	Orc1	10090
Q9Z1N5	Ddx39b	10090
Q9Z1N6	Sfrp4	10090
Q9Z1N7	Arid3b	10090
Q9Z1N9	Unc13b	10090
Q9Z1P4	Lgr5	10090
Q9Z1P5	Cd320	10090
Q9Z1P6	Ndufa7	10090
Q9Z1P7	Kank3	10090
Q9Z1P8	Angptl4	10090
Q9Z1Q2	Abhd16a	10090
Q9Z1Q3	Ly6g6d	10090
Q9Z1Q4	Ly6g6c	10090
Q9Z1Q5	Clic1	10090
Q9Z1Q9	Vars1	10090
Q9Z1R2	Bag6	10090
Q9Z1R3	Apom	10090
Q9Z1R4	D17h6s53e	10090
Q9Z1S0	Bub1b	10090
Q9Z1S3	Rasgrp1	10090
Q9Z1S5	Septin3	10090
Q9Z1S8	Gab2	10090
Q9Z1T1	Ap3b1	10090
Q9Z1T2	Thbs4	10090
Q9Z1T5	Deaf1	10090
Q9Z1T6	Pikfyve	10090
Q9Z1V0	Or6e1	10090
Q9Z1W4	Gdf11	10090
Q9Z1W5	Serp1	10090
Q9Z1W8	Atp12a	10090
Q9Z1W9	Stk39	10090
Q9Z1X0	Ccl27	10090
Q9Z1X2	Ptdss2	10090
Q9Z1X4	Ilf3	10090
Q9Z1X9	Cdc45	10090
Q9Z1Y4	Trip6	10090
Q9Z1Y9	Dio2	10090
Q9Z1Z0	Uso1	10090
Q9Z1Z2	Strap	10090
Q9Z204	Hnrnpc	10090
Q9Z205	Rfxank	10090
Q9Z206	Net1	10090
Q9Z207	Diaph3	10090
Q9Z210	Pex11b	10090
Q9Z211	Pex11a	10090
Q9Z218	Dpp6	10090
Q9Z222	B3GNT2	10090
Q9Z223	Mocs2	10090
Q9Z224	Mocs2	10090
Q9Z238	Ccne2	10090
Q9Z239	Fxyd1	10090
Q9Z247	Fkbp9	10090
Q9Z248	Aebp2	10090
Q9Z255	Ube2a	10090
Q9Z260	Cldn8	10090
Q9Z261	Cldn7	10090
Q9Z262	Cldn6	10090
Q9Z265	Chek2	10090
Q9Z266	Snapin	10090
Q9Z268	Rasal1	10090
Q9Z273	Tulp1	10090
Q9Z275	Rlbp1	10090
Q9Z277	Baz1b	10090
Q9Z280	Pld1	10090
Q9Z282	Gpr132	10090
Q9Z287	Krtap12-1	10090
Q9Z2A0	Pdpk1	10090
Q9Z2A5	Ate1	10090
Q9Z2A7	Dgat1	10090
Q9Z2A9	Ggt5	10090
Q9Z2B1	Il18rap	10090
Q9Z2B2	Slc25a14	10090
Q9Z2B3	Rgr	10090
Q9Z2B5	Eif2ak3	10090
Q9Z2B9	Rps6ka4	10090
Q9Z2C4	Mtmr1	10090
Q9Z2C5	Mtm1	10090
Q9Z2C6	Upk1b	10090
Q9Z2C8	Ybx2	10090
Q9Z2C9	Mtmr7	10090
Q9Z2D0	Mtmr9	10090
Q9Z2D1	Mtmr2	10090
Q9Z2D3	Gsdme	10090
Q9Z2D6	Mecp2	10090
Q9Z2D7	Mbd4	10090
Q9Z2D8	Mbd3	10090
Q9Z2E1	Mbd2	10090
Q9Z2E2	Mbd1	10090
Q9Z2E3	Ern2	10090
Q9Z2E4	Ppp1r17	10090
Q9Z2E5	Atoh7	10090
Q9Z2E9	Bscl2	10090
Q9Z2F2	Oasl2	10090
Q9Z2F6	Bcl3	10090
Q9Z2F7	Bnip3l	10090
Q9Z2G0	Fem1b	10090
Q9Z2G1	Fem1aa	10090
Q9Z2G6	Sel1l	10090
Q9Z2G9	Htatip2	10090
Q9Z2H1	Rgs11	10090
Q9Z2H2	Rgs6	10090
Q9Z2H5	Epb41l1	10090
Q9Z2H6	Clec4d	10090
Q9Z2H7	Gipc2	10090
Q9Z2I0	Letm1	10090
Q9Z2I2	Fkbp1b	10090
Q9Z2I4	Robo3	10090
Q9Z2I8	Suclg2	10090
Q9Z2I9	Sucla2	10090
Q9Z2J0	Slc23a1	10090
Q9Z2J6	Ptgdr2	10090
Q9Z2K1	Krt16	10090
Q9Z2L6	Minpp1	10090
Q9Z2L7	Crlf3	10090
Q9Z2M6	Ubl3	10090
Q9Z2M7	Pmm2	10090
Q9Z2N8	Actl6a	10090
Q9Z2P8	Vamp5	10090
Q9Z2Q2	Knop1	10090
Q9Z2Q5	Mrpl40	10090
Q9Z2Q6	Septin5	10090
Q9Z2R6	Unc119	10090
Q9Z2R9	Eif2ak1	10090
Q9Z2S7	Tsc22d3	10090
Q9Z2T1	Kcnk7	10090
Q9Z2T6	Krt85	10090
Q9Z2U0	Psma7	10090
Q9Z2U1	Psma5	10090
Q9Z2U2	Zfp292	10090
Q9Z2U4	Elf4	10090
Q9Z2V4	Pck1	10090
Q9Z2V5	Hdac6	10090
Q9Z2V6	Hdac5	10090
Q9Z2V9	Ccni	10090
Q9Z2W0	Dnpep	10090
Q9Z2W1	Stk25	10090
Q9Z2W8	Gria4	10090
Q9Z2W9	Gria3	10090
Q9Z2X1	Hnrnpf	10090
Q9Z2X2	Psmd10	10090
Q9Z2X8	Keap1	10090
Q9Z2Y2	B4galt2	10090
Q9Z2Y3	Homer1	10090
Q9Z2Y8	Plpbp	10090
Q9Z2Z6	Slc25a20	10090
Q9Z2Z9	Gfpt2	10090
Q9Z304	Mycs	10090
Q9Z306	Slc22a4	10090
Q9Z307	Kcnj16	10090
Q9Z309	Cib2	10090
Q9Z315	Sart1	10090
Q9Z319	Corin	10090
Q9Z320	Krt27	10090
Q9Z321	Top3b	10090
Q9Z324	Dpm2	10090
Q9Z329	Itpr2	10090
Q9Z331	Krt6b	10090
Q9Z351	Kcnq2	10090
S4R1M9	Osbpl10	10090
S4R2K0	Pdf	10090
S4R2P9	Slc8a3	10090
S4R3P1	MTRNR2L13	9606
S4R3Y5	MTRNR2L11	9606
T1NXB5	Vstm4	10090
U3KPV4	A3GALT2	9606
V9GWY9	Obox8	10090
V9GX91	Nav2	10090
V9GXG1	Slfn14	10090
V9GXK1	Pierce2	10090
W5XKT8	SPACA6	9606
W6CW81	PYDC5	9606
W8DXL4	Lrit3	10090
X6R8D5	CIMIP3	9606
X6R8R1	SYT15B	9606
